player_id,hunt_date,hunt_id,wanderer,stage,companion,cleared,clear_secs,hp_left_pct,stars
727074,2025-10-12,1029,Lemonette,9,Caleb,TRUE,40,53,3
295482,2025-12-18,4682,Pumpkin Magus,9,Sylus,TRUE,83,72,3
413814,2025-12-24,4820,Pumpkin Magus,6,Caleb,TRUE,150,25,1
866899,2025-11-17,5053,Lemonette,1,Xavier,TRUE,61,52,3
148823,2025-12-24,4985,Heartbreaker,5,Caleb,TRUE,41,7,2
737417,2025-12-06,9300,Pumpkin Magus,7,Sylus,FALSE,118,44,0
341171,2025-07-22,8516,Heartbreaker,8,Zayne,FALSE,33,7,0
610399,2025-10-26,8920,Pumpkin Magus,2,Rafayel,TRUE,59,0,2
511550,2025-08-21,8254,Snoozer,6,Zayne,TRUE,65,7,2
574796,2025-10-17,4580,Lemonette,7,Caleb,TRUE,97,48,1
424742,2025-12-01,5849,Mr. Beanie,6,Xavier,TRUE,97,16,1
531336,2025-07-03,2557,Mr. Beanie,6,Sylus,TRUE,36,67,3
954746,2025-11-13,7253,Lemonette,8,Sylus,FALSE,82,94,0
321584,2025-11-20,4145,Lemonette,9,Sylus,TRUE,77,92,3
676537,2025-07-06,2536,Heartbreaker,8,Xavier,TRUE,45,61,3
206823,2025-12-15,8759,Heartbreaker,6,Zayne,TRUE,58,8,2
771661,2025-10-02,8478,Mr. Beanie,1,Rafayel,TRUE,143,13,1
550768,2025-12-14,9019,Pumpkin Magus,4,Zayne,TRUE,57,14,2
277440,2025-12-03,3561,Snoozer,7,Zayne,TRUE,114,81,2
183736,2025-12-10,9455,Pumpkin Magus,9,Caleb,TRUE,121,8,1
385312,2025-12-06,3849,Pumpkin Magus,3,Caleb,TRUE,146,80,2
341171,2025-09-17,6790,Heartbreaker,8,Xavier,TRUE,112,56,2
771661,2025-12-28,3642,Heartbreaker,7,Zayne,TRUE,107,67,2
159745,2025-12-05,8816,Snoozer,6,Sylus,TRUE,70,61,3
742702,2025-12-20,6082,Mr. Beanie,9,Xavier,FALSE,70,40,0
832054,2025-06-15,6663,Lemonette,3,Sylus,TRUE,100,50,2
116606,2025-10-14,5695,Mr. Beanie,4,Caleb,FALSE,106,97,0
191060,2025-12-23,6184,Heartbreaker,5,Xavier,TRUE,113,93,2
737417,2025-03-02,6350,Snoozer,7,Sylus,TRUE,33,69,3
521864,2025-09-08,1819,Heartbreaker,9,Rafayel,TRUE,108,97,2
609844,2025-12-18,3820,Pumpkin Magus,6,Xavier,TRUE,62,3,2
752173,2025-01-17,3150,Mr. Beanie,2,Caleb,TRUE,66,1,2
275820,2025-11-25,5612,Mr. Beanie,5,Rafayel,TRUE,37,80,3
696505,2025-12-14,3125,Snoozer,9,Caleb,TRUE,67,60,3
727074,2025-10-07,6276,Mr. Beanie,8,Rafayel,FALSE,118,8,0
549912,2025-12-21,2417,Snoozer,4,Sylus,FALSE,147,52,0
313253,2025-10-18,3261,Pumpkin Magus,5,Xavier,TRUE,117,5,1
295482,2025-11-30,3830,Mr. Beanie,9,Caleb,TRUE,96,56,2
700465,2025-11-11,3719,Pumpkin Magus,5,Zayne,TRUE,91,39,1
605258,2025-09-01,8538,Snoozer,3,Rafayel,TRUE,40,61,3
369683,2025-07-31,9995,Snoozer,6,Zayne,TRUE,123,55,2
347272,2025-11-14,1501,Lemonette,2,Rafayel,TRUE,77,100,3
328801,2025-12-09,4214,Pumpkin Magus,8,Zayne,FALSE,147,79,0
964988,2025-11-22,5731,Mr. Beanie,5,Xavier,TRUE,108,22,1
429077,2025-10-27,9513,Snoozer,5,Caleb,TRUE,146,46,1
474358,2025-12-05,8207,Heartbreaker,7,Xavier,TRUE,125,27,1
369683,2025-09-30,9417,Heartbreaker,8,Rafayel,TRUE,32,49,2
372956,2025-10-23,7919,Mr. Beanie,4,Xavier,TRUE,143,27,1
370682,2025-12-14,5206,Lemonette,4,Caleb,TRUE,133,60,2
338159,2025-10-26,7598,Lemonette,7,Rafayel,TRUE,106,4,1
422983,2025-12-31,7820,Snoozer,8,Caleb,TRUE,100,45,1
347272,2025-12-06,8327,Snoozer,2,Sylus,TRUE,88,23,2
742702,2025-04-03,3567,Mr. Beanie,1,Zayne,TRUE,51,20,2
954746,2025-11-30,4699,Snoozer,2,Caleb,TRUE,114,34,1
397240,2025-12-11,4465,Mr. Beanie,5,Xavier,TRUE,121,88,2
807218,2025-12-29,6975,Heartbreaker,1,Xavier,FALSE,97,83,0
834590,2025-11-28,1225,Heartbreaker,6,Sylus,TRUE,32,11,2
427353,2025-10-21,4301,Pumpkin Magus,9,Xavier,TRUE,140,56,2
882995,2025-10-03,6563,Snoozer,2,Sylus,TRUE,48,48,2
601689,2025-04-27,6595,Pumpkin Magus,5,Rafayel,TRUE,97,58,2
906557,2025-12-01,3957,Pumpkin Magus,2,Sylus,FALSE,63,57,0
609333,2025-11-08,2145,Mr. Beanie,8,Caleb,TRUE,68,68,3
338159,2025-12-15,6446,Pumpkin Magus,7,Caleb,TRUE,94,34,1
188966,2025-05-25,2851,Mr. Beanie,9,Rafayel,TRUE,46,21,2
882995,2025-10-28,6898,Lemonette,7,Zayne,TRUE,128,77,2
679812,2025-08-11,7280,Snoozer,1,Caleb,FALSE,121,64,0
769214,2025-10-21,2947,Pumpkin Magus,4,Caleb,TRUE,55,89,3
834590,2025-12-27,6806,Heartbreaker,3,Xavier,TRUE,46,79,3
906557,2025-10-31,7657,Snoozer,2,Zayne,TRUE,59,96,3
527818,2025-05-12,5370,Heartbreaker,2,Sylus,TRUE,54,32,2
451127,2025-12-16,5460,Lemonette,5,Sylus,TRUE,61,81,3
558280,2025-10-13,2245,Pumpkin Magus,4,Caleb,FALSE,36,62,0
950166,2025-12-11,6882,Snoozer,9,Rafayel,TRUE,133,62,2
474358,2025-06-03,4706,Mr. Beanie,5,Zayne,TRUE,56,63,3
474358,2025-12-21,4012,Heartbreaker,1,Sylus,TRUE,64,68,3
369938,2025-11-03,8777,Lemonette,3,Rafayel,TRUE,76,42,2
527818,2025-09-19,4862,Snoozer,8,Xavier,TRUE,82,15,2
277440,2025-12-08,4258,Snoozer,1,Zayne,FALSE,78,15,0
359981,2025-07-29,5306,Pumpkin Magus,3,Xavier,TRUE,104,19,1
804587,2025-10-12,1682,Lemonette,1,Caleb,TRUE,82,59,3
453795,2025-03-15,5163,Snoozer,9,Caleb,TRUE,108,75,2
727074,2025-09-01,6037,Pumpkin Magus,6,Caleb,FALSE,141,69,0
514937,2025-11-14,2280,Heartbreaker,4,Rafayel,TRUE,120,17,1
632495,2025-10-20,5032,Lemonette,6,Xavier,FALSE,126,27,0
888797,2025-09-12,7275,Snoozer,6,Xavier,TRUE,89,99,3
429077,2025-07-02,6998,Pumpkin Magus,5,Zayne,TRUE,150,97,2
328801,2025-12-18,4900,Snoozer,1,Caleb,TRUE,57,95,3
111393,2025-12-12,4122,Heartbreaker,6,Zayne,TRUE,103,15,1
747344,2025-03-21,4880,Pumpkin Magus,1,Zayne,TRUE,145,28,1
609844,2025-06-10,1210,Snoozer,9,Sylus,TRUE,52,0,2
527818,2025-09-26,7675,Heartbreaker,3,Caleb,FALSE,90,67,0
504266,2025-08-21,9685,Snoozer,3,Xavier,FALSE,105,4,0
277440,2025-11-03,4959,Lemonette,6,Xavier,TRUE,49,84,3
127337,2025-12-16,2674,Mr. Beanie,1,Sylus,TRUE,136,88,2
348649,2025-12-26,3805,Mr. Beanie,7,Caleb,TRUE,89,42,2
341171,2025-08-20,9465,Mr. Beanie,7,Zayne,FALSE,72,57,0
832054,2025-05-05,7979,Snoozer,6,Zayne,TRUE,128,38,1
772764,2025-03-09,6496,Lemonette,7,Zayne,TRUE,130,96,2
846632,2025-10-21,4846,Pumpkin Magus,9,Sylus,TRUE,40,82,3
206823,2025-12-24,7841,Snoozer,8,Caleb,TRUE,71,76,3
772764,2025-05-05,9494,Pumpkin Magus,6,Rafayel,TRUE,79,29,2
834674,2025-11-17,8367,Lemonette,9,Caleb,TRUE,119,22,1
866987,2025-11-17,8730,Snoozer,6,Zayne,TRUE,125,66,2
538454,2025-11-14,1933,Mr. Beanie,2,Caleb,TRUE,114,80,2
834590,2025-10-23,1493,Lemonette,4,Rafayel,TRUE,46,93,3
390817,2025-12-31,6273,Lemonette,8,Xavier,TRUE,110,47,1
369938,2025-07-29,8246,Lemonette,8,Caleb,FALSE,139,7,0
555693,2025-07-12,3743,Lemonette,2,Zayne,TRUE,87,81,3
370682,2025-12-07,7972,Mr. Beanie,4,Sylus,TRUE,57,38,2
795855,2025-06-08,1136,Lemonette,7,Caleb,TRUE,115,93,2
121283,2025-12-30,5740,Mr. Beanie,1,Rafayel,TRUE,94,49,1
478328,2025-08-27,3136,Pumpkin Magus,1,Sylus,TRUE,73,12,2
924592,2025-11-14,4855,Lemonette,4,Xavier,TRUE,114,35,1
379379,2025-07-03,1248,Mr. Beanie,4,Rafayel,TRUE,80,52,3
771041,2025-07-22,8390,Pumpkin Magus,6,Zayne,TRUE,144,25,1
728074,2025-12-02,6809,Heartbreaker,2,Zayne,TRUE,115,0,1
725165,2025-09-25,3634,Mr. Beanie,7,Caleb,TRUE,82,56,3
121283,2025-12-09,9765,Heartbreaker,2,Sylus,FALSE,133,16,0
277440,2025-12-26,6030,Snoozer,4,Xavier,TRUE,106,43,1
511230,2025-09-21,2843,Mr. Beanie,7,Sylus,TRUE,63,23,2
301279,2025-06-26,1838,Lemonette,8,Caleb,TRUE,115,26,1
558280,2025-10-31,8409,Snoozer,4,Sylus,TRUE,140,29,1
845261,2025-12-24,1135,Pumpkin Magus,7,Zayne,TRUE,32,48,2
680655,2025-12-21,1018,Snoozer,6,Xavier,FALSE,78,0,0
397240,2025-12-19,4927,Mr. Beanie,4,Caleb,TRUE,120,66,2
474358,2025-12-07,5728,Pumpkin Magus,7,Sylus,TRUE,143,63,2
347272,2025-11-17,4723,Lemonette,2,Sylus,FALSE,53,51,0
531336,2025-04-16,7262,Heartbreaker,8,Zayne,TRUE,103,38,1
548279,2025-12-29,8397,Heartbreaker,4,Sylus,TRUE,37,49,2
123123,2025-08-23,9983,Heartbreaker,9,Xavier,TRUE,47,33,2
605258,2025-03-13,1783,Pumpkin Magus,4,Rafayel,FALSE,68,3,0
605258,2025-10-19,2503,Heartbreaker,2,Rafayel,TRUE,91,68,2
645765,2025-10-30,3039,Mr. Beanie,1,Zayne,TRUE,131,91,2
422983,2025-12-31,2675,Lemonette,2,Rafayel,FALSE,104,8,0
511550,2025-12-31,4606,Mr. Beanie,8,Rafayel,TRUE,91,72,2
921713,2025-07-05,7536,Lemonette,7,Caleb,TRUE,70,60,3
863692,2025-06-04,8134,Mr. Beanie,1,Sylus,TRUE,127,14,1
275820,2025-11-21,4188,Mr. Beanie,4,Zayne,TRUE,39,89,3
338159,2025-11-17,1489,Heartbreaker,9,Caleb,FALSE,126,13,0
752173,2025-11-14,9929,Lemonette,7,Sylus,TRUE,102,8,1
700465,2025-09-15,3411,Mr. Beanie,3,Xavier,FALSE,143,85,0
287267,2025-12-28,6922,Heartbreaker,3,Caleb,TRUE,134,74,2
127337,2025-09-24,2229,Lemonette,1,Xavier,TRUE,43,49,2
521864,2025-10-08,5734,Pumpkin Magus,2,Zayne,TRUE,87,96,3
832130,2025-08-05,2968,Mr. Beanie,7,Zayne,TRUE,112,78,2
614315,2025-08-27,5288,Heartbreaker,3,Zayne,FALSE,121,81,0
801943,2025-12-21,8190,Lemonette,7,Xavier,TRUE,91,89,2
902015,2025-12-17,2096,Lemonette,4,Xavier,TRUE,116,66,2
478328,2025-08-19,7421,Snoozer,1,Xavier,FALSE,59,95,0
275820,2025-10-03,9838,Snoozer,4,Xavier,TRUE,82,34,2
474358,2025-07-10,7016,Lemonette,8,Sylus,TRUE,83,94,3
396109,2025-10-25,1974,Heartbreaker,5,Caleb,TRUE,67,51,3
119145,2025-10-10,1374,Snoozer,8,Caleb,TRUE,108,64,2
504266,2025-09-28,3680,Snoozer,1,Caleb,TRUE,66,93,3
637774,2025-12-14,6722,Heartbreaker,9,Sylus,FALSE,109,12,0
976659,2025-06-22,8539,Lemonette,7,Rafayel,TRUE,58,60,3
823737,2025-11-07,5514,Pumpkin Magus,2,Rafayel,TRUE,49,57,3
772764,2025-12-22,7764,Mr. Beanie,2,Caleb,TRUE,94,49,1
598057,2025-12-19,5351,Mr. Beanie,1,Caleb,TRUE,112,70,2
814699,2025-12-30,3498,Pumpkin Magus,6,Xavier,TRUE,89,52,3
737417,2025-11-27,5585,Lemonette,1,Rafayel,TRUE,33,53,3
823364,2025-12-09,3022,Pumpkin Magus,2,Sylus,TRUE,63,71,3
375190,2025-08-13,8434,Lemonette,1,Xavier,TRUE,116,31,1
784550,2025-10-13,6694,Lemonette,8,Rafayel,TRUE,51,72,3
801943,2025-07-24,2043,Heartbreaker,6,Zayne,TRUE,78,47,2
706710,2025-12-23,9037,Snoozer,7,Rafayel,FALSE,90,6,0
807218,2025-12-19,3554,Lemonette,7,Xavier,TRUE,116,50,2
863692,2025-12-14,8982,Lemonette,2,Zayne,FALSE,139,13,0
574796,2025-12-02,2580,Lemonette,2,Zayne,FALSE,33,36,0
639945,2025-06-10,5245,Pumpkin Magus,2,Zayne,TRUE,134,26,1
427353,2025-11-08,1072,Snoozer,9,Caleb,TRUE,37,32,2
226386,2025-12-13,5244,Mr. Beanie,8,Xavier,TRUE,135,37,1
118200,2025-11-17,8433,Pumpkin Magus,9,Rafayel,TRUE,60,67,3
155852,2025-08-15,5926,Snoozer,2,Sylus,TRUE,80,90,3
614315,2025-12-27,4948,Mr. Beanie,2,Caleb,TRUE,66,44,2
984516,2025-07-22,5569,Heartbreaker,9,Xavier,FALSE,125,56,0
348649,2025-08-31,2756,Pumpkin Magus,6,Zayne,TRUE,134,64,2
784131,2025-12-25,2644,Lemonette,3,Caleb,TRUE,32,9,2
687078,2025-09-16,9590,Lemonette,1,Xavier,TRUE,46,69,3
795855,2025-11-30,8163,Snoozer,9,Sylus,TRUE,114,66,2
804587,2025-08-03,2412,Lemonette,6,Zayne,TRUE,108,95,2
263608,2025-10-02,7520,Pumpkin Magus,1,Rafayel,FALSE,62,0,0
866987,2025-12-14,4732,Pumpkin Magus,9,Sylus,TRUE,88,16,2
731589,2025-12-27,4909,Snoozer,1,Caleb,TRUE,91,67,2
453795,2025-04-15,2753,Snoozer,9,Sylus,TRUE,91,40,1
700465,2025-10-05,3723,Pumpkin Magus,7,Xavier,TRUE,68,58,3
621918,2025-08-28,7664,Lemonette,2,Zayne,FALSE,31,75,0
431375,2025-11-18,5011,Pumpkin Magus,1,Rafayel,TRUE,110,57,2
379379,2025-06-26,8977,Snoozer,2,Zayne,FALSE,39,38,0
347272,2025-12-16,5330,Mr. Beanie,4,Sylus,TRUE,146,71,2
511230,2025-12-01,1883,Mr. Beanie,1,Rafayel,TRUE,114,28,1
866987,2025-11-06,9663,Pumpkin Magus,5,Zayne,TRUE,54,86,3
511230,2025-08-17,1180,Mr. Beanie,9,Rafayel,TRUE,139,91,2
359981,2025-06-19,3697,Heartbreaker,3,Zayne,TRUE,78,45,2
521864,2025-09-01,4485,Heartbreaker,1,Zayne,FALSE,120,52,0
676537,2025-08-18,3439,Pumpkin Magus,5,Xavier,TRUE,137,30,1
860612,2025-06-08,8907,Lemonette,2,Sylus,TRUE,128,80,2
413814,2025-12-08,7957,Mr. Beanie,4,Caleb,TRUE,93,97,2
976659,2025-10-13,8601,Snoozer,7,Caleb,TRUE,68,71,3
336673,2025-12-29,6479,Lemonette,9,Xavier,TRUE,53,0,2
989843,2025-11-01,4574,Lemonette,8,Xavier,TRUE,39,96,3
504266,2025-07-30,4505,Heartbreaker,8,Xavier,TRUE,34,43,2
369683,2025-09-26,2637,Pumpkin Magus,5,Rafayel,TRUE,125,24,1
926564,2025-09-29,8014,Lemonette,9,Sylus,FALSE,125,43,0
950166,2025-11-18,6906,Lemonette,2,Xavier,TRUE,54,99,3
771661,2025-12-11,7382,Pumpkin Magus,1,Caleb,FALSE,52,79,0
348649,2025-04-30,5837,Mr. Beanie,4,Caleb,FALSE,147,59,0
902146,2025-12-28,1567,Snoozer,7,Zayne,TRUE,58,59,3
336673,2025-12-19,1537,Lemonette,3,Sylus,FALSE,132,53,0
706710,2025-06-13,5822,Pumpkin Magus,7,Caleb,FALSE,119,75,0
596367,2025-12-26,3870,Mr. Beanie,5,Rafayel,TRUE,106,73,2
834590,2025-12-18,8499,Heartbreaker,8,Xavier,TRUE,92,3,1
680655,2025-12-28,9323,Pumpkin Magus,4,Caleb,FALSE,80,19,0
299295,2025-12-22,2595,Mr. Beanie,5,Caleb,TRUE,86,67,3
548279,2025-09-25,3550,Snoozer,2,Sylus,TRUE,71,2,2
409075,2026-01-01,3057,Heartbreaker,1,Caleb,FALSE,74,3,0
865780,2025-12-24,1536,Mr. Beanie,6,Zayne,TRUE,88,80,3
846418,2025-10-09,4567,Heartbreaker,4,Sylus,FALSE,86,17,0
760028,2025-05-04,1459,Pumpkin Magus,8,Zayne,TRUE,77,82,3
338159,2025-08-21,1443,Pumpkin Magus,9,Sylus,FALSE,139,65,0
275820,2025-10-29,1632,Lemonette,3,Sylus,TRUE,97,95,2
422983,2026-01-01,7729,Heartbreaker,1,Sylus,TRUE,91,45,1
902015,2025-12-21,7732,Mr. Beanie,2,Xavier,TRUE,43,77,3
541159,2025-12-23,7731,Pumpkin Magus,2,Zayne,TRUE,105,37,1
521864,2025-10-31,5780,Lemonette,1,Caleb,FALSE,79,74,0
413814,2025-12-30,2045,Pumpkin Magus,1,Sylus,TRUE,127,1,1
159745,2025-10-14,1156,Heartbreaker,8,Caleb,FALSE,50,1,0
598057,2025-09-25,3495,Lemonette,9,Rafayel,TRUE,99,15,1
637774,2025-11-24,6202,Pumpkin Magus,9,Xavier,TRUE,38,56,3
769214,2025-10-13,9803,Pumpkin Magus,3,Rafayel,TRUE,31,94,3
413814,2025-12-08,6788,Heartbreaker,9,Sylus,TRUE,114,38,1
832054,2025-04-04,5803,Snoozer,2,Xavier,TRUE,77,72,3
639945,2025-12-17,2695,Pumpkin Magus,3,Rafayel,TRUE,84,36,2
470088,2025-11-26,5580,Mr. Beanie,9,Rafayel,FALSE,73,65,0
769214,2025-11-06,7459,Pumpkin Magus,4,Rafayel,TRUE,52,36,2
338472,2025-09-14,1105,Heartbreaker,7,Zayne,TRUE,92,31,1
880318,2025-05-17,1128,Pumpkin Magus,4,Caleb,TRUE,67,37,2
548279,2025-04-20,1656,Snoozer,3,Sylus,TRUE,103,28,1
451127,2025-11-29,1429,Pumpkin Magus,2,Xavier,FALSE,77,34,0
288871,2025-12-09,5788,Lemonette,6,Sylus,TRUE,39,99,3
340840,2025-11-23,1927,Lemonette,7,Sylus,TRUE,72,8,2
485628,2025-12-13,2711,Snoozer,1,Xavier,TRUE,73,43,2
823737,2025-11-06,2268,Mr. Beanie,7,Sylus,TRUE,139,81,2
211485,2025-12-30,2579,Pumpkin Magus,4,Caleb,TRUE,101,53,2
801943,2025-09-06,1512,Lemonette,8,Caleb,TRUE,120,13,1
796300,2025-08-27,4689,Heartbreaker,6,Xavier,TRUE,74,78,3
280853,2025-10-01,6017,Lemonette,1,Sylus,TRUE,140,34,1
866987,2025-12-15,8128,Mr. Beanie,6,Rafayel,FALSE,60,75,0
452311,2025-11-25,2608,Snoozer,4,Zayne,TRUE,30,49,2
373348,2025-12-31,4952,Snoozer,4,Sylus,TRUE,39,58,3
950166,2025-11-03,3131,Snoozer,5,Xavier,TRUE,146,58,2
772764,2025-03-08,6391,Mr. Beanie,8,Xavier,TRUE,94,30,1
769214,2025-11-27,4241,Heartbreaker,5,Zayne,TRUE,112,78,2
531336,2025-11-11,7669,Mr. Beanie,4,Xavier,TRUE,76,73,3
550768,2025-11-25,4758,Snoozer,7,Zayne,TRUE,30,31,2
882995,2025-08-21,8008,Mr. Beanie,5,Zayne,TRUE,145,18,1
155852,2025-05-16,5525,Lemonette,6,Zayne,TRUE,63,78,3
741327,2025-08-01,3424,Lemonette,3,Xavier,TRUE,54,74,3
954746,2025-11-06,8653,Snoozer,7,Zayne,TRUE,141,5,1
796300,2025-09-16,3056,Pumpkin Magus,2,Zayne,FALSE,55,33,0
538454,2025-10-07,8887,Pumpkin Magus,6,Xavier,FALSE,81,6,0
295482,2025-06-06,8174,Mr. Beanie,2,Xavier,TRUE,61,86,3
741327,2025-11-16,5625,Heartbreaker,5,Zayne,TRUE,60,64,3
911910,2025-10-01,3082,Mr. Beanie,9,Caleb,TRUE,65,65,3
119145,2025-12-08,4226,Pumpkin Magus,5,Caleb,TRUE,47,58,3
676537,2025-11-03,2408,Pumpkin Magus,4,Xavier,FALSE,53,62,0
127337,2025-09-08,8220,Lemonette,6,Sylus,TRUE,120,36,1
208144,2025-06-28,5582,Lemonette,3,Zayne,TRUE,94,36,1
287267,2025-07-27,4396,Heartbreaker,7,Zayne,TRUE,125,24,1
385312,2025-12-15,4280,Snoozer,6,Zayne,TRUE,87,68,3
401684,2025-06-26,9525,Heartbreaker,3,Zayne,FALSE,139,9,0
823364,2025-12-30,2882,Pumpkin Magus,5,Xavier,FALSE,52,7,0
424742,2025-12-22,1613,Heartbreaker,7,Zayne,TRUE,38,74,3
320849,2025-06-18,1431,Mr. Beanie,8,Caleb,TRUE,133,94,2
470088,2025-11-03,8381,Lemonette,7,Rafayel,TRUE,142,86,2
574796,2025-11-30,2316,Snoozer,2,Zayne,FALSE,116,50,0
989843,2025-11-13,4461,Snoozer,8,Xavier,TRUE,30,33,2
741327,2025-12-25,8289,Lemonette,2,Rafayel,TRUE,79,13,2
541159,2025-12-13,6754,Lemonette,9,Sylus,TRUE,72,61,3
340840,2025-10-31,6534,Pumpkin Magus,6,Zayne,FALSE,133,6,0
373348,2025-12-31,7673,Snoozer,6,Sylus,FALSE,149,20,0
906557,2025-11-29,1660,Pumpkin Magus,5,Zayne,TRUE,72,47,2
396109,2025-09-20,9589,Lemonette,6,Sylus,TRUE,111,51,2
700485,2025-05-28,6579,Pumpkin Magus,3,Sylus,TRUE,53,12,2
191060,2025-09-29,6947,Pumpkin Magus,7,Rafayel,TRUE,103,8,1
287267,2025-09-14,1526,Pumpkin Magus,4,Sylus,TRUE,141,61,2
504266,2025-09-12,7099,Mr. Beanie,3,Caleb,TRUE,147,76,2
771041,2025-12-29,2349,Lemonette,9,Rafayel,FALSE,132,65,0
431375,2025-03-24,1724,Pumpkin Magus,1,Xavier,TRUE,78,97,3
592274,2025-11-20,1465,Lemonette,7,Rafayel,FALSE,84,26,0
155852,2026-01-01,9820,Lemonette,7,Rafayel,TRUE,118,17,1
760028,2025-08-02,8548,Heartbreaker,3,Xavier,TRUE,64,79,3
148823,2025-12-29,9751,Snoozer,2,Zayne,TRUE,59,51,3
795855,2025-07-08,6299,Heartbreaker,8,Xavier,TRUE,39,97,3
427353,2025-11-02,3134,Heartbreaker,3,Xavier,TRUE,77,23,2
801943,2025-06-15,8639,Mr. Beanie,2,Sylus,TRUE,62,52,3
299295,2025-12-31,6109,Heartbreaker,9,Rafayel,TRUE,136,62,2
731589,2026-01-01,7641,Snoozer,1,Sylus,TRUE,33,22,2
832054,2025-05-26,8102,Lemonette,5,Rafayel,TRUE,149,72,2
183736,2025-09-06,9692,Snoozer,2,Sylus,TRUE,51,23,2
639945,2025-12-07,5235,Snoozer,2,Zayne,TRUE,57,49,2
527818,2025-08-22,3744,Snoozer,4,Zayne,FALSE,85,25,0
911910,2025-10-14,7975,Lemonette,9,Xavier,TRUE,142,93,2
372956,2025-02-19,3084,Heartbreaker,4,Sylus,TRUE,56,20,2
558280,2025-07-31,8417,Snoozer,7,Xavier,FALSE,91,3,0
188966,2025-11-06,4951,Mr. Beanie,8,Caleb,TRUE,62,94,3
474358,2025-07-25,6329,Snoozer,9,Sylus,TRUE,87,97,3
842270,2025-12-27,7265,Pumpkin Magus,8,Xavier,TRUE,32,15,2
584250,2025-08-17,1285,Pumpkin Magus,7,Rafayel,TRUE,68,28,2
621918,2025-12-27,4757,Heartbreaker,4,Zayne,TRUE,139,70,2
610399,2025-12-09,4043,Pumpkin Magus,4,Xavier,TRUE,101,90,2
964988,2025-11-26,8006,Snoozer,7,Caleb,TRUE,50,80,3
341171,2025-12-13,2834,Pumpkin Magus,9,Caleb,TRUE,121,32,1
263608,2025-12-29,3313,Pumpkin Magus,9,Caleb,TRUE,52,91,3
148823,2025-11-05,6094,Snoozer,9,Caleb,TRUE,60,77,3
737417,2025-05-18,6744,Heartbreaker,7,Zayne,TRUE,107,70,2
728074,2025-11-19,2796,Pumpkin Magus,5,Xavier,FALSE,35,55,0
504425,2025-07-23,2764,Snoozer,6,Caleb,TRUE,30,11,2
823737,2025-12-04,5484,Pumpkin Magus,7,Xavier,FALSE,56,37,0
548279,2025-10-12,8621,Pumpkin Magus,2,Xavier,FALSE,117,87,0
148823,2025-11-10,8525,Mr. Beanie,1,Zayne,TRUE,83,59,3
976659,2025-06-19,8017,Snoozer,3,Sylus,FALSE,67,19,0
340840,2025-12-24,3430,Lemonette,9,Zayne,TRUE,64,39,2
153958,2025-10-18,5993,Heartbreaker,9,Sylus,FALSE,78,93,0
610399,2025-09-23,5565,Heartbreaker,6,Sylus,TRUE,81,89,3
832054,2025-04-22,9729,Lemonette,3,Zayne,TRUE,112,29,1
598057,2025-06-20,7828,Lemonette,7,Sylus,TRUE,50,20,2
610399,2025-11-13,7086,Pumpkin Magus,8,Caleb,TRUE,79,64,3
902146,2025-07-02,6044,Mr. Beanie,8,Caleb,TRUE,143,3,1
287267,2025-05-26,6570,Heartbreaker,2,Rafayel,TRUE,54,35,2
728074,2025-06-02,2198,Snoozer,7,Sylus,FALSE,31,37,0
313253,2025-09-30,4813,Pumpkin Magus,8,Rafayel,FALSE,59,46,0
928337,2025-09-11,8486,Lemonette,2,Rafayel,TRUE,59,78,3
390817,2025-12-17,6655,Heartbreaker,4,Zayne,TRUE,69,33,2
148823,2025-12-09,6913,Lemonette,8,Rafayel,TRUE,58,67,3
842270,2025-12-29,4798,Pumpkin Magus,8,Rafayel,TRUE,99,24,1
874365,2025-12-16,6347,Heartbreaker,6,Rafayel,TRUE,81,38,2
742702,2025-05-15,5066,Heartbreaker,2,Sylus,TRUE,64,82,3
782989,2025-12-19,9486,Heartbreaker,6,Xavier,FALSE,66,10,0
116606,2025-12-13,9712,Lemonette,4,Zayne,TRUE,83,93,3
390817,2025-12-19,8240,Pumpkin Magus,4,Zayne,TRUE,105,30,1
725165,2025-06-26,7620,Pumpkin Magus,2,Sylus,TRUE,63,12,2
727074,2025-10-29,6398,Pumpkin Magus,1,Zayne,TRUE,51,58,3
804587,2025-09-26,7574,Heartbreaker,7,Xavier,TRUE,49,5,2
860612,2025-08-17,4312,Lemonette,8,Zayne,FALSE,49,29,0
845261,2025-02-19,9445,Lemonette,5,Zayne,TRUE,35,91,3
926564,2025-10-09,2840,Heartbreaker,4,Sylus,TRUE,52,53,3
514937,2025-06-21,3998,Lemonette,2,Rafayel,TRUE,141,80,2
964988,2025-11-30,1062,Pumpkin Magus,1,Zayne,TRUE,43,72,3
680655,2025-12-28,1959,Heartbreaker,4,Caleb,FALSE,74,27,0
610399,2025-09-23,8121,Snoozer,1,Caleb,TRUE,144,32,1
902015,2025-12-21,7306,Heartbreaker,3,Rafayel,TRUE,117,69,2
989843,2025-11-19,4743,Pumpkin Magus,9,Xavier,FALSE,45,17,0
742702,2025-09-14,9287,Snoozer,1,Xavier,TRUE,130,92,2
511230,2025-07-02,1329,Pumpkin Magus,1,Zayne,FALSE,37,37,0
639945,2025-12-02,9260,Snoozer,4,Xavier,TRUE,48,20,2
680655,2025-12-16,1603,Heartbreaker,7,Zayne,FALSE,72,23,0
558280,2025-12-02,1071,Mr. Beanie,8,Rafayel,TRUE,57,13,2
645765,2025-09-18,3765,Mr. Beanie,7,Zayne,TRUE,124,14,1
335890,2025-08-31,9461,Snoozer,3,Xavier,TRUE,36,89,3
865780,2025-09-22,3224,Mr. Beanie,5,Xavier,TRUE,98,69,2
866987,2025-12-18,1202,Heartbreaker,4,Rafayel,TRUE,70,0,2
409075,2025-12-19,4919,Snoozer,9,Xavier,TRUE,88,49,2
784131,2025-12-16,5067,Snoozer,4,Zayne,TRUE,120,58,2
301279,2025-07-08,6888,Heartbreaker,2,Rafayel,TRUE,68,8,2
601290,2025-03-08,2730,Pumpkin Magus,7,Xavier,TRUE,48,81,3
254756,2025-10-14,4383,Lemonette,6,Sylus,TRUE,133,45,1
706710,2025-10-03,8021,Mr. Beanie,4,Xavier,TRUE,136,66,2
521864,2025-12-30,7329,Mr. Beanie,1,Caleb,TRUE,139,86,2
485628,2025-11-25,9713,Lemonette,9,Sylus,TRUE,81,0,2
199038,2025-10-01,7272,Heartbreaker,2,Caleb,TRUE,110,27,1
901499,2025-12-17,7126,Heartbreaker,6,Rafayel,TRUE,59,31,2
860612,2025-08-22,7507,Heartbreaker,2,Sylus,FALSE,94,23,0
832130,2025-10-12,4101,Mr. Beanie,5,Xavier,FALSE,125,69,0
373348,2025-12-30,5955,Lemonette,3,Sylus,FALSE,64,91,0
340840,2025-12-09,3767,Snoozer,7,Zayne,TRUE,88,88,3
452311,2025-11-01,6512,Snoozer,3,Xavier,TRUE,48,2,2
679812,2025-05-19,4018,Heartbreaker,2,Zayne,FALSE,89,95,0
727074,2025-11-09,9492,Lemonette,9,Zayne,TRUE,36,87,3
924592,2025-06-07,1624,Heartbreaker,8,Rafayel,FALSE,63,91,0
206823,2025-12-26,4320,Lemonette,5,Rafayel,TRUE,41,94,3
348649,2025-07-10,9273,Lemonette,9,Sylus,TRUE,31,7,2
521864,2025-10-27,8321,Snoozer,5,Caleb,TRUE,127,1,1
427353,2025-05-30,3144,Pumpkin Magus,7,Sylus,FALSE,32,32,0
275820,2025-11-03,5325,Lemonette,1,Xavier,TRUE,85,22,2
901499,2025-11-15,7725,Pumpkin Magus,2,Xavier,TRUE,148,36,1
123123,2025-02-23,6164,Snoozer,6,Rafayel,TRUE,97,39,1
906557,2025-11-02,7852,Snoozer,1,Rafayel,TRUE,77,90,3
159745,2025-09-12,7312,Lemonette,5,Zayne,FALSE,150,58,0
214620,2025-12-01,7120,Mr. Beanie,9,Caleb,TRUE,37,60,3
485628,2025-06-19,6529,Pumpkin Magus,2,Zayne,TRUE,100,12,1
409075,2025-12-25,6511,Heartbreaker,9,Rafayel,FALSE,125,79,0
211485,2025-12-10,5354,Lemonette,1,Rafayel,TRUE,95,86,2
614315,2025-09-08,2527,Lemonette,8,Caleb,TRUE,98,30,1
199038,2025-09-13,5373,Mr. Beanie,2,Xavier,TRUE,33,3,2
804587,2025-07-05,3855,Mr. Beanie,2,Sylus,TRUE,78,29,2
549912,2025-11-11,3060,Snoozer,2,Sylus,TRUE,39,0,2
976659,2025-12-09,6488,Heartbreaker,8,Sylus,TRUE,121,49,1
700485,2025-08-22,9550,Snoozer,3,Xavier,TRUE,38,3,2
782989,2025-11-20,2752,Pumpkin Magus,9,Sylus,TRUE,60,32,2
700485,2025-12-20,4114,Pumpkin Magus,8,Caleb,TRUE,140,5,1
369683,2025-12-18,6158,Snoozer,9,Rafayel,TRUE,110,12,1
731589,2025-12-30,7494,Mr. Beanie,2,Caleb,FALSE,82,31,0
832130,2026-01-01,1298,Snoozer,5,Xavier,TRUE,108,30,1
427353,2025-09-07,3458,Heartbreaker,3,Sylus,TRUE,107,82,2
645765,2025-07-04,9975,Heartbreaker,6,Sylus,TRUE,110,32,1
823364,2025-12-02,9174,Pumpkin Magus,5,Rafayel,TRUE,69,39,2
609844,2025-05-24,3243,Mr. Beanie,9,Caleb,TRUE,114,71,2
537061,2025-12-05,1789,Mr. Beanie,1,Rafayel,FALSE,42,9,0
645765,2025-06-23,3233,Heartbreaker,9,Sylus,FALSE,104,59,0
514937,2025-11-18,4092,Heartbreaker,5,Rafayel,TRUE,129,35,1
208144,2025-08-09,2217,Heartbreaker,6,Rafayel,TRUE,64,99,3
712634,2025-12-30,4380,Heartbreaker,6,Caleb,TRUE,132,84,2
784550,2025-12-08,3335,Heartbreaker,3,Zayne,TRUE,96,82,2
976659,2025-10-31,6894,Mr. Beanie,5,Caleb,TRUE,127,31,1
950166,2025-12-03,5997,Lemonette,1,Caleb,TRUE,87,84,3
287267,2025-08-26,6598,Mr. Beanie,6,Caleb,FALSE,108,90,0
288871,2025-12-06,9414,Pumpkin Magus,7,Sylus,TRUE,120,45,1
728074,2025-08-04,8335,Snoozer,3,Caleb,FALSE,112,40,0
772764,2025-04-01,7303,Pumpkin Magus,8,Sylus,TRUE,144,79,2
714093,2025-11-26,8466,Pumpkin Magus,3,Rafayel,TRUE,73,75,3
429077,2025-11-27,7284,Lemonette,3,Rafayel,TRUE,74,9,2
784131,2025-12-14,7552,Lemonette,4,Xavier,TRUE,51,7,2
287267,2025-12-29,7858,Lemonette,8,Xavier,TRUE,127,0,1
645765,2025-07-31,3942,Lemonette,3,Zayne,FALSE,58,89,0
610399,2025-12-22,4815,Pumpkin Magus,9,Zayne,TRUE,44,36,2
369683,2025-05-18,9074,Pumpkin Magus,4,Sylus,FALSE,105,52,0
537061,2025-11-30,9618,Snoozer,2,Caleb,TRUE,116,97,2
288871,2025-12-16,2770,Mr. Beanie,2,Xavier,TRUE,45,22,2
736867,2025-12-04,1451,Mr. Beanie,7,Caleb,TRUE,103,41,1
621918,2025-08-18,9758,Heartbreaker,4,Zayne,TRUE,77,61,3
601689,2025-01-24,1940,Snoozer,6,Zayne,FALSE,125,53,0
438255,2025-10-16,9298,Heartbreaker,7,Zayne,TRUE,80,10,2
478328,2025-09-21,6107,Lemonette,8,Rafayel,FALSE,59,57,0
121283,2025-12-11,7992,Pumpkin Magus,7,Caleb,FALSE,106,92,0
341171,2025-08-31,6750,Snoozer,8,Xavier,TRUE,58,66,3
372956,2025-09-08,6819,Lemonette,1,Xavier,FALSE,44,62,0
621918,2025-10-13,8444,Pumpkin Magus,2,Sylus,TRUE,31,74,3
451127,2025-10-31,6218,Heartbreaker,5,Zayne,TRUE,41,99,3
814699,2025-12-16,9191,Heartbreaker,7,Xavier,TRUE,112,84,2
160277,2025-12-26,8179,Lemonette,2,Xavier,TRUE,143,85,2
160277,2025-12-14,7559,Heartbreaker,5,Rafayel,TRUE,126,55,2
733001,2025-05-19,9479,Heartbreaker,8,Rafayel,TRUE,73,36,2
537061,2025-12-13,5916,Lemonette,2,Caleb,TRUE,105,53,2
728074,2025-10-29,3356,Lemonette,5,Caleb,FALSE,89,63,0
902146,2025-11-12,4138,Heartbreaker,4,Rafayel,TRUE,82,10,2
321584,2025-08-14,4411,Lemonette,8,Xavier,FALSE,124,60,0
700485,2025-11-12,7444,Mr. Beanie,1,Zayne,TRUE,39,70,3
700465,2025-09-14,4984,Pumpkin Magus,5,Zayne,TRUE,142,8,1
548279,2025-08-25,4076,Pumpkin Magus,8,Zayne,TRUE,52,25,2
846418,2025-06-12,5835,Heartbreaker,8,Zayne,TRUE,68,63,3
935192,2025-11-16,1422,Heartbreaker,2,Sylus,TRUE,39,79,3
427353,2025-05-21,6409,Lemonette,7,Zayne,TRUE,84,91,3
506147,2025-12-12,5382,Pumpkin Magus,7,Rafayel,TRUE,32,22,2
614728,2025-08-28,6053,Heartbreaker,9,Zayne,TRUE,89,10,2
676537,2025-06-29,8048,Lemonette,4,Xavier,TRUE,131,76,2
263608,2025-10-31,9970,Heartbreaker,8,Xavier,TRUE,40,30,2
772764,2025-01-11,5075,Mr. Beanie,4,Rafayel,TRUE,52,98,3
769214,2025-11-28,3074,Lemonette,6,Rafayel,TRUE,81,61,3
771661,2025-10-13,3701,Heartbreaker,7,Rafayel,TRUE,101,74,2
478328,2025-12-18,8126,Pumpkin Magus,1,Caleb,FALSE,72,75,0
605258,2025-04-12,7797,Lemonette,7,Sylus,TRUE,98,77,2
601290,2025-04-30,1936,Heartbreaker,7,Zayne,TRUE,119,95,2
819323,2025-12-25,3575,Lemonette,2,Caleb,FALSE,128,89,0
910062,2025-11-06,9270,Mr. Beanie,3,Xavier,FALSE,61,18,0
796300,2025-07-08,7969,Snoozer,8,Sylus,TRUE,48,19,2
199038,2025-10-30,5234,Pumpkin Magus,6,Zayne,TRUE,51,24,2
504266,2025-11-20,2797,Lemonette,6,Caleb,TRUE,149,6,1
804587,2025-08-12,5637,Lemonette,9,Sylus,FALSE,49,68,0
321584,2025-11-10,4029,Pumpkin Magus,9,Caleb,TRUE,142,56,2
784550,2025-06-21,8994,Mr. Beanie,6,Zayne,TRUE,59,62,3
679812,2025-07-18,8050,Heartbreaker,8,Caleb,TRUE,45,51,3
645765,2025-03-29,2519,Pumpkin Magus,7,Xavier,TRUE,40,43,2
429077,2025-05-09,9213,Mr. Beanie,3,Xavier,TRUE,71,37,2
846632,2025-11-14,9639,Snoozer,5,Caleb,TRUE,80,46,2
832130,2025-11-22,8602,Pumpkin Magus,5,Xavier,TRUE,135,29,1
118200,2025-12-02,3630,Heartbreaker,3,Zayne,TRUE,66,31,2
752173,2025-04-30,9644,Snoozer,6,Xavier,TRUE,93,0,1
964988,2025-11-25,7336,Mr. Beanie,8,Zayne,TRUE,75,37,2
901499,2025-12-31,7624,Heartbreaker,1,Rafayel,TRUE,45,78,3
884064,2025-11-27,5281,Snoozer,5,Zayne,TRUE,45,28,2
428740,2025-12-16,9067,Lemonette,1,Rafayel,TRUE,41,54,3
807218,2025-12-19,7544,Lemonette,8,Caleb,TRUE,69,53,3
159745,2025-12-07,2880,Heartbreaker,5,Sylus,TRUE,122,41,1
504425,2025-10-19,9472,Mr. Beanie,1,Rafayel,TRUE,126,84,2
280853,2025-06-14,1723,Heartbreaker,3,Rafayel,TRUE,61,8,2
910062,2025-10-19,8097,Mr. Beanie,3,Zayne,TRUE,131,82,2
160277,2025-12-09,2042,Heartbreaker,2,Caleb,FALSE,129,5,0
328801,2025-11-16,4232,Snoozer,5,Zayne,TRUE,101,90,2
118200,2025-12-19,6165,Mr. Beanie,5,Rafayel,TRUE,134,56,2
814699,2025-10-30,3666,Heartbreaker,1,Zayne,TRUE,144,25,1
860612,2025-10-03,5494,Snoozer,9,Sylus,FALSE,130,100,0
950166,2025-11-03,5344,Pumpkin Magus,3,Sylus,TRUE,34,81,3
429077,2025-09-03,1406,Pumpkin Magus,3,Zayne,TRUE,135,72,2
263608,2025-09-06,5701,Mr. Beanie,4,Rafayel,TRUE,57,84,3
737417,2025-11-08,4738,Heartbreaker,9,Xavier,TRUE,129,14,1
413814,2025-12-06,3344,Pumpkin Magus,5,Xavier,TRUE,82,75,3
470088,2025-09-29,8588,Snoozer,4,Sylus,FALSE,130,56,0
807218,2025-12-14,2335,Heartbreaker,3,Sylus,TRUE,143,95,2
863692,2025-12-13,1777,Snoozer,2,Sylus,TRUE,66,29,2
214620,2025-12-21,8336,Mr. Beanie,7,Rafayel,TRUE,128,95,2
118200,2025-12-23,7708,Pumpkin Magus,9,Zayne,TRUE,61,35,2
191060,2025-11-26,3249,Snoozer,3,Sylus,TRUE,64,73,3
906557,2025-12-17,3865,Mr. Beanie,9,Caleb,TRUE,110,20,1
632495,2025-12-22,7531,Pumpkin Magus,7,Sylus,TRUE,77,96,3
111393,2025-11-11,7440,Lemonette,5,Sylus,FALSE,53,26,0
527818,2025-07-08,2971,Mr. Beanie,1,Rafayel,TRUE,123,96,2
227799,2025-07-01,9506,Snoozer,7,Zayne,TRUE,37,77,3
676537,2025-06-17,9219,Lemonette,7,Zayne,TRUE,109,2,1
761063,2025-12-30,9658,Pumpkin Magus,1,Caleb,TRUE,75,6,2
834674,2025-10-02,6891,Snoozer,1,Caleb,FALSE,46,1,0
543611,2025-11-25,4724,Lemonette,1,Zayne,TRUE,80,17,2
461798,2025-08-12,2411,Lemonette,9,Sylus,TRUE,138,90,2
842270,2025-12-24,6830,Lemonette,6,Zayne,TRUE,52,6,2
845261,2025-06-21,2421,Snoozer,7,Rafayel,TRUE,128,72,2
801943,2025-10-11,6645,Heartbreaker,7,Rafayel,TRUE,133,96,2
453795,2025-06-28,8066,Heartbreaker,7,Zayne,TRUE,64,96,3
601689,2025-11-26,4394,Snoozer,4,Xavier,TRUE,147,38,1
639945,2025-11-28,8522,Snoozer,4,Zayne,TRUE,100,50,2
761063,2025-07-08,5513,Heartbreaker,7,Sylus,TRUE,33,23,2
714093,2025-12-17,6249,Heartbreaker,8,Caleb,TRUE,88,70,3
208144,2025-11-02,9151,Snoozer,3,Sylus,TRUE,75,29,2
921713,2025-07-08,2461,Lemonette,9,Caleb,TRUE,145,68,2
299295,2025-12-25,6792,Heartbreaker,6,Zayne,TRUE,97,8,1
687078,2025-05-19,7335,Lemonette,9,Rafayel,TRUE,78,20,2
148823,2025-11-05,9307,Pumpkin Magus,8,Rafayel,TRUE,140,47,1
262776,2025-05-12,8308,Heartbreaker,2,Caleb,TRUE,138,80,2
359139,2025-11-28,5771,Snoozer,4,Xavier,TRUE,67,37,2
288871,2025-12-08,8595,Heartbreaker,9,Caleb,TRUE,67,56,3
601290,2025-11-20,1559,Pumpkin Magus,6,Zayne,FALSE,135,29,0
601689,2025-10-08,5253,Heartbreaker,4,Zayne,TRUE,113,69,2
714093,2025-10-08,4558,Heartbreaker,1,Sylus,TRUE,135,43,1
506147,2025-12-06,4554,Mr. Beanie,9,Xavier,TRUE,43,96,3
832054,2025-07-02,3189,Snoozer,4,Sylus,TRUE,63,73,3
379379,2025-05-15,5201,Lemonette,9,Caleb,TRUE,131,46,1
506147,2025-11-29,9499,Snoozer,2,Sylus,TRUE,118,86,2
335890,2025-07-07,7480,Heartbreaker,3,Caleb,TRUE,140,17,1
340840,2025-12-02,3307,Mr. Beanie,8,Rafayel,TRUE,66,63,3
118200,2025-12-02,3163,Snoozer,5,Rafayel,TRUE,52,80,3
452311,2025-11-12,5336,Snoozer,9,Rafayel,TRUE,125,61,2
725165,2025-07-20,8636,Snoozer,1,Xavier,FALSE,67,79,0
637774,2025-11-22,8195,Heartbreaker,8,Rafayel,TRUE,77,64,3
741327,2025-06-30,6353,Heartbreaker,4,Caleb,TRUE,125,2,1
992418,2025-11-14,7238,Heartbreaker,2,Zayne,TRUE,109,87,2
846632,2025-12-04,7290,Snoozer,5,Zayne,TRUE,99,62,2
832130,2025-09-13,3177,Snoozer,1,Sylus,TRUE,114,95,2
159745,2025-08-27,6917,Lemonette,7,Rafayel,TRUE,85,60,3
772764,2025-01-21,7201,Lemonette,3,Rafayel,TRUE,120,98,2
452311,2025-11-17,2104,Snoozer,2,Rafayel,TRUE,93,67,2
119145,2025-12-27,3903,Heartbreaker,2,Zayne,TRUE,85,90,3
313253,2025-08-27,7082,Mr. Beanie,6,Xavier,FALSE,146,78,0
504266,2025-11-16,1992,Snoozer,9,Rafayel,TRUE,150,68,2
295482,2025-07-22,3148,Heartbreaker,2,Zayne,TRUE,113,3,1
226386,2025-11-26,5956,Lemonette,7,Rafayel,TRUE,135,79,2
321584,2025-08-10,5420,Heartbreaker,6,Rafayel,FALSE,46,75,0
506147,2025-10-11,1578,Lemonette,9,Sylus,TRUE,131,17,1
696505,2025-11-09,7398,Mr. Beanie,7,Sylus,FALSE,44,8,0
884064,2025-05-13,9428,Snoozer,7,Caleb,TRUE,126,7,1
485628,2025-09-28,1457,Pumpkin Magus,3,Xavier,TRUE,108,36,1
845261,2025-05-30,5597,Heartbreaker,1,Sylus,TRUE,104,53,2
795855,2025-05-26,6019,Pumpkin Magus,2,Zayne,FALSE,114,79,0
390817,2025-12-16,1430,Mr. Beanie,7,Xavier,TRUE,77,57,3
295482,2025-07-21,5060,Lemonette,1,Rafayel,TRUE,78,37,2
826543,2025-09-10,4916,Lemonette,9,Sylus,TRUE,31,62,3
288871,2025-12-27,5987,Pumpkin Magus,3,Caleb,FALSE,141,82,0
826543,2025-09-25,1608,Heartbreaker,3,Rafayel,TRUE,66,22,2
335890,2025-11-21,6251,Lemonette,7,Rafayel,TRUE,77,30,2
742702,2025-07-17,7483,Lemonette,5,Xavier,TRUE,88,88,3
555693,2025-11-12,6143,Lemonette,2,Xavier,TRUE,36,88,3
275820,2025-11-13,8272,Mr. Beanie,1,Rafayel,TRUE,33,52,3
549912,2025-11-05,5275,Mr. Beanie,5,Rafayel,TRUE,68,32,2
474358,2025-08-06,9622,Lemonette,9,Zayne,TRUE,135,77,2
237069,2025-12-15,6264,Heartbreaker,4,Zayne,TRUE,128,30,1
548279,2025-06-01,1844,Lemonette,3,Xavier,TRUE,69,20,2
966226,2025-11-25,1424,Snoozer,3,Caleb,FALSE,144,77,0
375190,2025-08-09,1946,Lemonette,4,Rafayel,TRUE,35,61,3
321584,2025-09-26,5224,Lemonette,2,Rafayel,TRUE,138,17,1
254756,2025-10-28,3166,Lemonette,5,Sylus,FALSE,145,9,0
592274,2025-06-13,3448,Mr. Beanie,2,Caleb,TRUE,146,12,1
301279,2025-05-17,3167,Pumpkin Magus,9,Zayne,TRUE,122,45,1
639945,2025-11-02,3780,Pumpkin Magus,2,Xavier,TRUE,60,31,2
321584,2025-10-19,2766,Pumpkin Magus,9,Zayne,TRUE,123,11,1
888577,2025-10-21,2849,Heartbreaker,9,Xavier,TRUE,73,86,3
550768,2025-12-03,8337,Pumpkin Magus,4,Rafayel,TRUE,49,29,2
451127,2025-10-26,5183,Mr. Beanie,7,Xavier,TRUE,141,75,2
237069,2025-12-18,1644,Lemonette,5,Xavier,TRUE,95,90,2
714093,2025-09-18,3379,Heartbreaker,5,Rafayel,TRUE,149,98,2
601290,2025-12-04,9243,Pumpkin Magus,5,Caleb,TRUE,56,5,2
714093,2025-11-02,9735,Pumpkin Magus,2,Rafayel,TRUE,117,9,1
119145,2025-11-15,4662,Snoozer,4,Caleb,TRUE,117,36,1
372956,2025-07-09,3746,Pumpkin Magus,4,Sylus,FALSE,120,25,0
277440,2026-01-01,9045,Lemonette,2,Sylus,FALSE,86,36,0
614728,2025-12-20,4697,Snoozer,1,Zayne,TRUE,74,8,2
645765,2025-07-14,5372,Pumpkin Magus,6,Rafayel,TRUE,142,95,2
834674,2025-10-08,8855,Pumpkin Magus,7,Rafayel,TRUE,57,1,2
188966,2025-09-03,2429,Heartbreaker,4,Rafayel,TRUE,70,25,2
687078,2025-11-28,4365,Heartbreaker,7,Zayne,TRUE,126,92,2
935192,2025-09-05,3202,Heartbreaker,3,Rafayel,FALSE,44,1,0
506147,2025-11-08,7541,Lemonette,9,Zayne,TRUE,127,39,1
427353,2025-09-06,3451,Heartbreaker,5,Xavier,TRUE,145,38,1
741327,2025-08-08,2755,Pumpkin Magus,1,Sylus,TRUE,75,15,2
381970,2025-11-18,8953,Pumpkin Magus,6,Sylus,TRUE,46,3,2
637774,2025-12-04,2204,Snoozer,5,Rafayel,TRUE,94,44,1
592274,2025-05-10,1196,Mr. Beanie,6,Caleb,TRUE,101,53,2
784550,2025-11-29,9662,Heartbreaker,7,Rafayel,TRUE,88,13,2
807218,2025-12-14,6001,Mr. Beanie,6,Zayne,TRUE,130,73,2
428740,2025-11-22,9371,Snoozer,1,Zayne,TRUE,146,48,1
924592,2025-12-14,9164,Snoozer,8,Rafayel,TRUE,149,49,1
906557,2025-10-22,2872,Lemonette,2,Caleb,TRUE,100,27,1
335890,2025-07-14,3297,Snoozer,1,Xavier,FALSE,145,57,0
761063,2025-06-15,5603,Pumpkin Magus,7,Xavier,TRUE,104,28,1
609333,2025-09-02,6691,Mr. Beanie,1,Sylus,TRUE,116,20,1
596367,2025-12-28,1030,Lemonette,1,Rafayel,TRUE,106,50,2
188966,2025-04-27,6980,Heartbreaker,6,Sylus,TRUE,87,60,3
902146,2025-06-13,6622,Snoozer,1,Rafayel,TRUE,39,14,2
227799,2025-04-25,6697,Heartbreaker,7,Xavier,TRUE,59,8,2
226386,2025-12-02,2654,Mr. Beanie,7,Sylus,TRUE,50,29,2
548279,2025-04-20,4242,Heartbreaker,3,Rafayel,TRUE,39,99,3
338159,2025-08-05,4941,Snoozer,3,Sylus,TRUE,44,39,2
614315,2025-08-10,2138,Pumpkin Magus,5,Zayne,TRUE,34,78,3
795855,2025-03-29,2738,Mr. Beanie,7,Zayne,TRUE,130,43,1
340840,2025-12-22,7038,Mr. Beanie,4,Caleb,TRUE,54,90,3
263608,2025-11-02,6688,Mr. Beanie,4,Caleb,FALSE,123,23,0
548279,2025-12-21,1750,Pumpkin Magus,8,Zayne,TRUE,116,49,1
742702,2025-04-25,7408,Lemonette,3,Zayne,FALSE,149,64,0
845261,2025-12-25,3988,Pumpkin Magus,2,Caleb,TRUE,49,94,3
541159,2025-11-28,3605,Lemonette,1,Xavier,TRUE,45,0,2
668616,2025-12-06,7774,Snoozer,1,Zayne,TRUE,96,53,2
574796,2025-12-14,4172,Heartbreaker,7,Xavier,TRUE,110,5,1
771661,2025-10-04,3460,Snoozer,2,Zayne,TRUE,70,24,2
784131,2025-12-16,1287,Mr. Beanie,7,Zayne,TRUE,61,72,3
601290,2025-07-05,9892,Pumpkin Magus,6,Rafayel,TRUE,114,52,2
676537,2025-09-07,3682,Pumpkin Magus,9,Rafayel,TRUE,75,72,3
796300,2025-05-17,1943,Pumpkin Magus,6,Xavier,TRUE,68,69,3
832130,2025-09-03,3704,Snoozer,8,Zayne,TRUE,124,12,1
431375,2025-03-29,4871,Lemonette,7,Sylus,TRUE,134,2,1
127337,2025-10-26,5353,Snoozer,3,Caleb,TRUE,105,31,1
225074,2025-12-10,5078,Heartbreaker,2,Rafayel,TRUE,37,41,2
452311,2025-11-05,7129,Snoozer,6,Xavier,FALSE,108,46,0
504425,2025-06-11,6492,Mr. Beanie,1,Zayne,TRUE,85,26,2
902015,2025-12-14,7728,Pumpkin Magus,7,Rafayel,TRUE,59,6,2
118200,2025-12-26,5663,Heartbreaker,8,Rafayel,TRUE,139,29,1
422983,2026-01-01,8506,Snoozer,4,Rafayel,TRUE,91,15,1
834590,2025-09-01,6990,Lemonette,1,Xavier,TRUE,130,95,2
725165,2025-11-04,3705,Lemonette,4,Rafayel,FALSE,84,86,0
935192,2025-12-23,8307,Heartbreaker,7,Zayne,FALSE,32,99,0
550768,2025-11-23,3069,Pumpkin Magus,7,Rafayel,TRUE,96,77,2
992418,2025-11-05,6804,Heartbreaker,6,Xavier,TRUE,96,3,1
676537,2025-04-08,7376,Lemonette,6,Rafayel,TRUE,58,65,3
478328,2025-10-09,6429,Pumpkin Magus,7,Caleb,TRUE,99,86,2
237069,2025-12-27,1618,Snoozer,3,Xavier,TRUE,128,94,2
263608,2025-10-12,5177,Heartbreaker,5,Rafayel,TRUE,51,70,3
313253,2025-09-30,2135,Mr. Beanie,8,Caleb,TRUE,137,48,1
295482,2025-07-26,8820,Heartbreaker,7,Zayne,FALSE,84,18,0
211485,2025-10-05,9819,Heartbreaker,1,Zayne,FALSE,86,79,0
422983,2026-01-01,7688,Pumpkin Magus,5,Caleb,TRUE,104,1,1
679812,2025-12-22,2544,Heartbreaker,6,Xavier,TRUE,95,70,2
901499,2025-11-24,8693,Heartbreaker,7,Caleb,FALSE,102,66,0
555693,2025-07-17,6248,Heartbreaker,8,Sylus,FALSE,34,5,0
485628,2025-12-05,8754,Snoozer,5,Sylus,TRUE,103,68,2
637774,2025-11-22,3030,Mr. Beanie,8,Caleb,FALSE,50,11,0
984516,2025-10-25,5085,Heartbreaker,2,Zayne,TRUE,93,86,2
514937,2025-12-05,4404,Heartbreaker,6,Sylus,TRUE,33,89,3
796300,2025-10-04,5239,Lemonette,9,Rafayel,TRUE,94,18,1
884064,2025-08-18,8296,Snoozer,6,Caleb,TRUE,58,14,2
725165,2025-08-17,8778,Heartbreaker,2,Zayne,TRUE,124,20,1
338472,2025-11-28,1110,Snoozer,8,Caleb,TRUE,86,65,3
863692,2025-06-06,4316,Snoozer,5,Caleb,FALSE,117,92,0
771041,2025-11-23,8027,Lemonette,8,Caleb,TRUE,52,46,2
769214,2025-10-26,7041,Lemonette,4,Rafayel,TRUE,64,21,2
712634,2025-12-24,4864,Heartbreaker,4,Rafayel,TRUE,70,70,3
438255,2025-11-22,8866,Heartbreaker,3,Caleb,TRUE,56,65,3
335890,2025-06-15,3721,Lemonette,4,Rafayel,FALSE,129,22,0
429077,2025-08-12,7406,Mr. Beanie,5,Zayne,TRUE,58,18,2
632495,2025-12-20,8929,Lemonette,7,Rafayel,TRUE,132,36,1
313253,2025-11-10,8780,Pumpkin Magus,7,Xavier,TRUE,103,47,1
866987,2025-12-05,9204,Snoozer,9,Xavier,TRUE,141,67,2
966226,2025-12-15,9149,Pumpkin Magus,9,Rafayel,TRUE,116,34,1
531336,2025-10-24,1884,Snoozer,5,Rafayel,TRUE,42,83,3
119145,2025-11-27,4112,Heartbreaker,1,Caleb,TRUE,40,38,2
632495,2025-11-15,8156,Mr. Beanie,4,Zayne,TRUE,98,88,2
427353,2025-06-25,8532,Heartbreaker,4,Caleb,TRUE,121,34,1
341171,2025-12-16,1966,Pumpkin Magus,1,Xavier,FALSE,47,29,0
742702,2025-12-22,9777,Mr. Beanie,4,Zayne,TRUE,111,23,1
826543,2025-09-16,2496,Snoozer,2,Sylus,FALSE,60,39,0
782989,2025-11-24,9484,Snoozer,7,Xavier,FALSE,135,90,0
372956,2025-09-05,2687,Heartbreaker,7,Caleb,FALSE,41,30,0
537061,2025-11-16,6200,Snoozer,3,Sylus,FALSE,111,40,0
834590,2025-12-03,5712,Heartbreaker,9,Sylus,FALSE,93,52,0
335890,2025-10-05,5787,Snoozer,2,Rafayel,TRUE,107,84,2
601689,2025-01-31,6352,Pumpkin Magus,7,Caleb,TRUE,102,63,2
470088,2025-10-26,7252,Lemonette,7,Rafayel,TRUE,36,47,2
127337,2025-12-23,6331,Mr. Beanie,1,Xavier,TRUE,82,6,2
226386,2025-11-19,2069,Snoozer,5,Xavier,TRUE,135,30,1
906557,2025-12-03,9217,Lemonette,6,Sylus,TRUE,149,2,1
696505,2025-12-23,3014,Snoozer,4,Caleb,FALSE,104,82,0
741327,2025-07-04,3950,Mr. Beanie,7,Zayne,TRUE,38,24,2
687078,2025-09-23,1151,Heartbreaker,7,Zayne,TRUE,49,47,2
397240,2025-09-06,2960,Heartbreaker,7,Xavier,TRUE,90,95,3
823737,2025-12-12,9980,Pumpkin Magus,5,Xavier,TRUE,135,38,1
834590,2025-09-10,5409,Snoozer,5,Sylus,FALSE,71,97,0
385312,2025-11-21,2430,Lemonette,8,Zayne,TRUE,102,10,1
183736,2025-10-02,2223,Heartbreaker,9,Zayne,TRUE,31,47,2
313253,2025-08-24,2209,Lemonette,4,Xavier,TRUE,121,52,2
514937,2025-12-10,2169,Heartbreaker,3,Caleb,TRUE,87,18,2
118200,2025-11-16,6709,Mr. Beanie,9,Zayne,FALSE,60,65,0
340840,2025-11-16,4830,Pumpkin Magus,7,Xavier,FALSE,82,79,0
379379,2025-06-24,1037,Pumpkin Magus,1,Caleb,TRUE,133,20,1
495082,2025-11-28,3540,Pumpkin Magus,5,Xavier,TRUE,74,75,3
453795,2025-07-30,4440,Mr. Beanie,2,Rafayel,FALSE,40,74,0
769214,2025-12-02,6487,Lemonette,6,Rafayel,TRUE,39,31,2
478328,2025-10-30,6105,Mr. Beanie,3,Zayne,TRUE,88,98,3
771661,2025-10-12,8033,Snoozer,6,Sylus,TRUE,37,14,2
548148,2026-01-01,7323,Lemonette,7,Rafayel,FALSE,35,25,0
747344,2025-04-04,1753,Heartbreaker,3,Rafayel,TRUE,65,25,2
160277,2025-12-14,9290,Mr. Beanie,7,Rafayel,TRUE,82,54,3
834590,2025-11-15,1102,Snoozer,5,Caleb,TRUE,114,80,2
227799,2025-04-17,4782,Heartbreaker,7,Xavier,FALSE,115,48,0
639945,2025-10-17,5543,Heartbreaker,1,Sylus,TRUE,89,12,2
714093,2025-10-23,2791,Snoozer,2,Zayne,TRUE,33,55,3
206823,2025-12-18,7178,Lemonette,5,Zayne,FALSE,79,11,0
964988,2025-10-09,8492,Lemonette,4,Sylus,TRUE,126,1,1
453795,2025-08-27,9575,Pumpkin Magus,3,Sylus,TRUE,87,35,2
155852,2025-09-11,6884,Snoozer,3,Zayne,FALSE,37,20,0
874365,2025-04-26,7592,Heartbreaker,5,Caleb,TRUE,107,62,2
742702,2025-08-14,5764,Lemonette,2,Caleb,TRUE,71,94,3
966226,2025-11-28,3304,Pumpkin Magus,1,Zayne,FALSE,141,27,0
227799,2025-11-30,1034,Snoozer,3,Caleb,TRUE,50,80,3
338472,2025-12-01,1168,Lemonette,7,Zayne,TRUE,113,11,1
742702,2025-08-06,9764,Pumpkin Magus,2,Xavier,TRUE,100,38,1
610399,2025-08-29,8648,Snoozer,6,Xavier,TRUE,147,79,2
598057,2025-08-18,6676,Lemonette,1,Rafayel,TRUE,142,38,1
321584,2025-12-04,3461,Snoozer,3,Rafayel,TRUE,42,80,3
727074,2025-09-13,4752,Mr. Beanie,6,Zayne,TRUE,56,32,2
880318,2025-05-23,4306,Lemonette,2,Zayne,TRUE,44,9,2
111393,2025-12-12,5646,Mr. Beanie,7,Rafayel,TRUE,136,22,1
696505,2025-11-03,3168,Mr. Beanie,1,Sylus,TRUE,40,1,2
208144,2025-09-20,9093,Mr. Beanie,7,Xavier,TRUE,142,61,2
159745,2025-09-13,8571,Heartbreaker,4,Zayne,TRUE,83,90,3
882995,2025-06-09,9473,Pumpkin Magus,6,Caleb,TRUE,67,46,2
834590,2025-12-19,1028,Heartbreaker,4,Xavier,FALSE,58,15,0
424742,2025-12-04,8657,Snoozer,5,Xavier,TRUE,149,49,1
992418,2025-08-09,9818,Lemonette,3,Caleb,TRUE,78,65,3
504425,2025-07-07,2452,Heartbreaker,1,Sylus,TRUE,85,47,2
700465,2025-11-18,8742,Mr. Beanie,5,Rafayel,TRUE,88,66,3
823737,2025-11-17,9491,Mr. Beanie,5,Xavier,FALSE,93,58,0
866987,2025-11-12,3080,Pumpkin Magus,2,Rafayel,FALSE,121,85,0
733001,2025-05-27,2015,Heartbreaker,9,Xavier,FALSE,32,59,0
823737,2025-11-09,9429,Lemonette,2,Xavier,TRUE,75,64,3
543611,2025-12-09,3944,Heartbreaker,2,Caleb,TRUE,95,49,1
668616,2025-10-02,4711,Mr. Beanie,6,Rafayel,TRUE,124,55,2
295482,2025-07-29,6859,Pumpkin Magus,8,Xavier,TRUE,145,48,1
727074,2025-11-22,1708,Mr. Beanie,5,Zayne,TRUE,128,50,2
379379,2025-08-14,9182,Mr. Beanie,8,Xavier,TRUE,89,54,3
226386,2025-08-09,7502,Snoozer,5,Zayne,FALSE,56,98,0
760028,2025-06-23,2166,Pumpkin Magus,8,Zayne,TRUE,138,73,2
834674,2025-09-15,6938,Mr. Beanie,7,Sylus,TRUE,39,25,2
521864,2025-09-04,2734,Snoozer,3,Xavier,TRUE,51,0,2
935192,2025-11-06,7813,Lemonette,7,Caleb,TRUE,96,57,2
668616,2025-09-23,4345,Mr. Beanie,7,Caleb,TRUE,77,93,3
127337,2025-12-01,9773,Heartbreaker,4,Rafayel,TRUE,146,52,2
976659,2025-06-19,5413,Lemonette,4,Zayne,TRUE,68,11,2
676537,2025-09-12,5710,Snoozer,3,Caleb,TRUE,139,78,2
814699,2025-11-21,3140,Snoozer,3,Rafayel,TRUE,112,69,2
504266,2025-11-25,1587,Heartbreaker,5,Zayne,TRUE,148,26,1
714093,2025-11-10,2021,Lemonette,7,Xavier,TRUE,141,37,1
668616,2025-07-02,2697,Pumpkin Magus,9,Xavier,TRUE,111,51,2
826543,2025-10-20,1021,Pumpkin Magus,5,Sylus,TRUE,99,62,2
801943,2025-10-14,1925,Snoozer,8,Sylus,TRUE,59,92,3
632495,2025-10-29,2011,Mr. Beanie,5,Sylus,TRUE,128,4,1
609844,2025-05-22,7370,Pumpkin Magus,8,Sylus,TRUE,136,56,2
639945,2025-09-19,1769,Snoozer,7,Caleb,TRUE,115,3,1
153958,2025-12-30,4894,Snoozer,6,Rafayel,TRUE,35,36,2
428740,2025-12-08,8867,Lemonette,6,Xavier,TRUE,137,75,2
548148,2025-12-17,5914,Mr. Beanie,8,Rafayel,TRUE,96,76,2
679812,2025-06-29,1593,Mr. Beanie,6,Caleb,TRUE,104,92,2
336673,2025-12-21,8204,Heartbreaker,5,Xavier,TRUE,79,23,2
574796,2025-12-14,6018,Mr. Beanie,9,Rafayel,TRUE,56,64,3
832054,2025-09-25,9358,Pumpkin Magus,9,Zayne,TRUE,69,54,3
301279,2025-05-20,2445,Heartbreaker,4,Sylus,FALSE,91,11,0
714093,2025-10-18,2551,Pumpkin Magus,7,Caleb,TRUE,130,99,2
373348,2026-01-01,3264,Mr. Beanie,5,Caleb,FALSE,31,77,0
807218,2025-12-22,8411,Heartbreaker,5,Sylus,TRUE,80,36,2
474358,2025-12-21,9271,Snoozer,4,Xavier,TRUE,36,46,2
413814,2025-12-24,3913,Pumpkin Magus,5,Xavier,FALSE,69,96,0
727074,2025-08-16,4286,Snoozer,4,Rafayel,TRUE,65,89,3
733001,2025-04-17,2282,Heartbreaker,7,Sylus,FALSE,70,31,0
964988,2025-09-10,6156,Heartbreaker,6,Caleb,FALSE,110,37,0
801644,2025-10-09,3935,Snoozer,4,Xavier,TRUE,71,81,3
287267,2025-09-12,6087,Pumpkin Magus,1,Sylus,FALSE,140,14,0
478328,2025-11-27,4135,Mr. Beanie,9,Caleb,FALSE,142,22,0
796300,2025-12-04,5192,Lemonette,3,Zayne,TRUE,52,45,2
548148,2025-11-21,2068,Lemonette,1,Caleb,TRUE,55,48,2
521864,2025-11-26,8310,Lemonette,9,Sylus,FALSE,92,60,0
288871,2025-12-07,4249,Pumpkin Magus,8,Rafayel,TRUE,135,66,2
888797,2025-09-03,6209,Heartbreaker,3,Rafayel,FALSE,131,27,0
225074,2025-08-28,6375,Snoozer,7,Xavier,FALSE,116,71,0
865780,2025-11-01,2498,Snoozer,8,Sylus,TRUE,49,22,2
728074,2025-11-25,3389,Heartbreaker,1,Zayne,TRUE,129,7,1
680655,2025-12-26,6714,Mr. Beanie,4,Sylus,TRUE,109,16,1
700485,2025-07-27,2639,Pumpkin Magus,3,Sylus,TRUE,119,45,1
409075,2025-12-19,3109,Snoozer,2,Caleb,TRUE,59,85,3
863692,2025-06-01,8294,Heartbreaker,5,Zayne,TRUE,80,13,2
796300,2025-05-17,5517,Snoozer,7,Rafayel,TRUE,139,57,2
901499,2025-12-07,9603,Snoozer,4,Caleb,TRUE,57,49,2
211485,2025-08-10,6708,Heartbreaker,1,Xavier,FALSE,100,97,0
747344,2025-06-16,8229,Pumpkin Magus,8,Xavier,TRUE,136,69,2
906557,2025-12-31,2739,Heartbreaker,1,Xavier,TRUE,102,18,1
901499,2025-11-08,9834,Mr. Beanie,7,Zayne,FALSE,81,59,0
183736,2025-10-22,1200,Mr. Beanie,6,Xavier,TRUE,71,13,2
752173,2025-02-17,6402,Snoozer,6,Caleb,TRUE,75,100,3
359139,2025-11-07,4879,Pumpkin Magus,5,Sylus,TRUE,40,20,2
954746,2025-11-20,7991,Heartbreaker,4,Zayne,FALSE,50,25,0
736867,2025-06-23,7226,Lemonette,7,Sylus,TRUE,125,74,2
992418,2025-12-17,8395,Pumpkin Magus,7,Caleb,TRUE,63,64,3
880318,2025-06-13,1514,Heartbreaker,4,Zayne,TRUE,72,97,3
214620,2025-08-15,5394,Lemonette,6,Caleb,TRUE,131,78,2
470088,2025-10-31,4865,Mr. Beanie,2,Caleb,TRUE,108,57,2
752173,2025-08-11,3760,Heartbreaker,4,Caleb,TRUE,119,86,2
911910,2025-12-23,5845,Snoozer,7,Rafayel,TRUE,40,15,2
369683,2025-05-22,5613,Lemonette,5,Caleb,TRUE,80,97,3
807218,2025-12-12,3636,Heartbreaker,9,Sylus,FALSE,70,16,0
976659,2025-10-20,7656,Heartbreaker,4,Xavier,TRUE,32,81,3
214620,2025-08-18,1502,Mr. Beanie,8,Caleb,TRUE,55,69,3
538454,2025-04-20,6338,Pumpkin Magus,6,Rafayel,TRUE,85,34,2
211485,2025-05-02,3972,Mr. Beanie,1,Zayne,TRUE,111,46,1
823737,2025-12-15,4255,Heartbreaker,7,Sylus,FALSE,134,19,0
609333,2025-05-26,2221,Mr. Beanie,9,Xavier,TRUE,123,68,2
645765,2025-02-17,5783,Lemonette,8,Xavier,TRUE,115,14,1
761063,2025-10-01,2928,Heartbreaker,5,Sylus,TRUE,46,85,3
148823,2025-12-30,4217,Snoozer,7,Rafayel,TRUE,119,29,1
865780,2025-09-17,5458,Snoozer,6,Xavier,TRUE,47,65,3
506147,2025-12-21,2984,Heartbreaker,3,Caleb,TRUE,80,40,2
784131,2025-12-27,5724,Snoozer,8,Rafayel,FALSE,96,88,0
347272,2025-10-28,2604,Lemonette,3,Xavier,TRUE,140,0,1
842270,2025-12-23,5402,Snoozer,6,Zayne,TRUE,112,99,2
731589,2025-12-28,7184,Pumpkin Magus,2,Caleb,FALSE,95,64,0
548279,2025-04-08,7525,Pumpkin Magus,1,Rafayel,TRUE,47,84,3
348649,2025-06-28,6949,Heartbreaker,3,Zayne,FALSE,128,44,0
826543,2025-11-21,7409,Heartbreaker,5,Rafayel,TRUE,96,0,1
119145,2025-10-12,1408,Snoozer,7,Rafayel,FALSE,131,20,0
874365,2025-12-26,1563,Snoozer,1,Rafayel,TRUE,64,30,2
714093,2025-12-14,9104,Snoozer,3,Zayne,TRUE,149,85,2
866899,2025-12-02,1004,Lemonette,9,Sylus,TRUE,81,82,3
771661,2025-11-16,1139,Pumpkin Magus,3,Caleb,FALSE,66,53,0
118200,2025-12-04,7589,Snoozer,8,Rafayel,TRUE,96,23,1
801644,2025-12-24,6388,Lemonette,2,Sylus,TRUE,144,59,2
506147,2025-10-20,3502,Heartbreaker,1,Xavier,TRUE,75,38,2
549912,2025-09-16,2689,Snoozer,3,Sylus,TRUE,58,76,3
263608,2025-12-29,8858,Mr. Beanie,4,Rafayel,TRUE,70,6,2
127337,2025-12-20,3333,Pumpkin Magus,3,Zayne,FALSE,90,70,0
796300,2025-07-27,4790,Lemonette,3,Zayne,TRUE,31,33,2
752173,2025-04-15,7966,Mr. Beanie,8,Caleb,TRUE,142,28,1
984516,2025-10-28,4810,Pumpkin Magus,6,Xavier,TRUE,80,23,2
385312,2025-12-25,5068,Pumpkin Magus,6,Rafayel,TRUE,87,39,2
280853,2025-08-14,8445,Snoozer,4,Rafayel,FALSE,103,44,0
461798,2025-07-07,8700,Snoozer,6,Sylus,TRUE,87,74,3
396109,2025-07-18,9647,Heartbreaker,6,Caleb,TRUE,56,74,3
453795,2025-08-12,6967,Heartbreaker,9,Xavier,TRUE,137,5,1
819323,2025-10-24,6795,Snoozer,9,Caleb,TRUE,86,92,3
601689,2025-06-05,5038,Mr. Beanie,2,Rafayel,TRUE,74,90,3
340840,2025-10-20,7997,Heartbreaker,6,Rafayel,TRUE,82,89,3
514937,2025-09-23,8142,Snoozer,1,Caleb,FALSE,30,34,0
118200,2025-12-31,8025,Pumpkin Magus,5,Rafayel,FALSE,138,99,0
543611,2025-12-01,9722,Lemonette,9,Sylus,TRUE,41,91,3
731589,2025-12-31,9068,Snoozer,1,Sylus,TRUE,61,8,2
123123,2025-12-08,3067,Snoozer,9,Rafayel,TRUE,60,67,3
645765,2025-09-26,9895,Pumpkin Magus,1,Sylus,FALSE,49,12,0
911910,2025-11-07,1453,Snoozer,5,Sylus,TRUE,102,21,1
548148,2025-12-10,4308,Mr. Beanie,9,Caleb,FALSE,84,46,0
901499,2025-10-29,1978,Snoozer,2,Rafayel,TRUE,79,60,3
804587,2025-10-02,8584,Snoozer,5,Rafayel,TRUE,41,70,3
379379,2025-07-01,9553,Pumpkin Magus,6,Xavier,TRUE,58,80,3
733001,2025-05-17,3775,Mr. Beanie,4,Xavier,TRUE,70,20,2
954746,2025-11-04,5094,Heartbreaker,5,Zayne,TRUE,149,72,2
254756,2025-08-10,3467,Snoozer,3,Zayne,TRUE,66,35,2
610399,2025-08-27,5015,Heartbreaker,4,Xavier,TRUE,39,16,2
228614,2025-12-15,6116,Mr. Beanie,3,Rafayel,TRUE,95,53,2
385312,2025-12-08,1466,Heartbreaker,3,Rafayel,TRUE,117,90,2
277440,2025-11-18,4605,Pumpkin Magus,3,Caleb,TRUE,86,37,2
771041,2025-12-28,7241,Lemonette,7,Rafayel,TRUE,129,11,1
605258,2025-04-22,6970,Snoozer,2,Caleb,TRUE,89,36,2
396109,2025-07-02,3115,Mr. Beanie,4,Sylus,TRUE,81,37,2
555693,2025-07-29,3785,Snoozer,1,Zayne,TRUE,71,26,2
736867,2025-07-01,1318,Mr. Beanie,9,Zayne,TRUE,91,63,2
127337,2025-12-14,7568,Snoozer,1,Xavier,TRUE,73,11,2
375190,2025-08-01,4976,Mr. Beanie,1,Zayne,TRUE,59,31,2
801644,2025-03-01,9648,Mr. Beanie,3,Caleb,FALSE,63,65,0
574796,2025-11-12,8987,Pumpkin Magus,9,Xavier,TRUE,83,14,2
470088,2025-09-29,9264,Mr. Beanie,7,Sylus,FALSE,135,39,0
543611,2025-10-17,4637,Lemonette,9,Rafayel,TRUE,132,78,2
687078,2025-06-07,1742,Pumpkin Magus,1,Caleb,TRUE,91,55,2
906557,2025-11-30,3197,Snoozer,6,Caleb,TRUE,39,6,2
390817,2025-12-26,1254,Snoozer,1,Sylus,TRUE,49,66,3
183736,2025-11-13,1444,Pumpkin Magus,9,Caleb,TRUE,73,60,3
632495,2025-11-06,2475,Snoozer,1,Sylus,TRUE,37,20,2
514937,2025-07-03,5204,Heartbreaker,4,Caleb,FALSE,105,68,0
338472,2025-06-25,4954,Mr. Beanie,8,Caleb,FALSE,69,48,0
742702,2025-07-17,1481,Heartbreaker,7,Zayne,FALSE,131,91,0
111393,2026-01-01,1143,Pumpkin Magus,6,Sylus,FALSE,84,65,0
826543,2025-10-14,7996,Snoozer,7,Xavier,TRUE,135,40,1
369938,2025-10-03,3173,Lemonette,8,Rafayel,TRUE,42,96,3
860612,2025-10-23,1280,Heartbreaker,7,Zayne,TRUE,100,18,1
341171,2025-07-20,6996,Lemonette,8,Xavier,TRUE,100,41,1
747344,2025-06-07,6022,Pumpkin Magus,1,Zayne,TRUE,132,42,1
390817,2025-12-27,5297,Snoozer,4,Sylus,TRUE,110,63,2
375190,2025-12-29,5857,Lemonette,1,Zayne,TRUE,123,98,2
474358,2025-06-05,7310,Snoozer,9,Sylus,TRUE,33,7,2
359981,2025-06-28,3589,Lemonette,3,Zayne,FALSE,134,34,0
902146,2025-07-29,4989,Pumpkin Magus,1,Zayne,TRUE,146,84,2
335890,2025-10-14,6997,Mr. Beanie,7,Xavier,TRUE,94,84,2
865780,2025-09-15,8258,Mr. Beanie,3,Zayne,TRUE,61,81,3
549912,2025-09-28,9121,Pumpkin Magus,4,Sylus,TRUE,150,60,2
226386,2025-10-13,5691,Pumpkin Magus,5,Rafayel,TRUE,65,84,3
422983,2025-12-31,5774,Lemonette,4,Caleb,TRUE,47,11,2
159745,2025-09-14,9079,Heartbreaker,3,Caleb,TRUE,50,54,3
846632,2025-12-16,5685,Snoozer,9,Caleb,TRUE,38,73,3
950166,2025-12-11,5974,Snoozer,7,Zayne,FALSE,90,17,0
227799,2025-09-27,3845,Pumpkin Magus,3,Zayne,TRUE,71,33,2
504266,2025-10-22,2809,Snoozer,1,Sylus,TRUE,47,45,2
111393,2025-10-30,4890,Mr. Beanie,6,Rafayel,FALSE,39,9,0
127337,2025-08-13,3384,Mr. Beanie,9,Xavier,TRUE,115,20,1
866899,2025-12-04,1935,Lemonette,5,Xavier,TRUE,34,76,3
155852,2025-04-16,7400,Mr. Beanie,3,Rafayel,TRUE,72,24,2
275820,2025-11-05,7591,Pumpkin Magus,8,Zayne,FALSE,106,10,0
761063,2025-07-18,7029,Lemonette,5,Caleb,TRUE,90,7,2
504266,2025-12-05,2399,Heartbreaker,9,Zayne,TRUE,94,8,1
621918,2025-11-09,6630,Pumpkin Magus,4,Zayne,FALSE,103,80,0
992418,2025-09-15,6085,Snoozer,6,Xavier,TRUE,57,4,2
390817,2025-12-17,4447,Mr. Beanie,9,Zayne,FALSE,30,9,0
966226,2025-12-14,7484,Heartbreaker,2,Xavier,TRUE,139,8,1
336673,2025-12-28,3435,Mr. Beanie,9,Xavier,FALSE,123,34,0
610399,2025-08-12,9066,Snoozer,8,Caleb,TRUE,130,50,2
598057,2025-04-06,2677,Mr. Beanie,9,Rafayel,TRUE,58,43,2
712634,2025-12-26,9239,Mr. Beanie,6,Zayne,TRUE,91,41,1
413814,2025-12-18,8406,Heartbreaker,3,Zayne,FALSE,108,56,0
148823,2025-11-12,8477,Pumpkin Magus,8,Caleb,FALSE,64,49,0
409075,2025-12-09,3754,Lemonette,8,Sylus,FALSE,34,79,0
116606,2025-12-24,8558,Heartbreaker,3,Zayne,TRUE,112,70,2
737417,2025-11-03,5005,Mr. Beanie,9,Sylus,TRUE,32,22,2
211485,2025-06-03,2680,Mr. Beanie,7,Caleb,TRUE,65,56,3
280853,2025-07-15,7909,Lemonette,4,Caleb,TRUE,90,88,3
950166,2025-12-08,7709,Snoozer,6,Zayne,TRUE,77,18,2
601290,2025-03-07,3175,Heartbreaker,4,Rafayel,FALSE,65,37,0
538454,2025-08-03,2792,Lemonette,7,Xavier,TRUE,103,2,1
950166,2025-11-15,8958,Lemonette,4,Sylus,FALSE,86,0,0
385312,2025-11-12,5976,Snoozer,9,Xavier,FALSE,51,6,0
737417,2025-06-04,3182,Heartbreaker,6,Rafayel,TRUE,112,60,2
747344,2025-12-17,2678,Pumpkin Magus,9,Sylus,TRUE,97,87,2
237069,2025-12-28,1728,Lemonette,4,Rafayel,TRUE,85,3,2
609333,2025-11-24,1103,Pumpkin Magus,9,Zayne,TRUE,68,30,2
807218,2025-12-13,1468,Mr. Beanie,2,Rafayel,TRUE,87,8,2
845261,2025-02-05,1376,Mr. Beanie,8,Rafayel,TRUE,97,76,2
846418,2025-09-04,8213,Lemonette,3,Sylus,FALSE,56,1,0
428740,2025-11-24,3063,Snoozer,1,Sylus,TRUE,141,75,2
804587,2025-10-29,1189,Snoozer,5,Rafayel,TRUE,116,79,2
370682,2025-12-05,7078,Lemonette,1,Xavier,FALSE,51,27,0
453795,2025-09-24,8356,Snoozer,7,Xavier,FALSE,91,10,0
328801,2025-09-27,7350,Pumpkin Magus,2,Rafayel,TRUE,84,11,2
752173,2025-06-23,2709,Pumpkin Magus,2,Xavier,TRUE,50,21,2
902015,2025-12-22,9522,Lemonette,5,Xavier,TRUE,139,41,1
111393,2025-11-15,6238,Lemonette,9,Zayne,TRUE,77,52,3
199038,2025-10-11,1906,Pumpkin Magus,4,Rafayel,TRUE,57,36,2
845261,2025-06-08,1879,Mr. Beanie,9,Caleb,TRUE,136,97,2
228614,2025-12-17,6227,Lemonette,7,Zayne,TRUE,115,8,1
370682,2025-12-19,8015,Snoozer,3,Caleb,TRUE,54,89,3
148823,2025-12-06,1594,Heartbreaker,8,Sylus,TRUE,80,46,2
347272,2025-11-25,4535,Pumpkin Magus,8,Zayne,TRUE,149,85,2
287267,2025-07-04,3347,Mr. Beanie,6,Caleb,TRUE,143,76,2
511230,2025-12-25,3274,Heartbreaker,8,Sylus,TRUE,51,80,3
127337,2025-09-22,8348,Pumpkin Magus,2,Xavier,TRUE,134,0,1
429077,2025-09-10,3208,Lemonette,6,Caleb,TRUE,91,77,2
541159,2025-12-19,8856,Mr. Beanie,5,Xavier,FALSE,73,12,0
118200,2025-12-19,2845,Lemonette,8,Xavier,TRUE,52,97,3
485628,2025-08-01,4915,Snoozer,3,Sylus,FALSE,62,20,0
964988,2025-09-06,7044,Mr. Beanie,6,Xavier,TRUE,109,18,1
935192,2025-12-11,7259,Pumpkin Magus,3,Xavier,TRUE,108,31,1
237069,2025-12-19,4548,Snoozer,3,Caleb,TRUE,137,14,1
679812,2025-10-04,6560,Heartbreaker,8,Xavier,TRUE,55,7,2
598057,2025-12-10,7842,Pumpkin Magus,8,Rafayel,TRUE,123,24,1
901499,2025-11-06,9951,Lemonette,3,Zayne,TRUE,130,22,1
211485,2025-12-24,5455,Lemonette,2,Rafayel,TRUE,88,7,2
338159,2025-08-04,9526,Snoozer,6,Rafayel,TRUE,70,30,2
188966,2025-04-03,3586,Lemonette,5,Zayne,TRUE,34,59,3
784550,2025-12-07,1975,Lemonette,2,Zayne,TRUE,113,15,1
461798,2025-05-16,7160,Pumpkin Magus,8,Sylus,TRUE,118,71,2
390817,2025-12-25,5453,Heartbreaker,3,Rafayel,TRUE,81,32,2
119145,2025-12-19,8082,Snoozer,5,Xavier,FALSE,39,25,0
396109,2025-09-14,3330,Pumpkin Magus,6,Rafayel,TRUE,141,47,1
772764,2025-10-22,3728,Pumpkin Magus,4,Caleb,TRUE,31,68,3
550768,2025-12-07,6482,Heartbreaker,7,Sylus,TRUE,97,80,2
989843,2025-12-22,7127,Mr. Beanie,8,Sylus,TRUE,43,4,2
989843,2025-11-22,8502,Mr. Beanie,6,Zayne,TRUE,94,31,1
921713,2025-05-01,7752,Lemonette,2,Sylus,TRUE,103,47,1
550768,2025-12-05,8670,Mr. Beanie,1,Sylus,TRUE,116,67,2
614315,2025-08-26,8784,Pumpkin Magus,6,Zayne,TRUE,131,98,2
208144,2025-03-07,6147,Heartbreaker,1,Xavier,TRUE,144,68,2
910062,2025-07-03,4475,Pumpkin Magus,4,Xavier,TRUE,115,41,1
359981,2025-10-31,1649,Mr. Beanie,7,Caleb,TRUE,61,43,2
888797,2025-12-08,6422,Mr. Beanie,4,Rafayel,TRUE,124,36,1
116606,2025-10-16,5216,Heartbreaker,4,Zayne,TRUE,143,86,2
614728,2025-10-30,2533,Mr. Beanie,4,Caleb,FALSE,48,99,0
596367,2025-12-30,4883,Heartbreaker,9,Zayne,FALSE,108,78,0
884064,2025-10-06,5574,Mr. Beanie,5,Caleb,TRUE,88,91,3
427353,2025-12-26,5751,Heartbreaker,4,Caleb,TRUE,65,6,2
742702,2025-08-22,9023,Lemonette,9,Zayne,TRUE,74,44,2
901499,2025-12-16,1054,Mr. Beanie,1,Xavier,FALSE,39,86,0
741327,2025-07-22,4127,Pumpkin Magus,2,Caleb,TRUE,81,68,3
511550,2025-08-16,3180,Snoozer,5,Zayne,TRUE,69,9,2
924592,2025-11-21,5007,Pumpkin Magus,4,Zayne,FALSE,58,78,0
760028,2025-05-12,9386,Lemonette,3,Caleb,FALSE,107,34,0
884064,2025-10-15,3733,Snoozer,2,Caleb,FALSE,122,75,0
796300,2025-12-14,9739,Lemonette,8,Rafayel,TRUE,36,62,3
214620,2025-04-14,4310,Snoozer,1,Rafayel,FALSE,41,47,0
964988,2025-09-20,8358,Pumpkin Magus,1,Xavier,TRUE,61,61,3
621918,2025-09-04,9625,Lemonette,9,Caleb,FALSE,95,32,0
227799,2025-09-23,2465,Heartbreaker,4,Sylus,TRUE,47,12,2
429077,2025-09-02,1659,Mr. Beanie,3,Xavier,FALSE,37,11,0
225074,2025-10-05,4066,Heartbreaker,1,Xavier,TRUE,97,78,2
478328,2025-11-28,4146,Pumpkin Magus,1,Caleb,TRUE,137,8,1
614728,2025-10-26,3834,Heartbreaker,3,Caleb,TRUE,111,9,1
639945,2025-11-18,1088,Heartbreaker,1,Zayne,TRUE,101,67,2
118200,2025-12-21,6042,Lemonette,2,Zayne,TRUE,60,66,3
801644,2025-09-27,3028,Lemonette,1,Xavier,TRUE,60,95,3
614728,2025-12-21,7900,Snoozer,4,Xavier,FALSE,131,46,0
761063,2025-08-04,8632,Heartbreaker,9,Sylus,FALSE,134,21,0
801644,2025-05-23,7936,Heartbreaker,3,Caleb,TRUE,88,20,2
299295,2025-12-20,2250,Snoozer,7,Xavier,TRUE,35,27,2
127337,2025-12-18,6490,Pumpkin Magus,8,Rafayel,TRUE,124,92,2
226386,2025-08-03,9022,Mr. Beanie,2,Zayne,TRUE,45,57,3
733001,2025-09-07,2331,Mr. Beanie,4,Rafayel,TRUE,48,28,2
208144,2025-12-20,6150,Lemonette,5,Rafayel,FALSE,121,67,0
228614,2025-12-26,1409,Snoozer,4,Caleb,TRUE,91,19,1
409075,2025-12-16,6733,Lemonette,5,Rafayel,TRUE,117,78,2
558280,2025-12-05,3979,Lemonette,1,Rafayel,TRUE,99,81,2
863692,2025-06-07,5969,Lemonette,1,Caleb,TRUE,66,76,3
341171,2025-06-17,2624,Pumpkin Magus,4,Rafayel,FALSE,74,68,0
902015,2025-12-28,4771,Pumpkin Magus,4,Zayne,TRUE,135,99,2
373348,2026-01-01,1647,Pumpkin Magus,7,Rafayel,TRUE,150,85,2
679812,2025-10-24,3745,Mr. Beanie,3,Zayne,TRUE,92,27,1
262776,2025-10-31,4187,Snoozer,5,Zayne,TRUE,70,16,2
199038,2025-07-23,8144,Pumpkin Magus,1,Caleb,TRUE,66,95,3
728074,2025-10-09,5755,Mr. Beanie,8,Caleb,TRUE,146,45,1
771041,2025-09-08,2884,Pumpkin Magus,3,Caleb,FALSE,78,38,0
609844,2025-06-01,7830,Lemonette,5,Rafayel,TRUE,140,13,1
295482,2025-12-24,1022,Pumpkin Magus,9,Zayne,TRUE,58,20,2
880318,2025-03-19,2628,Heartbreaker,1,Zayne,TRUE,100,40,1
550768,2025-12-03,9350,Lemonette,3,Caleb,TRUE,130,80,2
409075,2025-12-02,2638,Snoozer,6,Rafayel,TRUE,88,81,3
335890,2025-10-18,5538,Heartbreaker,8,Rafayel,TRUE,52,39,2
370682,2025-12-10,4107,Pumpkin Magus,1,Zayne,FALSE,36,53,0
772764,2025-02-21,9099,Lemonette,6,Sylus,FALSE,37,21,0
160277,2025-12-14,1251,Snoozer,9,Caleb,TRUE,49,76,3
191060,2025-10-07,1275,Pumpkin Magus,9,Rafayel,TRUE,95,29,1
888797,2025-09-15,2609,Lemonette,4,Caleb,TRUE,30,30,2
340840,2025-12-08,1939,Snoozer,4,Caleb,TRUE,143,17,1
338472,2025-12-21,1971,Lemonette,1,Rafayel,FALSE,135,46,0
369683,2025-10-28,5208,Lemonette,4,Sylus,TRUE,121,81,2
796300,2025-06-18,5086,Heartbreaker,5,Zayne,TRUE,129,67,2
549912,2025-08-10,3552,Lemonette,6,Xavier,TRUE,77,31,2
390817,2025-12-23,8243,Snoozer,1,Caleb,TRUE,43,79,3
541159,2025-12-30,6684,Lemonette,2,Xavier,TRUE,51,87,3
954746,2025-12-23,4832,Snoozer,4,Zayne,FALSE,95,76,0
385312,2025-11-27,7363,Snoozer,6,Sylus,TRUE,71,100,3
882995,2025-04-29,2131,Pumpkin Magus,1,Caleb,TRUE,59,57,3
609844,2025-07-09,8799,Lemonette,3,Zayne,FALSE,123,98,0
188966,2025-09-20,4266,Snoozer,6,Caleb,TRUE,81,84,3
906557,2025-11-26,1629,Snoozer,2,Xavier,TRUE,148,55,2
736867,2025-06-30,5823,Heartbreaker,2,Caleb,FALSE,44,56,0
121283,2025-12-05,9922,Heartbreaker,6,Xavier,TRUE,133,12,1
737417,2025-09-29,5815,Heartbreaker,1,Xavier,FALSE,75,9,0
413814,2025-12-11,9306,Lemonette,7,Sylus,TRUE,73,91,3
823737,2025-12-11,9137,Pumpkin Magus,2,Caleb,TRUE,49,29,2
866899,2025-12-07,3429,Mr. Beanie,2,Sylus,FALSE,43,83,0
427353,2025-10-23,1322,Lemonette,4,Zayne,TRUE,60,89,3
313253,2025-11-26,4568,Heartbreaker,1,Zayne,TRUE,108,34,1
474358,2025-12-22,6072,Mr. Beanie,7,Caleb,TRUE,56,39,2
495082,2025-12-06,7475,Pumpkin Magus,1,Rafayel,TRUE,113,11,1
208144,2025-11-15,5311,Heartbreaker,6,Rafayel,TRUE,110,24,1
506147,2025-11-18,4281,Mr. Beanie,4,Caleb,FALSE,132,57,0
609844,2025-07-30,4236,Lemonette,2,Zayne,TRUE,141,97,2
336673,2025-12-23,1295,Lemonette,2,Sylus,FALSE,111,4,0
478328,2025-09-05,5593,Pumpkin Magus,7,Rafayel,TRUE,53,68,3
288871,2025-12-09,8450,Mr. Beanie,9,Xavier,FALSE,41,33,0
153958,2025-12-29,5594,Lemonette,7,Sylus,TRUE,77,37,2
928337,2025-10-10,6224,Lemonette,9,Caleb,TRUE,62,35,2
742702,2025-06-12,8072,Snoozer,7,Rafayel,FALSE,119,28,0
531336,2025-10-05,7461,Heartbreaker,5,Xavier,TRUE,89,69,3
424742,2025-12-06,7832,Heartbreaker,8,Rafayel,TRUE,99,11,1
128758,2025-11-20,7907,Pumpkin Magus,9,Xavier,FALSE,111,41,0
676537,2025-09-14,5069,Mr. Beanie,6,Caleb,TRUE,87,52,3
128758,2025-05-16,8671,Mr. Beanie,8,Zayne,TRUE,99,40,1
188966,2025-04-02,4180,Snoozer,9,Xavier,FALSE,92,63,0
801943,2025-10-06,5601,Lemonette,8,Caleb,TRUE,87,40,2
866987,2025-11-20,7049,Heartbreaker,5,Zayne,TRUE,148,12,1
438255,2025-11-18,5125,Pumpkin Magus,9,Sylus,TRUE,103,94,2
427353,2025-04-04,6704,Snoozer,8,Sylus,TRUE,105,55,2
832054,2025-10-03,5638,Pumpkin Magus,1,Caleb,TRUE,47,47,2
155852,2025-11-18,2612,Snoozer,4,Caleb,TRUE,123,72,2
823737,2025-11-13,2798,Snoozer,1,Zayne,FALSE,139,73,0
381970,2025-12-17,4433,Heartbreaker,3,Rafayel,TRUE,84,67,3
928337,2025-11-28,7757,Pumpkin Magus,9,Caleb,TRUE,31,1,2
427353,2025-05-22,5521,Snoozer,9,Zayne,FALSE,57,22,0
504266,2025-09-30,5207,Snoozer,2,Xavier,TRUE,84,66,3
121283,2025-12-02,9336,Snoozer,8,Zayne,TRUE,53,12,2
801644,2025-12-20,4338,Mr. Beanie,7,Rafayel,TRUE,135,25,1
263608,2025-11-07,2818,Mr. Beanie,7,Zayne,FALSE,66,38,0
301279,2025-12-22,3505,Mr. Beanie,3,Rafayel,TRUE,76,36,2
262776,2025-09-21,8747,Heartbreaker,6,Rafayel,TRUE,74,44,2
796300,2025-05-13,4905,Mr. Beanie,6,Sylus,TRUE,55,21,2
884064,2025-08-10,1527,Heartbreaker,6,Rafayel,TRUE,139,72,2
188966,2025-08-11,3963,Mr. Beanie,3,Sylus,TRUE,130,68,2
760028,2025-07-30,5541,Lemonette,1,Xavier,FALSE,31,28,0
700485,2025-08-24,7209,Mr. Beanie,7,Caleb,TRUE,99,14,1
452311,2025-11-14,3486,Lemonette,2,Sylus,FALSE,91,61,0
299295,2025-12-26,7952,Lemonette,4,Caleb,TRUE,107,63,2
700485,2025-09-13,7193,Snoozer,9,Zayne,TRUE,131,13,1
637774,2025-12-20,3639,Heartbreaker,3,Zayne,TRUE,58,52,3
211485,2025-12-07,9240,Pumpkin Magus,1,Caleb,TRUE,77,5,2
712634,2025-12-30,4382,Heartbreaker,7,Sylus,TRUE,39,72,3
429077,2025-08-15,3398,Heartbreaker,2,Xavier,TRUE,69,49,2
846418,2025-05-17,7850,Mr. Beanie,9,Sylus,TRUE,32,49,2
424742,2025-12-31,7117,Heartbreaker,8,Caleb,FALSE,44,85,0
760028,2025-04-11,4938,Snoozer,9,Caleb,FALSE,119,13,0
485628,2025-07-18,8564,Mr. Beanie,3,Sylus,TRUE,64,18,2
397240,2025-11-05,9711,Lemonette,1,Sylus,TRUE,70,40,2
902146,2025-07-22,2635,Lemonette,9,Zayne,TRUE,34,38,2
687078,2025-09-21,4562,Mr. Beanie,6,Xavier,TRUE,31,10,2
769214,2025-12-27,7100,Mr. Beanie,2,Xavier,FALSE,133,18,0
548148,2025-12-23,9277,Snoozer,2,Rafayel,TRUE,64,43,2
680655,2026-01-01,5725,Snoozer,2,Rafayel,TRUE,61,38,2
504266,2025-11-03,1402,Lemonette,2,Caleb,TRUE,122,82,2
148823,2025-12-05,8065,Snoozer,1,Sylus,TRUE,141,62,2
511230,2025-09-24,7063,Pumpkin Magus,4,Caleb,TRUE,70,43,2
504266,2025-11-23,7244,Lemonette,4,Rafayel,TRUE,49,11,2
846418,2025-10-26,3390,Mr. Beanie,3,Xavier,TRUE,111,22,1
295482,2025-06-30,2507,Snoozer,3,Rafayel,TRUE,137,56,2
148823,2025-12-02,2737,Mr. Beanie,8,Rafayel,TRUE,141,37,1
823364,2025-11-16,5606,Lemonette,7,Zayne,TRUE,37,19,2
452311,2025-12-21,7072,Snoozer,1,Sylus,FALSE,80,53,0
531336,2025-09-19,6605,Lemonette,2,Caleb,TRUE,142,35,1
725165,2025-10-14,9043,Heartbreaker,2,Caleb,FALSE,90,66,0
401684,2025-08-14,2463,Heartbreaker,1,Sylus,FALSE,58,35,0
424742,2025-12-15,5730,Heartbreaker,5,Zayne,FALSE,106,37,0
262776,2025-11-27,8882,Pumpkin Magus,1,Caleb,TRUE,104,41,1
155852,2025-03-12,1991,Pumpkin Magus,9,Zayne,TRUE,38,75,3
601689,2025-05-25,3806,Mr. Beanie,9,Caleb,TRUE,65,56,3
485628,2025-06-27,4468,Snoozer,7,Zayne,TRUE,115,6,1
819323,2025-09-10,7319,Mr. Beanie,8,Caleb,TRUE,147,89,2
313253,2025-09-08,7331,Mr. Beanie,4,Zayne,TRUE,99,58,2
866899,2025-11-23,1904,Lemonette,5,Xavier,TRUE,109,25,1
550768,2025-11-28,7136,Mr. Beanie,2,Zayne,TRUE,61,53,3
950166,2025-12-20,2382,Snoozer,5,Xavier,TRUE,72,97,3
804587,2025-07-09,6661,Lemonette,1,Caleb,FALSE,112,39,0
801644,2025-05-21,2673,Pumpkin Magus,6,Xavier,FALSE,137,87,0
728074,2025-05-18,8384,Snoozer,2,Rafayel,TRUE,123,97,2
826543,2025-12-09,7240,Heartbreaker,9,Xavier,TRUE,62,0,2
992418,2025-08-25,6730,Snoozer,1,Zayne,FALSE,107,5,0
422983,2026-01-01,1711,Pumpkin Magus,7,Caleb,TRUE,140,83,2
954746,2025-11-21,2132,Snoozer,3,Rafayel,TRUE,42,2,2
964988,2025-08-21,6090,Pumpkin Magus,2,Sylus,TRUE,46,75,3
347272,2025-12-01,3151,Lemonette,6,Rafayel,TRUE,129,33,1
549912,2025-07-09,1325,Mr. Beanie,8,Sylus,FALSE,89,62,0
550768,2025-12-15,9076,Pumpkin Magus,9,Zayne,FALSE,61,71,0
605258,2025-12-30,5618,Snoozer,5,Caleb,TRUE,66,19,2
341171,2025-08-27,6089,Heartbreaker,9,Caleb,TRUE,33,13,2
901499,2025-11-08,4531,Heartbreaker,6,Sylus,TRUE,36,28,2
397240,2025-12-20,3856,Snoozer,4,Caleb,FALSE,38,37,0
397240,2025-09-11,9555,Heartbreaker,5,Xavier,TRUE,33,21,2
159745,2025-08-18,4395,Lemonette,1,Xavier,TRUE,118,1,1
950166,2025-12-01,4969,Snoozer,1,Caleb,TRUE,67,85,3
676537,2025-05-30,7778,Heartbreaker,3,Caleb,TRUE,82,16,2
984516,2025-12-20,8714,Pumpkin Magus,4,Sylus,TRUE,107,26,1
804587,2025-10-11,2569,Pumpkin Magus,8,Caleb,FALSE,30,95,0
381970,2025-11-26,2320,Mr. Beanie,3,Sylus,TRUE,150,29,1
737417,2025-04-03,8244,Heartbreaker,4,Rafayel,TRUE,54,46,2
504425,2025-11-26,1420,Heartbreaker,8,Zayne,TRUE,31,51,3
725165,2025-12-04,3490,Mr. Beanie,8,Sylus,TRUE,75,49,2
921713,2025-06-05,6666,Pumpkin Magus,8,Sylus,TRUE,65,7,2
537061,2025-11-23,1905,Heartbreaker,7,Xavier,TRUE,69,64,3
954746,2025-12-11,3946,Pumpkin Magus,5,Xavier,TRUE,51,16,2
470088,2026-01-01,5893,Mr. Beanie,4,Zayne,TRUE,35,96,3
359981,2025-09-12,6850,Mr. Beanie,4,Sylus,TRUE,36,95,3
555693,2025-07-31,9867,Lemonette,4,Rafayel,TRUE,81,29,2
504266,2025-09-25,5828,Pumpkin Magus,8,Caleb,TRUE,122,28,1
125681,2025-11-29,3685,Heartbreaker,8,Xavier,TRUE,33,25,2
761063,2025-11-05,3750,Pumpkin Magus,6,Sylus,TRUE,51,62,3
801943,2025-08-07,2259,Heartbreaker,5,Sylus,TRUE,102,81,2
159745,2025-09-10,5963,Heartbreaker,6,Rafayel,TRUE,42,42,2
214620,2025-06-25,2486,Mr. Beanie,7,Rafayel,TRUE,140,67,2
320849,2025-12-20,5887,Heartbreaker,4,Rafayel,FALSE,114,71,0
668616,2025-06-02,1397,Lemonette,9,Xavier,TRUE,41,26,2
865780,2025-10-01,7334,Pumpkin Magus,6,Zayne,TRUE,134,77,2
226386,2025-07-31,2600,Lemonette,2,Sylus,TRUE,77,29,2
121283,2025-12-28,8210,Pumpkin Magus,6,Xavier,TRUE,59,23,2
714093,2025-12-04,3062,Pumpkin Magus,8,Sylus,TRUE,36,66,3
819323,2025-07-16,5421,Lemonette,4,Rafayel,TRUE,117,26,1
668616,2025-07-29,9807,Mr. Beanie,7,Sylus,TRUE,83,10,2
601689,2025-02-03,6038,Heartbreaker,7,Zayne,TRUE,41,38,2
226386,2025-08-14,1606,Heartbreaker,7,Sylus,TRUE,129,81,2
772764,2025-03-30,9474,Mr. Beanie,2,Rafayel,TRUE,48,57,3
834590,2025-08-29,2394,Lemonette,5,Xavier,FALSE,86,66,0
823364,2025-11-28,1496,Heartbreaker,7,Sylus,TRUE,135,97,2
123123,2025-03-09,7017,Mr. Beanie,1,Caleb,TRUE,73,20,2
527818,2025-07-26,1146,Lemonette,3,Rafayel,TRUE,70,57,3
199038,2025-12-29,9487,Pumpkin Magus,9,Sylus,FALSE,87,3,0
637774,2025-11-26,5371,Heartbreaker,3,Caleb,TRUE,100,56,2
733001,2025-09-20,2206,Lemonette,7,Rafayel,TRUE,113,75,2
832054,2025-11-25,2751,Snoozer,3,Sylus,TRUE,100,13,1
288871,2025-12-31,6396,Heartbreaker,5,Caleb,TRUE,94,51,2
558280,2025-09-03,5418,Pumpkin Magus,2,Caleb,TRUE,95,62,2
461798,2025-03-21,1115,Mr. Beanie,1,Caleb,FALSE,79,27,0
902015,2025-12-23,1478,Heartbreaker,1,Sylus,TRUE,107,99,2
614315,2026-01-01,8364,Snoozer,7,Xavier,TRUE,36,49,2
338159,2025-12-02,5909,Pumpkin Magus,1,Xavier,TRUE,148,82,2
478328,2025-12-07,7415,Mr. Beanie,6,Zayne,TRUE,64,45,2
320849,2025-07-15,3445,Snoozer,1,Sylus,TRUE,126,34,1
950166,2025-11-15,7877,Mr. Beanie,1,Zayne,FALSE,147,29,0
801943,2025-12-29,4419,Heartbreaker,1,Xavier,FALSE,136,36,0
379379,2025-06-07,8099,Heartbreaker,5,Sylus,TRUE,59,34,2
901499,2025-11-26,1596,Lemonette,6,Caleb,FALSE,115,96,0
373348,2026-01-01,2660,Lemonette,3,Rafayel,FALSE,87,27,0
906557,2025-10-31,1336,Snoozer,4,Zayne,TRUE,48,45,2
485628,2025-06-17,4604,Snoozer,8,Xavier,TRUE,144,58,2
795855,2025-10-18,4764,Lemonette,5,Xavier,TRUE,57,34,2
645765,2025-08-21,4692,Lemonette,2,Zayne,TRUE,57,46,2
866987,2025-12-26,2101,Pumpkin Magus,4,Sylus,TRUE,70,19,2
313253,2025-10-28,6379,Mr. Beanie,2,Caleb,TRUE,36,28,2
504266,2025-09-06,1754,Snoozer,3,Zayne,TRUE,68,12,2
514937,2025-07-01,9993,Lemonette,1,Xavier,TRUE,95,8,1
772764,2025-10-30,5972,Snoozer,3,Sylus,FALSE,100,47,0
428740,2025-10-07,4425,Snoozer,7,Xavier,FALSE,73,99,0
431375,2025-12-02,7061,Pumpkin Magus,8,Caleb,TRUE,149,26,1
928337,2025-11-20,5758,Heartbreaker,8,Zayne,TRUE,125,23,1
148823,2025-11-20,8440,Snoozer,9,Caleb,TRUE,140,56,2
989843,2025-11-28,7843,Pumpkin Magus,9,Zayne,TRUE,87,59,3
637774,2025-11-26,7337,Heartbreaker,4,Zayne,TRUE,101,56,2
596367,2026-01-01,3688,Lemonette,1,Xavier,TRUE,120,38,1
584250,2025-08-28,6738,Lemonette,7,Zayne,TRUE,66,25,2
976659,2025-10-22,7282,Heartbreaker,5,Sylus,TRUE,75,87,3
736867,2025-10-20,8764,Lemonette,6,Caleb,TRUE,102,3,1
880318,2025-12-28,3164,Heartbreaker,4,Rafayel,TRUE,117,88,2
531336,2025-04-14,4482,Mr. Beanie,4,Caleb,TRUE,70,97,3
832130,2025-11-23,5959,Snoozer,6,Zayne,FALSE,44,91,0
742702,2025-06-24,3303,Pumpkin Magus,5,Zayne,TRUE,54,33,2
228614,2025-12-31,2965,Mr. Beanie,3,Rafayel,TRUE,33,59,3
396109,2025-08-23,8368,Snoozer,9,Xavier,TRUE,34,68,3
119145,2025-11-28,4835,Heartbreaker,6,Sylus,TRUE,90,30,2
390817,2025-12-29,7496,Lemonette,9,Caleb,TRUE,91,2,1
807218,2025-12-28,9337,Mr. Beanie,5,Zayne,TRUE,73,65,3
921713,2025-10-03,2789,Mr. Beanie,3,Caleb,TRUE,147,68,2
321584,2025-06-18,9733,Pumpkin Magus,6,Zayne,TRUE,47,46,2
782989,2025-12-24,9316,Snoozer,8,Xavier,TRUE,64,54,3
733001,2025-04-18,1549,Lemonette,4,Xavier,TRUE,87,12,2
637774,2025-11-13,1860,Heartbreaker,1,Caleb,TRUE,105,8,1
153958,2025-10-28,2631,Pumpkin Magus,7,Rafayel,TRUE,44,44,2
373348,2025-12-30,3984,Heartbreaker,7,Sylus,TRUE,106,30,1
531336,2025-03-16,8456,Mr. Beanie,1,Zayne,TRUE,105,83,2
760028,2025-09-26,9145,Heartbreaker,3,Rafayel,TRUE,128,40,1
321584,2025-05-21,5141,Heartbreaker,2,Caleb,TRUE,87,85,3
390817,2025-12-28,3316,Snoozer,8,Caleb,TRUE,115,97,2
795855,2025-11-21,5100,Snoozer,3,Rafayel,TRUE,66,33,2
226386,2025-10-07,7026,Heartbreaker,2,Xavier,TRUE,140,79,2
340840,2025-12-05,2271,Snoozer,2,Xavier,TRUE,101,61,2
153958,2025-11-05,7565,Snoozer,1,Zayne,TRUE,131,30,1
208144,2025-11-05,5171,Snoozer,4,Xavier,TRUE,138,33,1
842270,2025-12-31,8885,Heartbreaker,7,Xavier,TRUE,55,85,3
555693,2025-12-02,7715,Lemonette,5,Sylus,FALSE,125,13,0
731589,2025-12-26,2031,Snoozer,8,Xavier,TRUE,105,55,2
521864,2025-09-11,3380,Heartbreaker,6,Zayne,FALSE,122,20,0
826543,2025-12-02,4269,Snoozer,7,Zayne,TRUE,58,15,2
696505,2025-12-30,4230,Snoozer,3,Caleb,TRUE,149,61,2
761063,2025-06-22,7582,Pumpkin Magus,6,Caleb,FALSE,101,2,0
680655,2025-12-31,9402,Heartbreaker,6,Rafayel,TRUE,77,63,3
921713,2025-10-25,1731,Pumpkin Magus,6,Zayne,TRUE,69,65,3
845261,2025-09-18,5009,Mr. Beanie,2,Caleb,FALSE,65,10,0
736867,2025-10-25,6625,Mr. Beanie,2,Caleb,TRUE,60,51,3
148823,2025-11-17,6003,Snoozer,9,Caleb,TRUE,51,49,2
549912,2025-06-16,9150,Pumpkin Magus,8,Xavier,TRUE,67,11,2
614315,2025-11-11,3402,Snoozer,8,Caleb,FALSE,110,66,0
153958,2025-10-30,8019,Snoozer,1,Xavier,FALSE,52,72,0
700465,2025-12-14,4192,Pumpkin Magus,4,Caleb,TRUE,98,15,1
865780,2025-07-28,2632,Heartbreaker,4,Rafayel,TRUE,123,50,2
992418,2025-08-15,4584,Mr. Beanie,9,Xavier,FALSE,94,70,0
884064,2025-09-21,6604,Snoozer,1,Rafayel,TRUE,71,87,3
453795,2025-02-06,6909,Mr. Beanie,6,Sylus,TRUE,119,89,2
372956,2025-09-02,3983,Mr. Beanie,9,Sylus,TRUE,67,70,3
966226,2025-12-03,3483,Heartbreaker,6,Caleb,FALSE,116,30,0
921713,2025-04-28,6862,Pumpkin Magus,7,Sylus,TRUE,30,2,2
373348,2025-12-30,6318,Mr. Beanie,7,Zayne,TRUE,138,72,2
550768,2025-11-27,4200,Heartbreaker,6,Caleb,FALSE,148,71,0
369683,2025-09-20,6716,Heartbreaker,7,Caleb,FALSE,113,65,0
989843,2025-11-13,9294,Lemonette,5,Caleb,TRUE,97,36,1
424742,2025-12-21,8159,Mr. Beanie,9,Zayne,FALSE,84,57,0
771041,2025-12-12,4746,Mr. Beanie,2,Caleb,TRUE,114,36,1
549912,2025-11-09,8921,Snoozer,7,Caleb,TRUE,38,6,2
228614,2025-12-15,7065,Mr. Beanie,7,Xavier,TRUE,79,32,2
884064,2025-06-30,2020,Heartbreaker,8,Sylus,TRUE,85,68,3
668616,2025-07-18,1995,Pumpkin Magus,9,Sylus,TRUE,143,49,1
814699,2025-12-03,8672,Mr. Beanie,7,Xavier,TRUE,92,53,2
206823,2025-12-12,8517,Snoozer,6,Rafayel,TRUE,121,21,1
506147,2025-12-06,8934,Snoozer,5,Rafayel,TRUE,62,69,3
679812,2025-05-17,1229,Pumpkin Magus,6,Xavier,TRUE,89,35,2
372956,2025-11-06,8596,Heartbreaker,3,Caleb,TRUE,140,4,1
301279,2025-11-17,4252,Pumpkin Magus,7,Caleb,TRUE,87,35,2
348649,2025-05-15,4052,Pumpkin Magus,4,Zayne,FALSE,109,79,0
127337,2025-09-22,3160,Lemonette,6,Sylus,TRUE,107,68,2
359981,2025-09-09,2160,Mr. Beanie,4,Caleb,TRUE,94,34,1
338159,2025-07-16,7508,Lemonette,3,Xavier,TRUE,55,82,3
796300,2025-06-03,6549,Pumpkin Magus,9,Sylus,TRUE,94,13,1
639945,2025-07-19,4223,Snoozer,7,Sylus,TRUE,33,92,3
288871,2025-12-14,2958,Lemonette,1,Xavier,TRUE,33,0,2
865780,2025-09-05,8528,Heartbreaker,5,Zayne,FALSE,78,85,0
470088,2025-11-26,3101,Snoozer,9,Rafayel,TRUE,34,37,2
541159,2025-12-07,5238,Snoozer,7,Caleb,TRUE,95,61,2
228614,2025-12-22,9660,Pumpkin Magus,1,Zayne,TRUE,119,99,2
211485,2025-06-06,8609,Pumpkin Magus,6,Caleb,TRUE,131,20,1
924592,2025-07-21,9631,Snoozer,9,Rafayel,TRUE,71,30,2
470088,2025-12-16,3353,Snoozer,5,Rafayel,FALSE,117,73,0
537061,2025-11-25,8550,Lemonette,4,Caleb,FALSE,93,7,0
924592,2025-09-04,4613,Pumpkin Magus,7,Rafayel,FALSE,95,18,0
549912,2025-04-05,5627,Pumpkin Magus,8,Xavier,TRUE,59,50,3
116606,2025-11-24,3562,Snoozer,5,Xavier,TRUE,40,95,3
609333,2025-07-01,2358,Snoozer,8,Sylus,FALSE,41,19,0
866987,2025-12-15,8149,Heartbreaker,5,Sylus,FALSE,94,100,0
555693,2025-05-05,3520,Pumpkin Magus,9,Zayne,TRUE,130,43,1
531336,2025-10-19,8295,Mr. Beanie,5,Xavier,TRUE,126,97,2
301279,2025-06-28,3897,Lemonette,9,Sylus,TRUE,132,47,1
725165,2025-12-01,2000,Pumpkin Magus,1,Xavier,TRUE,97,28,1
537061,2026-01-01,3299,Pumpkin Magus,5,Caleb,FALSE,81,72,0
747344,2025-04-27,2824,Heartbreaker,8,Zayne,TRUE,90,27,2
866987,2025-11-06,7001,Mr. Beanie,4,Zayne,TRUE,52,75,3
610399,2025-10-27,8904,Snoozer,5,Caleb,TRUE,121,28,1
728074,2025-08-01,8617,Heartbreaker,3,Zayne,FALSE,94,85,0
679812,2025-07-19,5397,Lemonette,9,Caleb,TRUE,56,83,3
834590,2025-09-18,3221,Heartbreaker,8,Xavier,TRUE,145,38,1
504266,2025-11-11,6371,Snoozer,4,Xavier,TRUE,38,10,2
610399,2025-10-19,6591,Heartbreaker,4,Sylus,TRUE,93,72,2
632495,2025-11-21,5338,Snoozer,1,Xavier,TRUE,58,89,3
747344,2025-12-19,5935,Pumpkin Magus,3,Zayne,TRUE,56,5,2
609333,2025-04-16,8515,Snoozer,2,Zayne,TRUE,122,4,1
826543,2026-01-01,4624,Mr. Beanie,5,Xavier,TRUE,53,14,2
301279,2025-10-22,7770,Mr. Beanie,2,Rafayel,TRUE,41,77,3
596367,2025-12-23,6828,Heartbreaker,5,Rafayel,TRUE,75,94,3
338472,2025-08-20,9973,Snoozer,5,Rafayel,TRUE,70,72,3
127337,2025-12-04,4143,Snoozer,4,Zayne,TRUE,83,61,3
736867,2025-08-03,9245,Pumpkin Magus,6,Xavier,TRUE,110,63,2
549912,2025-11-03,1137,Pumpkin Magus,9,Sylus,TRUE,65,6,2
254756,2025-10-12,3683,Snoozer,5,Xavier,TRUE,93,94,2
128758,2025-12-09,9974,Heartbreaker,2,Zayne,TRUE,76,13,2
299295,2025-12-28,2528,Snoozer,6,Rafayel,TRUE,138,2,1
537061,2025-11-12,8432,Lemonette,4,Zayne,TRUE,58,80,3
199038,2025-09-07,9584,Lemonette,6,Rafayel,TRUE,83,36,2
823364,2025-11-07,8593,Mr. Beanie,8,Zayne,TRUE,106,1,1
609844,2025-07-10,8375,Snoozer,1,Caleb,TRUE,93,41,1
495082,2025-12-18,6777,Lemonette,3,Zayne,TRUE,34,93,3
397240,2025-11-12,3258,Mr. Beanie,5,Sylus,TRUE,47,13,2
275820,2025-09-23,2603,Heartbreaker,5,Rafayel,TRUE,90,46,2
127337,2025-09-03,1083,Pumpkin Magus,4,Caleb,TRUE,120,65,2
696505,2025-12-26,6437,Mr. Beanie,6,Xavier,TRUE,109,29,1
906557,2025-12-31,9362,Lemonette,6,Zayne,TRUE,47,76,3
992418,2025-10-06,7851,Heartbreaker,1,Xavier,TRUE,137,87,2
976659,2025-08-23,2868,Mr. Beanie,5,Zayne,TRUE,46,45,2
470088,2025-11-07,8555,Pumpkin Magus,1,Caleb,TRUE,132,37,1
226386,2025-08-15,5518,Snoozer,7,Zayne,TRUE,81,37,2
548148,2025-11-19,7816,Heartbreaker,4,Sylus,FALSE,69,2,0
865780,2025-09-04,3129,Heartbreaker,3,Caleb,TRUE,87,93,3
954746,2025-11-14,5139,Heartbreaker,3,Zayne,TRUE,116,36,1
262776,2025-07-16,9206,Heartbreaker,1,Rafayel,TRUE,150,55,2
431375,2025-04-28,4169,Pumpkin Magus,5,Caleb,TRUE,92,46,1
605258,2025-07-30,7478,Heartbreaker,8,Xavier,TRUE,65,25,2
609844,2025-10-25,2117,Pumpkin Magus,3,Rafayel,FALSE,99,80,0
645765,2025-04-17,4751,Lemonette,9,Zayne,TRUE,132,27,1
335890,2025-11-07,4219,Lemonette,5,Zayne,FALSE,55,33,0
882995,2025-10-07,4416,Heartbreaker,9,Caleb,TRUE,33,28,2
727074,2025-12-08,8508,Pumpkin Magus,5,Sylus,TRUE,145,3,1
632495,2025-12-17,5380,Heartbreaker,3,Rafayel,TRUE,52,72,3
263608,2025-09-09,1085,Heartbreaker,1,Sylus,TRUE,38,31,2
254756,2025-06-19,6057,Pumpkin Magus,6,Zayne,TRUE,41,45,2
359139,2025-10-24,4403,Pumpkin Magus,4,Zayne,TRUE,124,24,1
119145,2025-10-03,8681,Snoozer,9,Xavier,FALSE,50,65,0
911910,2025-11-24,6519,Snoozer,2,Sylus,TRUE,86,46,2
784550,2025-09-10,5280,Lemonette,9,Xavier,TRUE,101,83,2
461798,2025-03-19,9787,Pumpkin Magus,9,Caleb,TRUE,81,42,2
288871,2026-01-01,1520,Mr. Beanie,3,Caleb,TRUE,30,55,3
321584,2025-07-21,7789,Heartbreaker,8,Rafayel,TRUE,93,71,2
731589,2025-12-30,8605,Lemonette,8,Caleb,TRUE,100,4,1
538454,2025-10-15,6101,Pumpkin Magus,2,Zayne,TRUE,77,14,2
637774,2025-12-03,6914,Pumpkin Magus,2,Caleb,TRUE,35,16,2
451127,2025-11-06,6368,Mr. Beanie,8,Caleb,FALSE,46,56,0
208144,2025-07-13,2114,Mr. Beanie,4,Rafayel,FALSE,54,13,0
372956,2025-07-27,1669,Mr. Beanie,7,Caleb,TRUE,98,39,1
832130,2025-11-08,5898,Mr. Beanie,5,Sylus,TRUE,112,75,2
921713,2025-06-11,6491,Lemonette,6,Zayne,TRUE,57,96,3
121283,2025-12-15,9185,Snoozer,8,Sylus,TRUE,95,25,1
760028,2025-05-03,4471,Heartbreaker,9,Zayne,TRUE,142,58,2
531336,2025-07-07,4936,Heartbreaker,4,Zayne,TRUE,133,14,1
736867,2025-09-27,3242,Snoozer,7,Zayne,TRUE,54,44,2
328801,2025-10-15,8161,Heartbreaker,5,Sylus,TRUE,36,61,3
966226,2026-01-01,2952,Snoozer,9,Caleb,TRUE,45,17,2
610399,2025-08-23,6860,Pumpkin Magus,4,Sylus,TRUE,92,46,1
924592,2025-09-28,5746,Pumpkin Magus,8,Sylus,TRUE,47,72,3
401684,2025-06-29,8845,Heartbreaker,4,Zayne,TRUE,122,91,2
527818,2025-11-29,9752,Snoozer,4,Zayne,TRUE,79,25,2
784131,2025-12-18,5598,Heartbreaker,5,Sylus,TRUE,33,35,2
926564,2025-09-11,3305,Mr. Beanie,7,Rafayel,TRUE,44,35,2
379379,2025-06-28,6471,Lemonette,4,Zayne,TRUE,92,55,2
771041,2025-07-22,1663,Pumpkin Magus,3,Rafayel,TRUE,102,96,2
262776,2025-07-20,1416,Heartbreaker,9,Rafayel,TRUE,79,78,3
605258,2025-11-20,2999,Lemonette,1,Sylus,TRUE,53,66,3
911910,2025-10-07,2556,Lemonette,2,Caleb,FALSE,50,82,0
984516,2025-06-23,1324,Heartbreaker,6,Caleb,TRUE,112,14,1
823737,2025-11-26,8106,Snoozer,7,Rafayel,FALSE,60,89,0
511230,2025-08-06,8705,Pumpkin Magus,4,Xavier,TRUE,108,85,2
453795,2025-07-02,7766,Lemonette,6,Caleb,TRUE,137,69,2
461798,2025-12-15,8251,Mr. Beanie,8,Caleb,TRUE,112,64,2
796300,2025-10-02,4118,Pumpkin Magus,5,Caleb,TRUE,147,26,1
208144,2025-03-06,9139,Pumpkin Magus,5,Xavier,FALSE,109,30,0
882995,2025-12-05,9409,Heartbreaker,1,Rafayel,TRUE,96,13,1
727074,2025-11-20,7874,Pumpkin Magus,1,Rafayel,TRUE,135,15,1
741327,2025-11-09,5678,Pumpkin Magus,4,Sylus,TRUE,71,35,2
379379,2025-08-18,1586,Snoozer,7,Xavier,TRUE,94,77,2
531336,2025-05-19,6675,Lemonette,2,Xavier,TRUE,138,34,1
335890,2025-08-03,8983,Mr. Beanie,9,Zayne,FALSE,84,74,0
696505,2025-11-16,3801,Lemonette,7,Sylus,TRUE,45,94,3
495082,2025-11-07,3427,Pumpkin Magus,6,Caleb,TRUE,139,21,1
687078,2025-10-16,2443,Pumpkin Magus,3,Zayne,TRUE,146,71,2
574796,2025-12-22,3608,Snoozer,2,Xavier,TRUE,95,3,1
550768,2025-12-08,1359,Mr. Beanie,1,Xavier,TRUE,33,83,3
118200,2025-12-22,1999,Mr. Beanie,5,Sylus,TRUE,117,47,1
888577,2025-12-20,2446,Snoozer,7,Sylus,TRUE,38,38,2
601290,2025-05-12,4229,Mr. Beanie,8,Caleb,TRUE,66,18,2
453795,2025-08-13,4371,Snoozer,4,Caleb,TRUE,138,89,2
984516,2025-12-31,9129,Heartbreaker,2,Sylus,TRUE,81,22,2
760028,2025-03-23,9802,Snoozer,3,Zayne,TRUE,133,97,2
347272,2025-10-25,4452,Mr. Beanie,9,Caleb,FALSE,126,34,0
549912,2025-12-30,4911,Mr. Beanie,3,Rafayel,TRUE,39,64,3
153958,2025-12-08,9367,Snoozer,9,Zayne,TRUE,46,35,2
263608,2025-10-17,4189,Mr. Beanie,8,Rafayel,TRUE,118,29,1
280853,2025-12-15,4840,Mr. Beanie,8,Xavier,TRUE,51,12,2
784550,2025-06-05,3832,Mr. Beanie,7,Rafayel,FALSE,136,58,0
784131,2025-12-23,7736,Pumpkin Magus,9,Zayne,TRUE,41,92,3
558280,2025-10-09,7476,Heartbreaker,2,Caleb,TRUE,95,97,2
206823,2025-12-10,3285,Mr. Beanie,5,Zayne,TRUE,31,24,2
989843,2025-10-30,5132,Mr. Beanie,2,Zayne,TRUE,53,6,2
427353,2025-09-10,8455,Heartbreaker,7,Zayne,FALSE,137,81,0
621918,2025-12-03,7150,Lemonette,6,Xavier,TRUE,47,76,3
823364,2025-11-03,4848,Lemonette,5,Xavier,TRUE,79,56,3
470088,2025-10-24,9496,Mr. Beanie,3,Zayne,TRUE,87,65,3
645765,2025-09-24,1278,Snoozer,1,Rafayel,FALSE,102,91,0
866987,2025-11-27,2440,Heartbreaker,4,Zayne,TRUE,64,26,2
874365,2025-12-12,1673,Lemonette,1,Zayne,TRUE,55,88,3
804587,2025-08-21,4284,Snoozer,5,Sylus,TRUE,140,56,2
422983,2025-12-31,1291,Pumpkin Magus,6,Zayne,TRUE,51,24,2
596367,2025-12-29,7146,Heartbreaker,7,Zayne,FALSE,133,52,0
842270,2025-12-22,8095,Pumpkin Magus,4,Sylus,TRUE,53,58,3
814699,2025-10-12,4847,Mr. Beanie,2,Rafayel,TRUE,119,81,2
451127,2025-11-30,6361,Heartbreaker,6,Zayne,TRUE,129,49,1
902146,2025-05-19,8061,Heartbreaker,2,Xavier,TRUE,114,65,2
369683,2025-10-24,5536,Snoozer,8,Zayne,TRUE,58,38,2
338159,2025-07-23,5739,Heartbreaker,1,Rafayel,TRUE,131,18,1
359139,2025-11-07,3237,Mr. Beanie,9,Caleb,TRUE,118,16,1
340840,2025-12-22,5283,Pumpkin Magus,2,Rafayel,TRUE,86,99,3
772764,2025-03-02,4492,Heartbreaker,7,Zayne,TRUE,57,16,2
737417,2025-10-31,7003,Heartbreaker,7,Rafayel,TRUE,43,49,2
888797,2025-11-22,1472,Lemonette,8,Rafayel,TRUE,43,11,2
866987,2025-12-11,3105,Pumpkin Magus,6,Zayne,TRUE,93,67,2
863692,2025-07-19,3847,Heartbreaker,9,Zayne,TRUE,41,17,2
598057,2025-04-15,7286,Mr. Beanie,9,Zayne,TRUE,136,48,1
736867,2025-07-16,5277,Pumpkin Magus,6,Xavier,FALSE,130,17,0
741327,2025-09-14,3813,Mr. Beanie,9,Sylus,TRUE,146,62,2
906557,2025-10-28,2146,Mr. Beanie,6,Caleb,TRUE,101,92,2
592274,2025-09-26,6028,Heartbreaker,5,Caleb,TRUE,147,48,1
320849,2025-11-26,8287,Mr. Beanie,2,Zayne,TRUE,42,31,2
902015,2025-12-17,5415,Lemonette,7,Rafayel,TRUE,137,15,1
452311,2025-11-30,8040,Pumpkin Magus,7,Zayne,FALSE,58,24,0
275820,2025-11-08,2806,Pumpkin Magus,3,Sylus,TRUE,48,73,3
605258,2025-04-01,5609,Heartbreaker,8,Rafayel,TRUE,32,97,3
506147,2025-10-12,3210,Mr. Beanie,7,Sylus,TRUE,56,96,3
396109,2025-11-14,1393,Snoozer,7,Sylus,TRUE,75,15,2
375190,2025-11-04,4789,Lemonette,1,Rafayel,TRUE,109,49,1
796300,2025-04-22,6746,Pumpkin Magus,2,Caleb,TRUE,35,91,3
125681,2025-12-23,4546,Snoozer,1,Rafayel,FALSE,65,17,0
761063,2025-07-20,5355,Pumpkin Magus,8,Zayne,TRUE,31,8,2
295482,2025-11-17,5258,Lemonette,5,Zayne,TRUE,84,39,2
347272,2025-12-20,3031,Pumpkin Magus,3,Xavier,TRUE,67,23,2
596367,2025-12-23,5819,Lemonette,9,Caleb,TRUE,45,31,2
884064,2025-07-17,6404,Heartbreaker,1,Zayne,TRUE,64,70,3
225074,2025-10-19,1319,Pumpkin Magus,4,Caleb,TRUE,116,20,1
537061,2025-11-29,3278,Pumpkin Magus,1,Rafayel,FALSE,149,21,0
712634,2025-12-25,2063,Lemonette,4,Sylus,TRUE,55,0,2
347272,2025-11-25,7856,Pumpkin Magus,9,Xavier,FALSE,36,44,0
428740,2025-11-03,5534,Lemonette,7,Caleb,TRUE,86,78,3
277440,2025-12-30,8136,Lemonette,4,Caleb,TRUE,111,21,1
601689,2025-12-30,9948,Pumpkin Magus,8,Sylus,TRUE,127,26,1
277440,2025-11-15,1307,Lemonette,3,Xavier,TRUE,111,12,1
527818,2025-10-03,6007,Heartbreaker,2,Rafayel,TRUE,96,52,2
474358,2025-05-20,8031,Snoozer,8,Zayne,TRUE,129,89,2
409075,2025-12-09,3205,Snoozer,5,Caleb,FALSE,69,80,0
413814,2025-12-09,9344,Snoozer,1,Zayne,TRUE,53,43,2
725165,2025-11-08,5054,Snoozer,3,Rafayel,TRUE,105,90,2
474358,2025-12-19,1214,Snoozer,7,Zayne,TRUE,112,83,2
992418,2025-05-27,6653,Heartbreaker,2,Sylus,FALSE,119,82,0
485628,2025-10-02,4539,Heartbreaker,1,Sylus,TRUE,118,53,2
558280,2025-08-25,5545,Mr. Beanie,7,Caleb,TRUE,116,35,1
846632,2025-11-15,8377,Snoozer,4,Zayne,TRUE,63,33,2
214620,2025-10-27,9014,Pumpkin Magus,5,Zayne,TRUE,128,80,2
614315,2025-09-01,8512,Heartbreaker,2,Caleb,TRUE,51,21,2
335890,2025-09-19,1356,Lemonette,1,Xavier,FALSE,94,94,0
228614,2025-11-29,9073,Lemonette,7,Xavier,TRUE,138,75,2
541159,2025-12-31,8576,Snoozer,4,Zayne,TRUE,132,1,1
495082,2025-12-12,7594,Heartbreaker,8,Xavier,TRUE,132,65,2
584250,2025-09-03,7413,Snoozer,2,Sylus,FALSE,42,24,0
470088,2025-11-19,1515,Pumpkin Magus,6,Rafayel,TRUE,120,85,2
370682,2025-12-22,5643,Pumpkin Magus,9,Xavier,TRUE,117,19,1
208144,2025-08-05,2560,Lemonette,2,Caleb,TRUE,119,86,2
461798,2025-11-23,2980,Heartbreaker,8,Sylus,TRUE,140,61,2
155852,2025-07-05,4160,Mr. Beanie,4,Caleb,TRUE,74,90,3
262776,2025-03-04,3606,Pumpkin Magus,9,Sylus,TRUE,83,14,2
451127,2025-11-25,7313,Heartbreaker,9,Caleb,FALSE,97,6,0
558280,2025-08-26,1125,Pumpkin Magus,3,Zayne,TRUE,146,39,1
228614,2025-12-11,9952,Mr. Beanie,2,Sylus,TRUE,103,5,1
370682,2025-12-22,2263,Lemonette,5,Sylus,TRUE,53,8,2
428740,2025-10-26,6974,Mr. Beanie,2,Zayne,TRUE,69,42,2
401684,2025-08-19,8691,Lemonette,3,Xavier,FALSE,85,26,0
328801,2025-11-12,8587,Heartbreaker,1,Rafayel,TRUE,150,75,2
438255,2025-11-24,4409,Heartbreaker,7,Caleb,FALSE,133,14,0
119145,2025-11-04,2589,Snoozer,5,Zayne,TRUE,47,99,3
328801,2025-12-21,4750,Heartbreaker,7,Caleb,TRUE,36,27,2
348649,2025-12-23,4487,Snoozer,6,Caleb,TRUE,44,74,3
548148,2025-12-25,1244,Pumpkin Magus,7,Zayne,TRUE,122,19,1
865780,2025-12-15,7162,Snoozer,8,Sylus,TRUE,77,59,3
700485,2025-11-10,6282,Heartbreaker,4,Xavier,TRUE,76,53,3
237069,2025-12-18,4547,Heartbreaker,9,Caleb,FALSE,114,77,0
485628,2025-08-12,1900,Heartbreaker,4,Xavier,TRUE,37,22,2
902015,2025-12-16,8463,Heartbreaker,4,Zayne,TRUE,83,24,2
906557,2025-12-18,5820,Snoozer,2,Sylus,FALSE,131,86,0
926564,2025-11-24,1017,Pumpkin Magus,4,Xavier,TRUE,53,48,2
558280,2025-12-04,6434,Heartbreaker,3,Sylus,TRUE,129,42,1
424742,2026-01-01,3822,Heartbreaker,7,Sylus,TRUE,34,80,3
225074,2025-12-16,7711,Heartbreaker,6,Zayne,TRUE,98,63,2
814699,2025-11-29,3373,Pumpkin Magus,2,Zayne,TRUE,130,77,2
369683,2025-10-08,7279,Snoozer,8,Sylus,TRUE,83,56,3
228614,2025-11-30,3450,Pumpkin Magus,6,Rafayel,TRUE,33,29,2
369938,2025-08-11,2281,Mr. Beanie,6,Zayne,TRUE,66,67,3
801943,2025-12-22,5883,Snoozer,1,Caleb,TRUE,102,87,2
263608,2025-09-28,3560,Snoozer,3,Sylus,TRUE,145,2,1
639945,2025-06-12,1140,Snoozer,3,Sylus,TRUE,112,76,2
372956,2025-06-22,2930,Lemonette,4,Rafayel,TRUE,32,23,2
605258,2025-12-13,1553,Snoozer,9,Xavier,TRUE,117,94,2
159745,2025-10-08,4155,Snoozer,4,Zayne,FALSE,115,84,0
159745,2025-11-06,1824,Mr. Beanie,3,Xavier,TRUE,99,49,1
381970,2025-11-10,7964,Pumpkin Magus,7,Zayne,TRUE,57,81,3
964988,2025-11-04,4003,Pumpkin Magus,3,Rafayel,TRUE,62,56,3
474358,2025-09-27,6739,Heartbreaker,5,Rafayel,TRUE,128,91,2
301279,2025-12-06,1778,Snoozer,1,Xavier,TRUE,109,95,2
801644,2025-12-06,6128,Pumpkin Magus,5,Zayne,FALSE,99,12,0
676537,2025-06-10,9723,Lemonette,8,Rafayel,TRUE,40,66,3
381970,2025-12-31,3518,Lemonette,3,Xavier,TRUE,145,69,2
301279,2025-08-26,4051,Snoozer,1,Xavier,TRUE,79,10,2
263608,2025-12-25,7316,Snoozer,7,Zayne,FALSE,125,53,0
227799,2025-07-13,3090,Lemonette,6,Rafayel,TRUE,103,36,1
413814,2025-12-14,4756,Heartbreaker,9,Zayne,TRUE,132,48,1
645765,2025-07-30,9235,Snoozer,4,Rafayel,TRUE,46,82,3
199038,2025-06-10,7579,Lemonette,8,Caleb,TRUE,136,4,1
348649,2025-08-19,7759,Lemonette,5,Zayne,TRUE,139,95,2
548279,2025-07-25,2274,Pumpkin Magus,2,Sylus,TRUE,139,48,1
514937,2025-08-20,7489,Mr. Beanie,6,Rafayel,TRUE,105,38,1
609844,2025-07-13,6923,Snoozer,3,Zayne,TRUE,56,11,2
558280,2025-11-30,5096,Mr. Beanie,4,Zayne,TRUE,37,73,3
863692,2025-12-08,8766,Snoozer,4,Sylus,TRUE,58,59,3
263608,2025-09-22,7112,Mr. Beanie,8,Sylus,FALSE,115,12,0
461798,2025-11-02,8323,Snoozer,7,Zayne,FALSE,119,42,0
676537,2025-07-21,7114,Heartbreaker,3,Sylus,FALSE,129,49,0
984516,2025-12-25,2511,Mr. Beanie,6,Xavier,FALSE,51,33,0
537061,2025-12-19,5694,Lemonette,3,Sylus,TRUE,116,41,1
328801,2025-10-06,5557,Pumpkin Magus,2,Zayne,TRUE,77,33,2
121283,2025-12-21,7807,Pumpkin Magus,7,Rafayel,TRUE,101,34,1
901499,2025-11-02,4582,Lemonette,8,Xavier,FALSE,129,24,0
555693,2025-04-10,7608,Snoozer,6,Rafayel,TRUE,104,12,1
127337,2025-08-14,4285,Lemonette,7,Zayne,FALSE,134,63,0
846418,2025-05-06,2541,Heartbreaker,5,Rafayel,TRUE,50,45,2
733001,2025-10-06,9003,Lemonette,6,Rafayel,TRUE,116,28,1
712634,2025-12-25,4913,Snoozer,9,Rafayel,TRUE,129,47,1
206823,2025-12-11,1945,Lemonette,2,Sylus,FALSE,69,42,0
769214,2025-12-28,2300,Mr. Beanie,8,Rafayel,FALSE,60,92,0
369938,2025-09-08,3094,Pumpkin Magus,3,Caleb,FALSE,72,41,0
771661,2025-10-30,8986,Pumpkin Magus,8,Caleb,TRUE,109,90,2
845261,2025-10-29,9447,Mr. Beanie,5,Zayne,TRUE,76,49,2
823364,2025-12-24,4037,Mr. Beanie,7,Rafayel,TRUE,61,45,2
574796,2025-12-23,8899,Pumpkin Magus,7,Zayne,TRUE,75,22,2
381970,2025-11-15,9283,Snoozer,1,Sylus,TRUE,42,96,3
453795,2025-05-20,4247,Mr. Beanie,5,Caleb,TRUE,85,81,3
511550,2025-08-07,8425,Snoozer,1,Xavier,TRUE,32,97,3
280853,2025-10-04,6781,Mr. Beanie,4,Rafayel,TRUE,102,58,2
741327,2025-08-11,5608,Pumpkin Magus,5,Caleb,TRUE,135,76,2
191060,2025-10-27,6983,Snoozer,3,Sylus,TRUE,96,47,1
888797,2025-09-09,8503,Heartbreaker,8,Sylus,FALSE,61,94,0
478328,2025-10-31,9913,Mr. Beanie,8,Sylus,TRUE,140,37,1
409075,2025-12-16,2307,Snoozer,7,Sylus,FALSE,111,8,0
183736,2025-10-04,5262,Snoozer,5,Sylus,TRUE,133,4,1
424742,2025-12-26,1061,Heartbreaker,5,Sylus,FALSE,60,53,0
610399,2025-08-16,2566,Pumpkin Magus,9,Rafayel,TRUE,100,10,1
845261,2025-03-13,5861,Heartbreaker,8,Zayne,TRUE,40,35,2
928337,2025-10-28,1722,Snoozer,2,Zayne,FALSE,89,23,0
795855,2025-11-29,9090,Mr. Beanie,7,Xavier,TRUE,48,42,2
262776,2025-09-07,9443,Lemonette,9,Xavier,TRUE,55,92,3
369683,2025-05-05,9423,Snoozer,6,Caleb,FALSE,69,52,0
906557,2025-11-27,6433,Heartbreaker,9,Zayne,TRUE,149,67,2
866899,2025-10-21,2772,Pumpkin Magus,4,Rafayel,TRUE,51,63,3
863692,2025-07-17,8420,Mr. Beanie,3,Rafayel,TRUE,114,44,1
379379,2025-10-02,9881,Snoozer,2,Zayne,FALSE,112,60,0
127337,2025-10-12,5461,Heartbreaker,8,Zayne,FALSE,101,3,0
614728,2025-12-08,4095,Heartbreaker,5,Rafayel,TRUE,67,93,3
880318,2025-07-22,6699,Mr. Beanie,3,Rafayel,TRUE,137,58,2
772764,2025-03-26,4707,Pumpkin Magus,8,Sylus,TRUE,41,28,2
906557,2025-10-10,5389,Lemonette,7,Sylus,FALSE,59,92,0
199038,2025-11-25,9904,Mr. Beanie,6,Caleb,TRUE,33,67,3
610399,2025-10-17,5836,Snoozer,8,Caleb,TRUE,97,7,1
605258,2025-03-11,6581,Lemonette,2,Sylus,TRUE,82,7,2
347272,2025-12-25,7534,Pumpkin Magus,4,Xavier,TRUE,56,70,3
548148,2025-11-18,6599,Mr. Beanie,4,Xavier,TRUE,66,54,3
733001,2025-03-08,6937,Pumpkin Magus,7,Rafayel,FALSE,91,28,0
427353,2025-11-10,2891,Heartbreaker,8,Caleb,TRUE,85,97,3
537061,2025-11-23,7882,Snoozer,3,Sylus,FALSE,119,42,0
379379,2025-09-14,9744,Heartbreaker,1,Caleb,TRUE,118,3,1
452311,2025-12-01,9173,Heartbreaker,9,Caleb,TRUE,66,9,2
610399,2025-09-07,8741,Snoozer,6,Caleb,FALSE,101,51,0
742702,2025-12-04,5733,Mr. Beanie,8,Zayne,TRUE,121,96,2
921713,2025-08-16,6173,Snoozer,3,Zayne,TRUE,64,40,2
935192,2025-08-01,4802,Pumpkin Magus,9,Sylus,TRUE,114,36,1
605258,2025-09-12,2886,Pumpkin Magus,8,Caleb,TRUE,59,56,3
262776,2025-07-18,3968,Snoozer,1,Xavier,FALSE,85,96,0
485628,2025-12-04,4077,Lemonette,2,Zayne,TRUE,132,19,1
950166,2025-12-25,1548,Pumpkin Magus,7,Rafayel,FALSE,129,18,0
478328,2025-08-14,3787,Mr. Beanie,6,Xavier,TRUE,141,59,2
880318,2025-03-02,3061,Mr. Beanie,9,Rafayel,TRUE,147,67,2
320849,2025-12-04,9272,Snoozer,3,Rafayel,TRUE,66,31,2
725165,2025-06-13,3848,Heartbreaker,3,Xavier,TRUE,126,85,2
537061,2025-11-25,2356,Snoozer,8,Zayne,FALSE,59,37,0
504266,2025-12-18,9599,Heartbreaker,1,Rafayel,FALSE,30,10,0
422983,2026-01-01,8090,Mr. Beanie,2,Sylus,TRUE,81,21,2
123123,2025-06-13,6801,Heartbreaker,4,Zayne,TRUE,59,45,2
832130,2025-08-13,6784,Heartbreaker,2,Xavier,FALSE,47,1,0
320849,2025-12-08,4837,Mr. Beanie,3,Sylus,TRUE,119,89,2
335890,2025-10-27,1204,Mr. Beanie,3,Zayne,TRUE,79,5,2
801644,2025-12-12,1861,Mr. Beanie,7,Caleb,FALSE,100,13,0
452311,2025-12-31,3823,Mr. Beanie,2,Rafayel,TRUE,131,81,2
424742,2025-12-07,6258,Snoozer,6,Caleb,TRUE,112,55,2
541159,2025-12-25,7229,Pumpkin Magus,1,Sylus,TRUE,117,91,2
506147,2025-10-14,2159,Mr. Beanie,6,Zayne,TRUE,51,8,2
860612,2025-07-25,9870,Pumpkin Magus,9,Sylus,TRUE,104,16,1
906557,2025-10-23,4106,Snoozer,3,Rafayel,FALSE,62,15,0
866899,2025-12-15,9628,Mr. Beanie,5,Caleb,TRUE,95,47,1
375190,2025-07-20,8598,Mr. Beanie,6,Xavier,TRUE,121,39,1
127337,2025-12-17,3558,Heartbreaker,8,Zayne,TRUE,41,64,3
127337,2025-10-18,7379,Pumpkin Magus,9,Sylus,TRUE,97,28,1
429077,2025-06-10,2918,Heartbreaker,8,Sylus,TRUE,69,55,3
375190,2025-11-30,9244,Mr. Beanie,9,Xavier,TRUE,37,51,3
906557,2025-11-21,5800,Snoozer,5,Rafayel,TRUE,55,60,3
438255,2025-08-10,7836,Snoozer,7,Sylus,TRUE,118,59,2
541159,2025-12-09,9280,Lemonette,1,Sylus,TRUE,107,78,2
262776,2025-08-06,2189,Snoozer,7,Sylus,TRUE,103,18,1
910062,2025-08-26,1474,Heartbreaker,6,Xavier,TRUE,35,36,2
211485,2025-12-29,5853,Mr. Beanie,8,Caleb,TRUE,135,20,1
427353,2025-08-20,7889,Heartbreaker,9,Xavier,TRUE,85,86,3
680655,2026-01-01,4884,Lemonette,5,Caleb,TRUE,59,57,3
453795,2025-07-09,8271,Heartbreaker,3,Zayne,TRUE,38,92,3
901499,2025-10-03,8926,Heartbreaker,2,Caleb,TRUE,146,90,2
485628,2025-08-16,7800,Heartbreaker,2,Caleb,FALSE,124,15,0
531336,2025-12-25,9295,Snoozer,8,Rafayel,TRUE,139,40,1
950166,2025-12-08,2773,Heartbreaker,9,Caleb,FALSE,74,2,0
700485,2025-10-09,4760,Heartbreaker,4,Xavier,TRUE,93,90,2
742702,2025-07-29,7051,Lemonette,9,Caleb,TRUE,31,33,2
521864,2025-12-20,9338,Mr. Beanie,6,Zayne,TRUE,71,74,3
921713,2025-12-21,9505,Heartbreaker,7,Xavier,TRUE,116,67,2
390817,2025-12-29,7735,Mr. Beanie,7,Caleb,TRUE,94,63,2
846632,2025-11-28,3218,Pumpkin Magus,3,Zayne,TRUE,123,35,1
882995,2025-11-23,9477,Snoozer,8,Sylus,FALSE,34,52,0
452311,2025-12-30,6348,Mr. Beanie,6,Zayne,TRUE,108,39,1
206823,2025-12-25,4831,Mr. Beanie,5,Xavier,TRUE,134,32,1
846418,2025-06-23,5241,Heartbreaker,9,Rafayel,FALSE,84,83,0
784131,2025-12-24,1243,Heartbreaker,6,Rafayel,TRUE,50,62,3
338472,2025-06-23,3052,Lemonette,8,Rafayel,TRUE,84,82,3
769214,2025-12-28,5789,Mr. Beanie,1,Sylus,TRUE,92,49,1
199038,2025-08-31,6335,Lemonette,2,Xavier,TRUE,140,72,2
989843,2025-12-09,7373,Snoozer,3,Rafayel,TRUE,55,62,3
155852,2025-10-30,5892,Heartbreaker,4,Rafayel,TRUE,137,21,1
504425,2025-07-01,7128,Lemonette,2,Zayne,TRUE,138,42,1
609844,2025-11-25,9728,Snoozer,4,Rafayel,TRUE,146,57,2
645765,2025-07-26,1035,Lemonette,9,Rafayel,TRUE,142,97,2
782989,2025-12-22,5034,Snoozer,8,Caleb,TRUE,146,42,1
379379,2025-07-02,1345,Heartbreaker,1,Zayne,FALSE,134,68,0
372956,2025-05-30,1504,Lemonette,7,Xavier,FALSE,122,51,0
348649,2025-09-28,8078,Heartbreaker,7,Rafayel,TRUE,43,14,2
431375,2025-05-03,9052,Snoozer,5,Zayne,TRUE,135,37,1
874365,2025-03-30,9500,Heartbreaker,1,Xavier,TRUE,122,2,1
609844,2025-06-23,3377,Mr. Beanie,9,Zayne,TRUE,55,99,3
214620,2025-05-13,2588,Pumpkin Magus,2,Sylus,FALSE,46,8,0
984516,2025-09-14,2842,Mr. Beanie,8,Zayne,TRUE,46,32,2
549912,2025-03-16,7014,Mr. Beanie,5,Caleb,TRUE,49,90,3
901499,2025-10-23,4709,Snoozer,1,Zayne,FALSE,107,35,0
801943,2025-11-14,9572,Heartbreaker,7,Xavier,TRUE,41,85,3
541159,2025-12-27,6537,Heartbreaker,2,Caleb,TRUE,123,88,2
801943,2025-10-28,6629,Pumpkin Magus,8,Caleb,TRUE,75,53,3
514937,2025-09-02,7823,Mr. Beanie,3,Rafayel,FALSE,81,99,0
834590,2025-11-21,2561,Snoozer,2,Zayne,TRUE,79,35,2
427353,2025-03-15,3489,Pumpkin Magus,5,Zayne,TRUE,69,12,2
866987,2025-12-18,2539,Heartbreaker,5,Rafayel,TRUE,61,13,2
832130,2025-10-04,7983,Snoozer,8,Sylus,TRUE,115,1,1
375190,2025-10-28,2929,Snoozer,2,Xavier,FALSE,57,84,0
511550,2025-07-07,6136,Pumpkin Magus,8,Sylus,TRUE,58,85,3
731589,2025-12-25,4998,Snoozer,8,Zayne,TRUE,84,81,3
280853,2025-09-29,3539,Heartbreaker,8,Xavier,TRUE,77,63,3
301279,2025-10-05,6298,Mr. Beanie,3,Zayne,FALSE,147,18,0
727074,2025-10-13,6507,Pumpkin Magus,5,Rafayel,FALSE,42,69,0
728074,2025-07-14,7202,Snoozer,6,Rafayel,TRUE,149,46,1
111393,2025-12-13,6772,Pumpkin Magus,3,Zayne,TRUE,141,66,2
359139,2025-11-16,5137,Pumpkin Magus,9,Xavier,TRUE,126,97,2
208144,2025-10-15,1026,Lemonette,7,Caleb,TRUE,86,80,3
846418,2025-11-19,8297,Pumpkin Magus,9,Xavier,TRUE,133,11,1
359981,2025-11-16,9466,Mr. Beanie,8,Xavier,TRUE,89,38,2
237069,2025-12-23,2920,Heartbreaker,1,Caleb,FALSE,106,20,0
555693,2025-10-21,3459,Snoozer,4,Xavier,TRUE,85,33,2
521864,2025-09-02,9222,Pumpkin Magus,5,Zayne,TRUE,39,31,2
742702,2025-12-31,8852,Heartbreaker,8,Rafayel,TRUE,45,97,3
737417,2025-04-11,5711,Lemonette,8,Zayne,TRUE,82,86,3
188966,2025-04-29,2072,Lemonette,7,Zayne,TRUE,121,7,1
555693,2025-06-08,7381,Mr. Beanie,1,Rafayel,FALSE,59,83,0
761063,2025-06-16,8649,Pumpkin Magus,1,Rafayel,TRUE,44,47,2
191060,2025-09-26,7990,Lemonette,3,Zayne,TRUE,146,6,1
935192,2025-08-09,1755,Snoozer,4,Zayne,TRUE,93,8,1
845261,2025-09-25,4368,Pumpkin Magus,2,Rafayel,TRUE,87,55,3
700465,2025-12-25,3951,Lemonette,1,Sylus,TRUE,57,51,3
737417,2025-07-08,7844,Lemonette,2,Rafayel,TRUE,146,83,2
596367,2025-12-31,1877,Snoozer,7,Sylus,FALSE,103,59,0
280853,2025-06-10,2126,Mr. Beanie,6,Caleb,TRUE,43,37,2
511550,2025-08-23,2754,Heartbreaker,1,Xavier,TRUE,149,87,2
687078,2025-07-07,9720,Pumpkin Magus,8,Xavier,TRUE,131,27,1
614728,2025-07-28,2652,Lemonette,9,Rafayel,FALSE,62,40,0
118200,2025-12-18,1998,Lemonette,4,Caleb,TRUE,38,96,3
348649,2025-11-09,6419,Lemonette,1,Caleb,TRUE,133,98,2
742702,2025-12-06,1671,Lemonette,4,Sylus,TRUE,144,17,1
370682,2025-12-14,9380,Snoozer,9,Sylus,TRUE,54,21,2
506147,2025-10-11,6638,Mr. Beanie,8,Zayne,TRUE,123,30,1
214620,2025-04-29,6486,Lemonette,1,Sylus,TRUE,51,85,3
321584,2025-09-08,3513,Mr. Beanie,9,Zayne,FALSE,56,76,0
769214,2025-10-14,6836,Heartbreaker,3,Zayne,FALSE,56,22,0
397240,2025-12-20,1787,Mr. Beanie,6,Sylus,TRUE,130,39,1
381970,2025-11-01,2793,Lemonette,6,Sylus,TRUE,79,91,3
159745,2025-10-18,7822,Snoozer,3,Zayne,FALSE,50,56,0
495082,2025-12-25,2699,Pumpkin Magus,3,Sylus,TRUE,34,22,2
409075,2025-12-23,2141,Heartbreaker,3,Rafayel,TRUE,96,75,2
470088,2025-10-13,7848,Heartbreaker,7,Zayne,TRUE,52,20,2
950166,2025-11-25,4924,Pumpkin Magus,3,Rafayel,TRUE,84,47,2
478328,2025-07-19,7361,Pumpkin Magus,3,Xavier,TRUE,48,59,3
733001,2025-01-02,5314,Lemonette,2,Xavier,TRUE,82,99,3
160277,2025-11-28,5944,Heartbreaker,3,Sylus,TRUE,64,27,2
845261,2025-05-24,9654,Lemonette,4,Xavier,TRUE,70,95,3
123123,2025-11-08,3861,Mr. Beanie,9,Caleb,TRUE,32,95,3
826543,2025-09-28,1226,Heartbreaker,2,Xavier,FALSE,141,68,0
183736,2025-10-20,8774,Lemonette,1,Rafayel,FALSE,59,35,0
728074,2025-11-10,4174,Mr. Beanie,3,Caleb,FALSE,111,25,0
550768,2025-12-17,4799,Pumpkin Magus,9,Caleb,TRUE,109,50,2
814699,2025-12-09,2262,Pumpkin Magus,1,Zayne,FALSE,112,19,0
964988,2025-11-08,7089,Pumpkin Magus,8,Caleb,TRUE,95,2,1
712634,2025-12-29,3835,Heartbreaker,4,Caleb,TRUE,125,94,2
984516,2025-10-15,9611,Pumpkin Magus,9,Caleb,TRUE,97,47,1
254756,2025-10-12,6953,Snoozer,9,Zayne,FALSE,81,22,0
863692,2025-10-11,5505,Pumpkin Magus,8,Zayne,TRUE,76,60,3
769214,2025-10-03,2934,Lemonette,4,Caleb,FALSE,64,81,0
906557,2025-10-24,9938,Lemonette,9,Zayne,TRUE,127,73,2
926564,2025-12-08,4612,Pumpkin Magus,1,Sylus,TRUE,114,27,1
123123,2025-05-05,2002,Heartbreaker,8,Rafayel,TRUE,64,91,3
882995,2025-04-21,1490,Snoozer,1,Sylus,TRUE,55,61,3
375190,2025-08-23,9816,Snoozer,3,Xavier,TRUE,79,76,3
453795,2025-11-10,1583,Pumpkin Magus,4,Zayne,TRUE,94,7,1
550768,2025-12-08,1167,Pumpkin Magus,5,Rafayel,TRUE,62,46,2
123123,2025-02-10,2955,Heartbreaker,4,Sylus,TRUE,123,71,2
700465,2025-09-20,4441,Pumpkin Magus,1,Sylus,TRUE,79,0,2
548279,2025-12-29,5623,Snoozer,5,Caleb,FALSE,55,41,0
725165,2025-09-11,9652,Pumpkin Magus,8,Sylus,TRUE,52,49,2
884064,2025-11-06,4168,Mr. Beanie,8,Zayne,FALSE,44,78,0
226386,2025-07-25,5375,Pumpkin Magus,3,Xavier,FALSE,100,33,0
341171,2025-09-29,3044,Heartbreaker,9,Xavier,FALSE,143,39,0
700465,2025-11-05,7054,Snoozer,9,Zayne,TRUE,143,34,1
128758,2025-09-04,6272,Heartbreaker,9,Caleb,TRUE,55,32,2
431375,2025-03-30,3739,Lemonette,5,Rafayel,TRUE,63,57,3
111393,2025-12-27,4804,Heartbreaker,9,Sylus,FALSE,41,14,0
954746,2025-11-06,1032,Snoozer,8,Zayne,TRUE,59,24,2
910062,2025-05-22,1195,Mr. Beanie,3,Xavier,TRUE,35,21,2
548148,2025-12-15,5508,Pumpkin Magus,6,Sylus,FALSE,76,76,0
474358,2025-10-09,2243,Mr. Beanie,9,Xavier,TRUE,72,23,2
747344,2025-07-21,9943,Lemonette,2,Caleb,FALSE,69,27,0
668616,2025-09-13,1259,Pumpkin Magus,8,Sylus,TRUE,37,44,2
639945,2025-09-09,9673,Lemonette,5,Caleb,TRUE,81,20,2
373348,2026-01-01,9859,Snoozer,2,Xavier,TRUE,137,70,2
752173,2025-10-31,7888,Heartbreaker,3,Rafayel,TRUE,34,86,3
964988,2025-09-13,5629,Snoozer,7,Sylus,FALSE,61,62,0
397240,2025-08-23,2708,Pumpkin Magus,7,Caleb,TRUE,48,31,2
601689,2025-07-11,5400,Lemonette,3,Zayne,TRUE,83,48,2
769214,2025-10-15,3799,Heartbreaker,7,Rafayel,TRUE,145,2,1
834590,2025-12-29,6833,Heartbreaker,9,Xavier,TRUE,142,6,1
123123,2025-02-20,3371,Lemonette,3,Rafayel,TRUE,100,21,1
474358,2025-09-25,7510,Heartbreaker,8,Zayne,TRUE,90,68,3
680655,2025-12-18,8376,Lemonette,3,Caleb,TRUE,134,46,1
976659,2025-09-16,8892,Heartbreaker,2,Zayne,TRUE,94,69,2
632495,2025-10-26,9753,Mr. Beanie,7,Sylus,TRUE,48,13,2
214620,2025-08-22,2313,Pumpkin Magus,4,Rafayel,TRUE,80,93,3
341171,2025-10-31,1745,Pumpkin Magus,5,Zayne,TRUE,67,78,3
601290,2025-04-27,2655,Snoozer,2,Sylus,TRUE,149,98,2
795855,2025-04-19,5994,Lemonette,2,Zayne,TRUE,83,27,2
984516,2025-12-03,3149,Lemonette,2,Caleb,TRUE,69,62,3
340840,2025-12-13,7187,Lemonette,1,Rafayel,TRUE,48,25,2
431375,2025-10-16,4514,Pumpkin Magus,6,Zayne,FALSE,135,27,0
926564,2025-10-09,7643,Lemonette,1,Rafayel,TRUE,58,87,3
288871,2025-12-11,1121,Pumpkin Magus,9,Rafayel,TRUE,90,85,3
118200,2025-12-06,8324,Heartbreaker,2,Caleb,TRUE,68,30,2
214620,2025-04-04,3071,Mr. Beanie,2,Rafayel,TRUE,91,39,1
254756,2025-09-12,2686,Lemonette,3,Zayne,TRUE,42,10,2
621918,2025-12-15,8353,Pumpkin Magus,5,Zayne,TRUE,131,79,2
320849,2025-11-03,8369,Lemonette,2,Rafayel,FALSE,89,29,0
866899,2025-12-05,7338,Lemonette,8,Zayne,TRUE,74,76,3
385312,2025-11-04,8941,Pumpkin Magus,9,Rafayel,FALSE,48,27,0
911910,2025-12-30,2008,Snoozer,2,Rafayel,TRUE,90,8,2
381970,2025-11-25,7871,Pumpkin Magus,1,Zayne,TRUE,51,25,2
336673,2025-12-23,7538,Pumpkin Magus,4,Zayne,TRUE,34,79,3
846632,2025-12-17,7270,Mr. Beanie,3,Xavier,TRUE,102,23,1
396109,2025-11-14,3106,Snoozer,4,Rafayel,FALSE,78,11,0
511230,2025-08-28,3223,Lemonette,2,Zayne,TRUE,104,70,2
679812,2025-05-24,8495,Snoozer,6,Rafayel,TRUE,132,66,2
116606,2025-12-20,5799,Pumpkin Magus,3,Zayne,TRUE,51,56,3
680655,2025-12-19,8591,Snoozer,3,Rafayel,TRUE,141,78,2
733001,2025-03-12,2054,Pumpkin Magus,4,Zayne,TRUE,116,27,1
373348,2026-01-01,9495,Heartbreaker,5,Caleb,TRUE,108,26,1
596367,2025-12-26,9708,Pumpkin Magus,9,Zayne,TRUE,90,73,3
823737,2025-11-25,3240,Heartbreaker,3,Zayne,TRUE,52,22,2
369683,2025-06-02,4726,Lemonette,6,Rafayel,TRUE,92,87,2
111393,2025-12-09,2279,Lemonette,2,Caleb,TRUE,82,9,2
888577,2025-12-22,5873,Heartbreaker,7,Sylus,TRUE,45,92,3
199038,2025-07-29,5529,Heartbreaker,5,Rafayel,TRUE,93,32,1
865780,2025-12-14,4578,Pumpkin Magus,7,Zayne,TRUE,71,55,3
370682,2026-01-01,8650,Heartbreaker,1,Xavier,TRUE,148,5,1
359981,2025-06-30,4708,Pumpkin Magus,9,Rafayel,TRUE,109,65,2
976659,2025-11-19,1993,Lemonette,2,Rafayel,TRUE,43,18,2
784131,2025-12-22,5809,Heartbreaker,8,Sylus,TRUE,136,51,2
926564,2025-11-07,8183,Heartbreaker,6,Zayne,TRUE,65,52,3
409075,2025-12-05,7216,Pumpkin Magus,9,Caleb,FALSE,122,2,0
401684,2025-05-14,1261,Heartbreaker,2,Zayne,TRUE,90,57,3
880318,2025-04-16,6624,Lemonette,6,Sylus,TRUE,145,1,1
531336,2025-03-22,5875,Snoozer,2,Zayne,TRUE,101,58,2
882995,2025-11-14,6973,Heartbreaker,7,Xavier,FALSE,32,76,0
191060,2025-11-18,4668,Snoozer,3,Rafayel,FALSE,69,22,0
125681,2025-12-22,6279,Snoozer,9,Sylus,FALSE,103,97,0
610399,2025-08-14,2966,Snoozer,5,Zayne,TRUE,52,49,2
431375,2025-04-22,8712,Pumpkin Magus,4,Xavier,TRUE,135,79,2
834674,2025-11-20,5852,Mr. Beanie,4,Xavier,TRUE,87,96,3
429077,2025-05-29,9828,Snoozer,5,Rafayel,TRUE,145,82,2
451127,2025-10-14,9221,Snoozer,4,Rafayel,TRUE,51,42,2
548279,2025-05-14,4149,Heartbreaker,7,Zayne,FALSE,107,84,0
373348,2025-12-30,5592,Mr. Beanie,3,Caleb,TRUE,38,97,3
550768,2025-12-13,6848,Mr. Beanie,2,Sylus,TRUE,51,10,2
742702,2025-10-24,9058,Pumpkin Magus,3,Xavier,TRUE,49,1,2
511550,2025-08-24,7511,Mr. Beanie,4,Xavier,TRUE,122,58,2
347272,2025-11-29,8009,Snoozer,7,Xavier,FALSE,108,99,0
558280,2025-10-30,9123,Heartbreaker,6,Rafayel,TRUE,133,78,2
275820,2025-12-11,4111,Lemonette,1,Xavier,TRUE,33,38,2
727074,2025-08-26,1463,Pumpkin Magus,6,Sylus,TRUE,48,88,3
288871,2025-12-11,7893,Lemonette,2,Rafayel,TRUE,119,10,1
549912,2025-08-20,7353,Pumpkin Magus,1,Sylus,TRUE,141,40,1
461798,2025-11-08,8185,Mr. Beanie,4,Xavier,FALSE,149,26,0
725165,2025-10-30,7239,Mr. Beanie,5,Zayne,TRUE,75,49,2
369683,2025-09-25,9976,Pumpkin Magus,8,Xavier,TRUE,61,11,2
328801,2025-10-12,7122,Snoozer,4,Xavier,TRUE,103,99,2
369683,2025-10-22,1961,Lemonette,4,Zayne,TRUE,98,41,1
760028,2025-07-04,8638,Pumpkin Magus,2,Rafayel,TRUE,149,80,2
761063,2025-11-07,1391,Heartbreaker,3,Rafayel,FALSE,104,24,0
834674,2025-12-14,5191,Snoozer,8,Caleb,TRUE,46,99,3
422983,2026-01-01,5686,Lemonette,5,Caleb,TRUE,139,85,2
826543,2025-09-19,8708,Pumpkin Magus,9,Xavier,FALSE,115,46,0
369683,2025-08-31,7064,Snoozer,6,Sylus,FALSE,102,21,0
555693,2025-10-19,7514,Pumpkin Magus,8,Rafayel,TRUE,118,91,2
823737,2025-11-12,2923,Lemonette,2,Rafayel,TRUE,106,16,1
531336,2025-09-30,9827,Heartbreaker,5,Zayne,TRUE,35,91,3
206823,2025-12-14,5784,Mr. Beanie,4,Zayne,TRUE,45,56,3
275820,2025-09-29,9186,Snoozer,5,Xavier,TRUE,82,74,3
888797,2025-09-21,5881,Pumpkin Magus,2,Zayne,TRUE,116,47,1
452311,2025-12-10,6958,Lemonette,5,Caleb,TRUE,105,98,2
976659,2025-05-21,9860,Lemonette,1,Caleb,TRUE,96,61,2
846418,2025-04-28,6871,Mr. Beanie,3,Caleb,FALSE,97,37,0
782989,2025-12-27,4340,Pumpkin Magus,6,Sylus,FALSE,89,25,0
506147,2025-11-15,2743,Snoozer,3,Zayne,TRUE,97,57,2
422983,2026-01-01,7301,Lemonette,3,Sylus,TRUE,30,22,2
826543,2025-12-18,4498,Mr. Beanie,4,Rafayel,TRUE,68,19,2
880318,2025-07-19,4355,Lemonette,7,Caleb,TRUE,36,39,2
801644,2025-07-07,9401,Lemonette,3,Zayne,TRUE,47,32,2
504266,2025-11-04,4048,Lemonette,2,Sylus,TRUE,56,90,3
451127,2025-12-14,7646,Heartbreaker,5,Sylus,TRUE,116,1,1
237069,2025-12-31,1582,Heartbreaker,3,Rafayel,FALSE,71,73,0
527818,2025-07-07,2383,Snoozer,2,Xavier,TRUE,71,86,3
155852,2025-07-28,7542,Snoozer,4,Rafayel,TRUE,110,97,2
381970,2025-12-05,1705,Pumpkin Magus,4,Zayne,TRUE,70,23,2
531336,2025-06-13,9048,Pumpkin Magus,2,Sylus,TRUE,81,8,2
609844,2025-10-02,8378,Heartbreaker,8,Xavier,TRUE,148,35,1
921713,2025-10-05,8567,Lemonette,6,Caleb,TRUE,44,63,3
614315,2025-09-23,1503,Lemonette,6,Xavier,FALSE,143,94,0
262776,2025-07-06,2395,Lemonette,7,Sylus,TRUE,84,52,3
814699,2025-11-21,2490,Mr. Beanie,9,Xavier,TRUE,36,6,2
584250,2025-09-14,7071,Lemonette,9,Caleb,TRUE,80,51,3
795855,2025-06-19,7481,Pumpkin Magus,9,Caleb,TRUE,138,52,2
280853,2025-11-06,8637,Lemonette,4,Sylus,FALSE,30,50,0
348649,2025-03-26,8628,Heartbreaker,1,Xavier,TRUE,80,70,3
992418,2025-08-02,3419,Mr. Beanie,8,Xavier,FALSE,96,90,0
668616,2025-08-01,7450,Pumpkin Magus,6,Zayne,TRUE,148,97,2
295482,2025-06-25,9419,Pumpkin Magus,4,Caleb,TRUE,108,66,2
474358,2025-10-21,4860,Pumpkin Magus,7,Sylus,TRUE,93,52,2
299295,2025-12-31,7894,Lemonette,7,Caleb,TRUE,146,20,1
206823,2025-12-19,9627,Lemonette,2,Sylus,TRUE,104,33,1
888797,2025-10-16,8123,Mr. Beanie,3,Rafayel,TRUE,118,88,2
381970,2025-11-19,8276,Snoozer,1,Xavier,TRUE,122,73,2
277440,2025-12-04,3584,Pumpkin Magus,8,Rafayel,TRUE,122,50,2
199038,2025-11-01,4797,Mr. Beanie,9,Xavier,TRUE,140,54,2
128758,2025-08-16,5666,Mr. Beanie,6,Sylus,FALSE,98,85,0
989843,2025-11-25,3077,Mr. Beanie,8,Rafayel,TRUE,53,78,3
801943,2025-10-29,1825,Mr. Beanie,5,Zayne,TRUE,57,41,2
504425,2025-11-03,7159,Heartbreaker,7,Sylus,TRUE,68,79,3
369938,2025-09-23,9256,Heartbreaker,9,Caleb,TRUE,56,52,3
422983,2025-12-31,1698,Mr. Beanie,4,Zayne,TRUE,57,72,3
846632,2025-12-01,9497,Heartbreaker,1,Caleb,TRUE,113,83,2
842270,2025-12-30,2297,Mr. Beanie,3,Caleb,TRUE,107,60,2
926564,2025-09-24,4456,Lemonette,8,Caleb,TRUE,134,93,2
373348,2026-01-01,3755,Heartbreaker,9,Rafayel,FALSE,115,13,0
474358,2025-06-12,1820,Heartbreaker,9,Caleb,FALSE,49,90,0
610399,2025-11-05,7354,Mr. Beanie,2,Caleb,TRUE,39,11,2
558280,2025-07-27,2289,Heartbreaker,4,Xavier,TRUE,75,10,2
335890,2025-07-29,9678,Lemonette,3,Xavier,FALSE,122,87,0
989843,2025-11-04,6531,Snoozer,2,Xavier,TRUE,119,66,2
396109,2025-12-30,1619,Mr. Beanie,9,Caleb,TRUE,65,93,3
375190,2025-11-04,8531,Lemonette,5,Xavier,TRUE,74,100,3
954746,2025-12-15,9612,Snoozer,7,Rafayel,FALSE,57,26,0
254756,2025-12-22,6992,Snoozer,7,Rafayel,TRUE,32,41,2
728074,2025-10-19,6700,Snoozer,7,Zayne,FALSE,150,45,0
369938,2025-07-12,8971,Pumpkin Magus,3,Caleb,TRUE,105,64,2
429077,2025-08-31,6444,Pumpkin Magus,3,Xavier,TRUE,89,72,3
921713,2025-06-24,1067,Pumpkin Magus,9,Xavier,TRUE,58,55,3
736867,2025-08-09,1418,Snoozer,1,Rafayel,TRUE,138,34,1
801943,2025-07-17,4640,Mr. Beanie,5,Xavier,TRUE,74,33,2
188966,2025-08-18,1873,Heartbreaker,6,Caleb,TRUE,69,41,2
976659,2025-08-20,4405,Lemonette,6,Caleb,TRUE,38,42,2
842270,2025-12-24,9738,Heartbreaker,4,Rafayel,TRUE,78,93,3
687078,2025-12-07,7865,Lemonette,3,Caleb,TRUE,108,36,1
428740,2025-10-26,1066,Pumpkin Magus,1,Sylus,TRUE,98,17,1
453795,2025-05-11,8131,Mr. Beanie,1,Sylus,TRUE,145,16,1
832130,2025-11-09,4204,Lemonette,3,Zayne,FALSE,113,28,0
385312,2025-12-23,3729,Snoozer,6,Caleb,TRUE,136,36,1
504425,2025-12-01,3804,Mr. Beanie,8,Zayne,FALSE,50,8,0
370682,2025-12-22,6198,Heartbreaker,7,Caleb,TRUE,123,97,2
199038,2025-10-17,5269,Lemonette,2,Rafayel,TRUE,36,27,2
188966,2025-10-28,2571,Heartbreaker,3,Caleb,TRUE,89,16,2
340840,2025-11-03,1063,Heartbreaker,6,Zayne,FALSE,53,49,0
727074,2025-09-22,2334,Lemonette,9,Caleb,TRUE,118,77,2
609844,2025-10-09,2683,Mr. Beanie,4,Sylus,TRUE,119,94,2
676537,2025-11-22,9143,Snoozer,3,Caleb,TRUE,124,67,2
819323,2025-10-13,5753,Lemonette,8,Rafayel,TRUE,52,28,2
614728,2025-10-29,9109,Snoozer,1,Zayne,TRUE,60,84,3
801644,2025-04-21,2270,Mr. Beanie,9,Xavier,TRUE,39,39,2
148823,2025-12-07,5435,Heartbreaker,9,Zayne,FALSE,116,46,0
511550,2025-09-06,8791,Pumpkin Magus,6,Zayne,TRUE,114,75,2
632495,2025-10-18,4089,Heartbreaker,5,Rafayel,TRUE,128,27,1
288871,2025-12-31,1230,Lemonette,6,Xavier,TRUE,101,16,1
385312,2025-11-29,1302,Pumpkin Magus,5,Sylus,TRUE,43,7,2
731589,2025-12-28,9024,Mr. Beanie,5,Zayne,TRUE,108,95,2
214620,2025-10-01,1912,Snoozer,3,Zayne,FALSE,69,50,0
295482,2025-10-14,9927,Snoozer,5,Zayne,TRUE,139,41,1
676537,2025-10-13,7172,Snoozer,9,Caleb,TRUE,71,61,3
155852,2025-12-24,8943,Snoozer,8,Sylus,TRUE,144,12,1
226386,2025-08-12,1733,Heartbreaker,9,Xavier,TRUE,59,85,3
866987,2025-11-21,5634,Mr. Beanie,9,Caleb,TRUE,134,7,1
865780,2025-12-15,8449,Mr. Beanie,5,Xavier,TRUE,131,41,1
385312,2025-12-13,6751,Pumpkin Magus,5,Caleb,TRUE,136,42,1
819323,2025-09-08,2827,Mr. Beanie,5,Xavier,TRUE,104,96,2
823364,2025-11-04,8903,Lemonette,7,Caleb,FALSE,137,58,0
370682,2025-12-17,9470,Pumpkin Magus,5,Rafayel,TRUE,92,38,1
313253,2025-11-26,3007,Heartbreaker,6,Zayne,TRUE,51,53,3
832130,2025-10-15,1889,Snoozer,5,Rafayel,TRUE,37,71,3
118200,2025-11-30,6108,Heartbreaker,6,Sylus,TRUE,63,33,2
320849,2025-08-28,5775,Pumpkin Magus,5,Xavier,TRUE,47,86,3
336673,2025-12-30,7999,Heartbreaker,3,Sylus,FALSE,145,52,0
676537,2025-09-26,5667,Pumpkin Magus,8,Caleb,TRUE,107,9,1
359981,2025-10-03,7573,Pumpkin Magus,7,Rafayel,TRUE,38,45,2
846418,2025-07-16,8352,Pumpkin Magus,7,Rafayel,TRUE,98,53,2
506147,2025-10-27,9462,Snoozer,8,Rafayel,FALSE,87,11,0
237069,2025-12-31,6660,Lemonette,2,Rafayel,FALSE,58,16,0
262776,2025-07-16,6556,Pumpkin Magus,1,Zayne,TRUE,62,77,3
928337,2025-07-14,5846,Lemonette,8,Rafayel,FALSE,138,7,0
842270,2025-12-26,1573,Mr. Beanie,3,Caleb,TRUE,122,93,2
558280,2025-10-25,8871,Lemonette,9,Zayne,TRUE,53,58,3
338159,2025-11-07,3921,Lemonette,2,Xavier,TRUE,85,22,2
826543,2025-11-13,9385,Pumpkin Magus,3,Sylus,TRUE,140,88,2
984516,2025-11-23,7932,Mr. Beanie,1,Zayne,TRUE,96,28,1
