wish_id,player_id,wish_date,wish_number,rarity,pool,currency
36707,706710,2025-05-25,1,3-star,Rippling Echo,Empyrean Wish
34474,706710,2025-06-01,2,3-star,Rippling Echo,Empyrean Wish
39498,706710,2025-06-06,3,3-star,XSpace Echo,Empyrean Wish
93060,706710,2025-06-11,4,3-star,Rippling Echo,Empyrean Wish
75646,706710,2025-07-21,5,4-star,Limited,Deepspace Wish
22056,706710,2025-07-21,6,3-star,Rippling Echo,Empyrean Wish
46209,706710,2025-07-22,7,3-star,Limited,Deepspace Wish
17892,706710,2025-08-17,8,3-star,XSpace Echo,Empyrean Wish
29491,706710,2025-08-25,9,3-star,XSpace Echo,Empyrean Wish
86287,706710,2025-09-04,10,3-star,Limited,Deepspace Wish
20891,706710,2025-09-11,11,3-star,XSpace Echo,Empyrean Wish
12438,706710,2025-09-11,12,3-star,XSpace Echo,Empyrean Wish
40463,706710,2025-09-22,13,3-star,XSpace Echo,Empyrean Wish
33251,706710,2025-09-25,14,3-star,Rippling Echo,Empyrean Wish
64828,706710,2025-09-28,15,4-star,Limited,Deepspace Wish
14512,706710,2025-10-09,16,3-star,XSpace Echo,Empyrean Wish
19102,706710,2025-10-19,17,3-star,Rippling Echo,Empyrean Wish
86519,706710,2025-11-19,18,3-star,XSpace Echo,Empyrean Wish
38108,706710,2025-11-25,19,3-star,XSpace Echo,Empyrean Wish
45673,706710,2025-11-25,20,3-star,Limited,Deepspace Wish
77656,706710,2025-12-01,21,3-star,Limited,Deepspace Wish
99460,706710,2025-12-05,22,3-star,Rippling Echo,Empyrean Wish
78136,706710,2025-12-05,23,3-star,Limited,Deepspace Wish
85798,431375,2025-03-22,1,3-star,XSpace Echo,Empyrean Wish
35574,431375,2025-03-28,2,3-star,XSpace Echo,Empyrean Wish
51881,431375,2025-04-11,3,3-star,XSpace Echo,Empyrean Wish
49282,431375,2025-04-30,4,3-star,Rippling Echo,Empyrean Wish
48463,431375,2025-05-06,5,3-star,Limited,Deepspace Wish
84004,431375,2025-05-08,6,3-star,Limited,Deepspace Wish
34625,431375,2025-05-31,7,3-star,Limited,Deepspace Wish
94230,431375,2025-06-08,8,3-star,Rippling Echo,Empyrean Wish
68315,431375,2025-06-23,9,3-star,Limited,Deepspace Wish
86706,431375,2025-06-29,10,4-star,Rippling Echo,Empyrean Wish
20266,431375,2025-06-29,11,3-star,Rippling Echo,Empyrean Wish
75706,431375,2025-07-04,12,3-star,XSpace Echo,Empyrean Wish
40583,431375,2025-07-22,13,3-star,XSpace Echo,Empyrean Wish
10647,431375,2025-07-28,14,3-star,XSpace Echo,Empyrean Wish
92771,431375,2025-08-02,15,3-star,Limited,Deepspace Wish
20228,431375,2025-08-02,16,3-star,XSpace Echo,Empyrean Wish
13141,431375,2025-08-11,17,3-star,Rippling Echo,Empyrean Wish
34776,431375,2025-09-06,18,5-star,Limited,Deepspace Wish
18427,431375,2025-09-28,19,3-star,Limited,Deepspace Wish
71271,431375,2025-10-06,20,3-star,Limited,Deepspace Wish
56337,431375,2025-10-12,21,3-star,Rippling Echo,Empyrean Wish
15765,431375,2025-10-20,22,3-star,Rippling Echo,Empyrean Wish
32244,431375,2025-11-02,23,4-star,Limited,Deepspace Wish
96080,431375,2025-11-21,24,3-star,Limited,Deepspace Wish
78780,431375,2025-11-27,25,3-star,Rippling Echo,Empyrean Wish
76605,431375,2025-12-08,26,3-star,XSpace Echo,Empyrean Wish
13349,431375,2025-12-24,27,3-star,Rippling Echo,Empyrean Wish
20233,262776,2025-06-12,1,3-star,Limited,Deepspace Wish
41419,262776,2025-06-30,2,3-star,Limited,Deepspace Wish
29508,262776,2025-12-17,3,3-star,Limited,Deepspace Wish
32959,714093,2025-06-29,1,3-star,Limited,Deepspace Wish
21618,714093,2025-09-26,2,3-star,Limited,Deepspace Wish
19394,714093,2025-10-27,3,3-star,Rippling Echo,Empyrean Wish
72262,714093,2025-12-06,4,3-star,Rippling Echo,Empyrean Wish
26099,832054,2025-03-20,1,3-star,Limited,Deepspace Wish
68424,832054,2025-03-30,2,3-star,XSpace Echo,Empyrean Wish
91421,832054,2025-04-25,3,3-star,Rippling Echo,Empyrean Wish
16836,832054,2025-05-11,4,3-star,Rippling Echo,Empyrean Wish
37953,832054,2025-05-12,5,3-star,XSpace Echo,Empyrean Wish
67509,832054,2025-06-06,6,3-star,XSpace Echo,Empyrean Wish
18091,832054,2025-07-15,7,3-star,Rippling Echo,Empyrean Wish
58671,832054,2025-07-20,8,3-star,XSpace Echo,Empyrean Wish
21067,832054,2025-07-24,9,3-star,XSpace Echo,Empyrean Wish
50022,832054,2025-08-08,10,4-star,Limited,Deepspace Wish
48466,832054,2025-08-25,11,3-star,Limited,Deepspace Wish
60786,832054,2025-09-10,12,3-star,Rippling Echo,Empyrean Wish
64603,832054,2025-09-28,13,3-star,Limited,Deepspace Wish
93804,832054,2025-11-03,14,3-star,Rippling Echo,Empyrean Wish
40871,832054,2025-11-08,15,3-star,Limited,Deepspace Wish
45991,832054,2025-12-05,16,3-star,Rippling Echo,Empyrean Wish
69539,453795,2025-02-11,1,3-star,Rippling Echo,Empyrean Wish
94491,453795,2025-03-18,2,3-star,Rippling Echo,Empyrean Wish
44400,453795,2025-04-06,3,3-star,Limited,Deepspace Wish
45896,453795,2025-04-15,4,4-star,Limited,Deepspace Wish
60408,453795,2025-05-12,5,3-star,Limited,Deepspace Wish
76512,453795,2025-07-10,6,3-star,Rippling Echo,Empyrean Wish
42868,453795,2025-07-30,7,3-star,Limited,Deepspace Wish
74034,453795,2025-09-21,8,3-star,XSpace Echo,Empyrean Wish
67489,453795,2025-10-22,9,3-star,Rippling Echo,Empyrean Wish
28129,453795,2025-11-02,10,3-star,Rippling Echo,Empyrean Wish
12197,453795,2025-11-26,11,3-star,Limited,Deepspace Wish
89730,453795,2025-12-15,12,3-star,Limited,Deepspace Wish
93567,537061,2025-11-12,1,3-star,Limited,Deepspace Wish
33607,537061,2025-11-27,2,3-star,Rippling Echo,Empyrean Wish
65329,537061,2025-12-08,3,3-star,Limited,Deepspace Wish
84187,537061,2025-12-08,4,3-star,XSpace Echo,Empyrean Wish
47338,537061,2025-12-09,5,4-star,Limited,Deepspace Wish
34214,537061,2025-12-12,6,3-star,Limited,Deepspace Wish
46524,537061,2025-12-19,7,3-star,Limited,Deepspace Wish
77489,537061,2025-12-20,8,3-star,XSpace Echo,Empyrean Wish
87442,537061,2025-12-24,9,3-star,Limited,Deepspace Wish
65347,537061,2025-12-29,10,3-star,Rippling Echo,Empyrean Wish
58047,537061,2025-12-30,11,3-star,Rippling Echo,Empyrean Wish
95758,188966,2025-02-03,1,3-star,Limited,Deepspace Wish
20852,188966,2025-03-29,2,3-star,Limited,Deepspace Wish
44677,188966,2025-05-09,3,3-star,Rippling Echo,Empyrean Wish
68687,188966,2025-06-20,4,3-star,Limited,Deepspace Wish
17867,188966,2025-09-30,5,3-star,Rippling Echo,Empyrean Wish
95594,188966,2025-10-01,6,3-star,XSpace Echo,Empyrean Wish
89601,188966,2025-10-08,7,3-star,XSpace Echo,Empyrean Wish
26836,188966,2025-10-29,8,3-star,Rippling Echo,Empyrean Wish
37498,188966,2025-11-18,9,3-star,Rippling Echo,Empyrean Wish
98015,188966,2025-11-26,10,4-star,Limited,Deepspace Wish
28301,188966,2025-12-03,11,3-star,Rippling Echo,Empyrean Wish
91785,188966,2025-12-07,12,3-star,Limited,Deepspace Wish
66046,538454,2025-04-04,1,4-star,Limited,Deepspace Wish
98638,538454,2025-04-13,2,3-star,Limited,Deepspace Wish
80300,538454,2025-04-22,3,3-star,Limited,Deepspace Wish
86224,538454,2025-05-01,4,3-star,XSpace Echo,Empyrean Wish
10990,538454,2025-05-03,5,3-star,Limited,Deepspace Wish
79895,538454,2025-07-15,6,3-star,Limited,Deepspace Wish
66231,538454,2025-07-30,7,3-star,Limited,Deepspace Wish
44814,538454,2025-08-09,8,3-star,XSpace Echo,Empyrean Wish
72908,538454,2025-08-11,9,3-star,Limited,Deepspace Wish
34107,538454,2025-08-18,10,3-star,Limited,Deepspace Wish
19298,538454,2025-09-09,11,4-star,Limited,Deepspace Wish
29591,538454,2025-09-23,12,3-star,XSpace Echo,Empyrean Wish
55325,538454,2025-10-06,13,3-star,Limited,Deepspace Wish
92138,538454,2025-10-06,14,3-star,Limited,Deepspace Wish
27385,538454,2025-10-29,15,3-star,XSpace Echo,Empyrean Wish
27648,801943,2025-05-26,1,3-star,Limited,Deepspace Wish
43400,801943,2025-05-28,2,3-star,XSpace Echo,Empyrean Wish
62582,801943,2025-06-04,3,3-star,Rippling Echo,Empyrean Wish
53719,801943,2025-07-01,4,3-star,XSpace Echo,Empyrean Wish
95680,801943,2025-07-05,5,3-star,Limited,Deepspace Wish
22592,801943,2025-07-17,6,3-star,Limited,Deepspace Wish
98420,801943,2025-07-18,7,3-star,Limited,Deepspace Wish
39453,801943,2025-07-26,8,3-star,Rippling Echo,Empyrean Wish
89799,801943,2025-07-26,9,3-star,XSpace Echo,Empyrean Wish
11366,801943,2025-08-09,10,4-star,Rippling Echo,Empyrean Wish
40062,801943,2025-08-10,11,3-star,Rippling Echo,Empyrean Wish
87475,801943,2025-08-15,12,3-star,XSpace Echo,Empyrean Wish
37213,801943,2025-08-26,13,3-star,Rippling Echo,Empyrean Wish
67986,801943,2025-09-01,14,4-star,Rippling Echo,Empyrean Wish
99125,801943,2025-09-03,15,3-star,Rippling Echo,Empyrean Wish
96679,801943,2025-09-05,16,3-star,Rippling Echo,Empyrean Wish
62483,801943,2025-09-06,17,3-star,Limited,Deepspace Wish
74796,801943,2025-09-16,18,3-star,Rippling Echo,Empyrean Wish
41440,801943,2025-09-19,19,3-star,XSpace Echo,Empyrean Wish
46569,801943,2025-09-19,20,3-star,Limited,Deepspace Wish
81007,801943,2025-10-01,21,3-star,Limited,Deepspace Wish
68483,801943,2025-10-12,22,3-star,Limited,Deepspace Wish
46788,801943,2025-10-18,23,3-star,Limited,Deepspace Wish
32446,801943,2025-10-22,24,4-star,Rippling Echo,Empyrean Wish
85161,801943,2025-11-04,25,3-star,Limited,Deepspace Wish
34255,801943,2025-11-29,26,3-star,XSpace Echo,Empyrean Wish
27849,801943,2025-12-04,27,3-star,Limited,Deepspace Wish
99850,801943,2025-12-12,28,3-star,Limited,Deepspace Wish
47382,801943,2025-12-15,29,3-star,XSpace Echo,Empyrean Wish
71585,801943,2025-12-17,30,3-star,Rippling Echo,Empyrean Wish
38356,214620,2025-05-08,1,3-star,Limited,Deepspace Wish
13758,214620,2025-06-10,2,3-star,Limited,Deepspace Wish
46417,214620,2025-07-21,3,3-star,Limited,Deepspace Wish
53970,214620,2025-07-27,4,3-star,Limited,Deepspace Wish
37800,214620,2025-07-30,5,3-star,XSpace Echo,Empyrean Wish
24026,214620,2025-08-02,6,3-star,Limited,Deepspace Wish
95535,214620,2025-08-09,7,3-star,Limited,Deepspace Wish
14849,214620,2025-10-16,8,3-star,Limited,Deepspace Wish
31267,214620,2025-11-18,9,3-star,Limited,Deepspace Wish
56614,832130,2025-08-02,1,3-star,Rippling Echo,Empyrean Wish
50030,832130,2025-09-17,2,3-star,XSpace Echo,Empyrean Wish
48778,832130,2025-09-19,3,3-star,XSpace Echo,Empyrean Wish
80814,832130,2025-10-15,4,3-star,Limited,Deepspace Wish
92260,832130,2025-10-16,5,3-star,Rippling Echo,Empyrean Wish
86159,832130,2025-11-07,6,3-star,XSpace Echo,Empyrean Wish
14642,832130,2025-11-13,7,5-star,Rippling Echo,Empyrean Wish
65870,288871,2025-12-07,1,3-star,Limited,Deepspace Wish
67043,288871,2025-12-08,2,3-star,Rippling Echo,Empyrean Wish
49023,288871,2025-12-08,3,3-star,Limited,Deepspace Wish
88143,288871,2025-12-09,4,3-star,Rippling Echo,Empyrean Wish
20687,288871,2025-12-13,5,3-star,Limited,Deepspace Wish
36442,288871,2025-12-14,6,3-star,XSpace Echo,Empyrean Wish
73950,288871,2025-12-14,7,3-star,Limited,Deepspace Wish
43696,288871,2025-12-17,8,3-star,XSpace Echo,Empyrean Wish
55596,288871,2025-12-19,9,3-star,Limited,Deepspace Wish
44657,288871,2025-12-20,10,4-star,Limited,Deepspace Wish
72785,288871,2025-12-23,11,3-star,XSpace Echo,Empyrean Wish
95137,288871,2025-12-25,12,3-star,XSpace Echo,Empyrean Wish
67272,288871,2025-12-28,13,3-star,Limited,Deepspace Wish
88164,288871,2025-12-30,14,3-star,Limited,Deepspace Wish
76008,183736,2025-09-13,1,3-star,XSpace Echo,Empyrean Wish
79636,183736,2025-09-16,2,3-star,Limited,Deepspace Wish
36356,183736,2025-09-26,3,3-star,Rippling Echo,Empyrean Wish
84324,183736,2025-09-26,4,3-star,Limited,Deepspace Wish
95588,183736,2025-09-27,5,3-star,Rippling Echo,Empyrean Wish
21770,183736,2025-10-05,6,3-star,XSpace Echo,Empyrean Wish
87358,183736,2025-10-12,7,3-star,Limited,Deepspace Wish
27232,183736,2025-10-24,8,3-star,Limited,Deepspace Wish
38633,183736,2025-10-24,9,3-star,XSpace Echo,Empyrean Wish
80478,183736,2025-11-01,10,4-star,Rippling Echo,Empyrean Wish
18720,183736,2025-11-01,11,3-star,Limited,Deepspace Wish
52259,183736,2025-11-01,12,3-star,Limited,Deepspace Wish
17652,183736,2025-11-11,13,3-star,XSpace Echo,Empyrean Wish
30352,183736,2025-11-14,14,3-star,XSpace Echo,Empyrean Wish
89086,183736,2025-11-19,15,3-star,Limited,Deepspace Wish
43236,183736,2025-12-01,16,3-star,Rippling Echo,Empyrean Wish
81422,226386,2025-08-30,1,3-star,XSpace Echo,Empyrean Wish
95023,226386,2025-09-04,2,3-star,Limited,Deepspace Wish
26371,226386,2025-09-30,3,3-star,Rippling Echo,Empyrean Wish
98023,226386,2025-12-01,4,3-star,Limited,Deepspace Wish
64432,226386,2025-12-28,5,5-star,Limited,Deepspace Wish
57969,359139,2025-10-04,1,3-star,Limited,Deepspace Wish
87172,359139,2025-10-05,2,3-star,Rippling Echo,Empyrean Wish
31755,359139,2025-10-07,3,3-star,XSpace Echo,Empyrean Wish
27351,359139,2025-10-10,4,3-star,XSpace Echo,Empyrean Wish
45836,359139,2025-10-19,5,3-star,Rippling Echo,Empyrean Wish
88548,359139,2025-10-23,6,3-star,Rippling Echo,Empyrean Wish
74286,359139,2025-10-24,7,3-star,Rippling Echo,Empyrean Wish
73027,359139,2025-10-24,8,3-star,XSpace Echo,Empyrean Wish
15047,359139,2025-10-26,9,3-star,Rippling Echo,Empyrean Wish
81453,359139,2025-10-30,10,4-star,Rippling Echo,Empyrean Wish
65673,359139,2025-11-01,11,3-star,Rippling Echo,Empyrean Wish
25636,359139,2025-11-03,12,3-star,XSpace Echo,Empyrean Wish
31712,359139,2025-11-07,13,3-star,Limited,Deepspace Wish
13433,359139,2025-11-08,14,3-star,XSpace Echo,Empyrean Wish
57702,359139,2025-11-09,15,3-star,Rippling Echo,Empyrean Wish
87350,359139,2025-11-09,16,3-star,Limited,Deepspace Wish
59598,359139,2025-11-10,17,3-star,Limited,Deepspace Wish
32646,359139,2025-11-11,18,3-star,Rippling Echo,Empyrean Wish
65392,359139,2025-11-15,19,3-star,XSpace Echo,Empyrean Wish
59449,359139,2025-11-16,20,4-star,Limited,Deepspace Wish
33266,359139,2025-11-16,21,3-star,Rippling Echo,Empyrean Wish
20540,359139,2025-11-16,22,3-star,XSpace Echo,Empyrean Wish
56740,359139,2025-11-17,23,3-star,Rippling Echo,Empyrean Wish
83592,359139,2025-11-18,24,3-star,Limited,Deepspace Wish
92831,359139,2025-11-19,25,4-star,XSpace Echo,Empyrean Wish
21107,359139,2025-11-20,26,3-star,Rippling Echo,Empyrean Wish
51789,359139,2025-11-21,27,3-star,XSpace Echo,Empyrean Wish
52057,359139,2025-11-23,28,3-star,Limited,Deepspace Wish
35116,359139,2025-11-26,29,3-star,Limited,Deepspace Wish
40184,359139,2025-11-27,30,3-star,XSpace Echo,Empyrean Wish
67566,359139,2025-11-27,31,3-star,Limited,Deepspace Wish
83590,359139,2025-11-30,32,3-star,Limited,Deepspace Wish
91840,359139,2025-12-02,33,3-star,Limited,Deepspace Wish
93014,359139,2025-12-03,34,3-star,XSpace Echo,Empyrean Wish
50880,359139,2025-12-04,35,4-star,Limited,Deepspace Wish
11198,359139,2025-12-04,36,3-star,Rippling Echo,Empyrean Wish
94872,359139,2025-12-06,37,3-star,XSpace Echo,Empyrean Wish
59095,359139,2025-12-07,38,3-star,XSpace Echo,Empyrean Wish
12191,359139,2025-12-10,39,3-star,Rippling Echo,Empyrean Wish
60719,359139,2025-12-14,40,3-star,Rippling Echo,Empyrean Wish
28075,359139,2025-12-14,41,3-star,Limited,Deepspace Wish
63639,359139,2025-12-17,42,3-star,Rippling Echo,Empyrean Wish
51442,359139,2025-12-19,43,3-star,XSpace Echo,Empyrean Wish
77745,359139,2025-12-25,44,3-star,Rippling Echo,Empyrean Wish
78023,359139,2025-12-26,45,4-star,XSpace Echo,Empyrean Wish
26987,359139,2025-12-28,46,3-star,Rippling Echo,Empyrean Wish
68438,359139,2025-12-28,47,3-star,XSpace Echo,Empyrean Wish
25591,370682,2025-12-05,1,3-star,Rippling Echo,Empyrean Wish
74129,370682,2025-12-05,2,3-star,Rippling Echo,Empyrean Wish
49113,370682,2025-12-06,3,3-star,Rippling Echo,Empyrean Wish
65024,370682,2025-12-06,4,3-star,Limited,Deepspace Wish
40768,370682,2025-12-07,5,3-star,Limited,Deepspace Wish
20112,370682,2025-12-07,6,3-star,Limited,Deepspace Wish
28915,370682,2025-12-07,7,3-star,Limited,Deepspace Wish
47882,370682,2025-12-08,8,3-star,Rippling Echo,Empyrean Wish
80728,370682,2025-12-08,9,3-star,Limited,Deepspace Wish
31085,370682,2025-12-09,10,4-star,Limited,Deepspace Wish
30117,370682,2025-12-09,11,3-star,Rippling Echo,Empyrean Wish
50278,370682,2025-12-09,12,3-star,Limited,Deepspace Wish
48132,370682,2025-12-10,13,3-star,XSpace Echo,Empyrean Wish
20765,370682,2025-12-11,14,3-star,XSpace Echo,Empyrean Wish
96293,370682,2025-12-13,15,3-star,XSpace Echo,Empyrean Wish
52214,370682,2025-12-14,16,4-star,Rippling Echo,Empyrean Wish
46971,370682,2025-12-14,17,3-star,Limited,Deepspace Wish
25458,370682,2025-12-18,18,3-star,Rippling Echo,Empyrean Wish
46572,370682,2025-12-18,19,3-star,Rippling Echo,Empyrean Wish
19193,370682,2025-12-19,20,3-star,Limited,Deepspace Wish
71282,370682,2025-12-22,21,3-star,XSpace Echo,Empyrean Wish
34375,370682,2025-12-24,22,3-star,XSpace Echo,Empyrean Wish
60596,370682,2025-12-24,23,3-star,Limited,Deepspace Wish
74213,370682,2025-12-24,24,3-star,Rippling Echo,Empyrean Wish
48811,370682,2025-12-25,25,3-star,Limited,Deepspace Wish
44335,370682,2025-12-26,26,5-star,Limited,Deepspace Wish
43256,370682,2025-12-26,27,3-star,XSpace Echo,Empyrean Wish
56878,370682,2025-12-27,28,3-star,Rippling Echo,Empyrean Wish
18973,370682,2025-12-28,29,3-star,Rippling Echo,Empyrean Wish
75147,370682,2025-12-28,30,3-star,Rippling Echo,Empyrean Wish
99617,370682,2025-12-29,31,3-star,XSpace Echo,Empyrean Wish
93315,370682,2025-12-30,32,3-star,Limited,Deepspace Wish
44733,370682,2025-12-30,33,3-star,XSpace Echo,Empyrean Wish
46790,370682,2025-12-30,34,3-star,Limited,Deepspace Wish
91458,370682,2025-12-31,35,4-star,Rippling Echo,Empyrean Wish
13411,549912,2025-08-08,1,4-star,Limited,Deepspace Wish
69818,549912,2025-08-19,2,3-star,Rippling Echo,Empyrean Wish
55004,549912,2025-09-06,3,3-star,Limited,Deepspace Wish
24719,549912,2025-09-08,4,3-star,XSpace Echo,Empyrean Wish
34070,549912,2025-10-06,5,3-star,Limited,Deepspace Wish
41935,549912,2025-10-15,6,3-star,Limited,Deepspace Wish
88350,328801,2025-09-22,1,3-star,Limited,Deepspace Wish
90040,328801,2025-10-28,2,3-star,Rippling Echo,Empyrean Wish
50520,485628,2025-07-02,1,4-star,Limited,Deepspace Wish
85329,485628,2025-07-08,2,3-star,Rippling Echo,Empyrean Wish
38420,485628,2025-09-03,3,3-star,Rippling Echo,Empyrean Wish
63994,485628,2025-10-17,4,3-star,XSpace Echo,Empyrean Wish
98837,485628,2025-10-23,5,3-star,Limited,Deepspace Wish
53121,485628,2025-10-29,6,3-star,Limited,Deepspace Wish
96982,485628,2025-12-23,7,3-star,Limited,Deepspace Wish
58114,906557,2025-10-15,1,3-star,Rippling Echo,Empyrean Wish
97372,906557,2025-10-16,2,3-star,Rippling Echo,Empyrean Wish
35642,906557,2025-10-18,3,3-star,Rippling Echo,Empyrean Wish
33402,906557,2025-10-20,4,3-star,Rippling Echo,Empyrean Wish
19121,906557,2025-10-31,5,3-star,XSpace Echo,Empyrean Wish
13768,906557,2025-10-31,6,3-star,Limited,Deepspace Wish
17927,906557,2025-11-06,7,3-star,Rippling Echo,Empyrean Wish
16066,906557,2025-11-09,8,3-star,Limited,Deepspace Wish
96171,906557,2025-11-10,9,3-star,Limited,Deepspace Wish
54569,906557,2025-11-12,10,4-star,Limited,Deepspace Wish
51624,906557,2025-11-21,11,3-star,Rippling Echo,Empyrean Wish
69728,906557,2025-11-24,12,3-star,XSpace Echo,Empyrean Wish
78347,906557,2025-11-25,13,3-star,Rippling Echo,Empyrean Wish
53716,906557,2025-11-27,14,3-star,Limited,Deepspace Wish
28594,906557,2025-11-28,15,3-star,Rippling Echo,Empyrean Wish
81611,906557,2025-11-29,16,3-star,Limited,Deepspace Wish
79927,906557,2025-11-30,17,3-star,XSpace Echo,Empyrean Wish
57001,906557,2025-12-01,18,3-star,XSpace Echo,Empyrean Wish
50145,906557,2025-12-06,19,3-star,Rippling Echo,Empyrean Wish
76619,906557,2025-12-07,20,4-star,Limited,Deepspace Wish
89093,906557,2025-12-13,21,3-star,Rippling Echo,Empyrean Wish
20460,906557,2025-12-18,22,4-star,Rippling Echo,Empyrean Wish
61420,906557,2025-12-21,23,3-star,XSpace Echo,Empyrean Wish
97367,906557,2025-12-23,24,3-star,XSpace Echo,Empyrean Wish
46222,906557,2025-12-23,25,3-star,XSpace Echo,Empyrean Wish
14983,906557,2025-12-24,26,3-star,Rippling Echo,Empyrean Wish
35296,906557,2025-12-29,27,3-star,Limited,Deepspace Wish
40650,906557,2025-12-29,28,4-star,Limited,Deepspace Wish
32650,906557,2026-01-01,29,3-star,Limited,Deepspace Wish
22256,964988,2025-08-15,1,3-star,Limited,Deepspace Wish
12508,964988,2025-08-16,2,3-star,Limited,Deepspace Wish
85439,964988,2025-08-18,3,3-star,Limited,Deepspace Wish
31815,964988,2025-08-20,4,3-star,Rippling Echo,Empyrean Wish
88604,964988,2025-08-21,5,3-star,Limited,Deepspace Wish
68229,964988,2025-08-24,6,3-star,Rippling Echo,Empyrean Wish
32674,964988,2025-08-29,7,3-star,Limited,Deepspace Wish
24090,964988,2025-09-01,8,3-star,XSpace Echo,Empyrean Wish
65839,964988,2025-09-01,9,4-star,Rippling Echo,Empyrean Wish
44887,964988,2025-09-02,10,3-star,Limited,Deepspace Wish
67179,964988,2025-09-05,11,3-star,XSpace Echo,Empyrean Wish
25428,964988,2025-09-08,12,3-star,Limited,Deepspace Wish
60868,964988,2025-09-10,13,3-star,XSpace Echo,Empyrean Wish
43890,964988,2025-09-12,14,3-star,Limited,Deepspace Wish
76951,964988,2025-09-20,15,3-star,Rippling Echo,Empyrean Wish
12618,964988,2025-09-22,16,3-star,Limited,Deepspace Wish
15570,964988,2025-09-23,17,3-star,Limited,Deepspace Wish
70071,964988,2025-09-23,18,3-star,Rippling Echo,Empyrean Wish
14712,964988,2025-09-23,19,4-star,XSpace Echo,Empyrean Wish
47941,964988,2025-09-24,20,3-star,Limited,Deepspace Wish
15795,964988,2025-09-28,21,3-star,XSpace Echo,Empyrean Wish
39845,964988,2025-09-29,22,3-star,XSpace Echo,Empyrean Wish
90793,964988,2025-10-03,23,3-star,Limited,Deepspace Wish
47400,964988,2025-10-06,24,3-star,Rippling Echo,Empyrean Wish
76878,964988,2025-10-09,25,3-star,Limited,Deepspace Wish
68382,964988,2025-10-11,26,3-star,Rippling Echo,Empyrean Wish
80231,964988,2025-10-15,27,3-star,XSpace Echo,Empyrean Wish
47080,964988,2025-10-19,28,3-star,XSpace Echo,Empyrean Wish
57848,964988,2025-10-20,29,4-star,Limited,Deepspace Wish
11413,964988,2025-10-21,30,3-star,Rippling Echo,Empyrean Wish
75219,964988,2025-10-22,31,3-star,Rippling Echo,Empyrean Wish
20089,964988,2025-10-25,32,3-star,Limited,Deepspace Wish
21326,964988,2025-10-25,33,3-star,Rippling Echo,Empyrean Wish
98129,964988,2025-10-26,34,3-star,Limited,Deepspace Wish
23415,964988,2025-10-27,35,3-star,Rippling Echo,Empyrean Wish
42178,964988,2025-11-02,36,4-star,Limited,Deepspace Wish
28911,964988,2025-11-02,37,3-star,Limited,Deepspace Wish
98422,964988,2025-11-03,38,3-star,Limited,Deepspace Wish
98134,964988,2025-11-09,39,3-star,Rippling Echo,Empyrean Wish
62893,964988,2025-11-11,40,3-star,Rippling Echo,Empyrean Wish
48617,964988,2025-11-12,41,3-star,Rippling Echo,Empyrean Wish
15158,964988,2025-11-13,42,3-star,Limited,Deepspace Wish
47800,964988,2025-11-14,43,3-star,Limited,Deepspace Wish
96204,964988,2025-11-14,44,3-star,Limited,Deepspace Wish
98698,964988,2025-11-15,45,3-star,Limited,Deepspace Wish
31765,964988,2025-11-19,46,4-star,XSpace Echo,Empyrean Wish
38577,964988,2025-11-20,47,3-star,XSpace Echo,Empyrean Wish
10987,964988,2025-11-26,48,4-star,Rippling Echo,Empyrean Wish
54419,964988,2025-12-02,49,3-star,Rippling Echo,Empyrean Wish
29657,964988,2025-12-02,50,3-star,Limited,Deepspace Wish
85997,964988,2025-12-04,51,3-star,Limited,Deepspace Wish
95940,964988,2025-12-06,52,3-star,Limited,Deepspace Wish
94589,964988,2025-12-07,53,3-star,Limited,Deepspace Wish
39004,964988,2025-12-09,54,3-star,XSpace Echo,Empyrean Wish
70705,964988,2025-12-13,55,3-star,XSpace Echo,Empyrean Wish
19802,964988,2025-12-17,56,3-star,Limited,Deepspace Wish
63219,964988,2025-12-17,57,3-star,Limited,Deepspace Wish
16438,964988,2025-12-18,58,4-star,XSpace Echo,Empyrean Wish
38061,964988,2025-12-19,59,3-star,XSpace Echo,Empyrean Wish
46068,964988,2025-12-20,60,3-star,Limited,Deepspace Wish
28528,964988,2025-12-26,61,3-star,Limited,Deepspace Wish
34403,964988,2025-12-26,62,3-star,Limited,Deepspace Wish
84783,964988,2025-12-29,63,5-star,XSpace Echo,Empyrean Wish
85652,511230,2025-06-01,1,3-star,Rippling Echo,Empyrean Wish
62040,511230,2025-06-04,2,3-star,Rippling Echo,Empyrean Wish
36344,511230,2025-06-09,3,3-star,Limited,Deepspace Wish
73057,511230,2025-06-11,4,3-star,XSpace Echo,Empyrean Wish
34414,511230,2025-07-27,5,3-star,XSpace Echo,Empyrean Wish
71992,511230,2025-07-28,6,3-star,Rippling Echo,Empyrean Wish
12016,511230,2025-07-29,7,3-star,XSpace Echo,Empyrean Wish
65984,511230,2025-08-04,8,3-star,Limited,Deepspace Wish
32521,511230,2025-09-24,9,3-star,Limited,Deepspace Wish
23254,511230,2025-10-04,10,4-star,Limited,Deepspace Wish
67471,511230,2025-10-05,11,3-star,Rippling Echo,Empyrean Wish
97430,511230,2025-10-12,12,3-star,Limited,Deepspace Wish
52279,511230,2025-10-18,13,3-star,XSpace Echo,Empyrean Wish
53275,511230,2025-10-21,14,3-star,Limited,Deepspace Wish
59915,511230,2025-11-07,15,3-star,Rippling Echo,Empyrean Wish
26899,511230,2025-11-11,16,3-star,Limited,Deepspace Wish
39561,511230,2025-11-14,17,3-star,Limited,Deepspace Wish
72404,511230,2025-11-26,18,3-star,XSpace Echo,Empyrean Wish
14205,511230,2025-12-16,19,3-star,Limited,Deepspace Wish
89590,511230,2025-12-24,20,4-star,Limited,Deepspace Wish
23800,511230,2025-12-30,21,3-star,Limited,Deepspace Wish
98287,511230,2026-01-01,22,3-star,XSpace Echo,Empyrean Wish
16545,116606,2025-08-30,1,3-star,XSpace Echo,Empyrean Wish
66525,116606,2025-09-02,2,3-star,XSpace Echo,Empyrean Wish
30171,116606,2025-09-07,3,3-star,XSpace Echo,Empyrean Wish
44209,116606,2025-09-09,4,3-star,Rippling Echo,Empyrean Wish
31265,116606,2025-09-11,5,3-star,XSpace Echo,Empyrean Wish
95978,116606,2025-09-12,6,3-star,Rippling Echo,Empyrean Wish
38568,116606,2025-09-16,7,3-star,XSpace Echo,Empyrean Wish
32559,116606,2025-09-17,8,3-star,Limited,Deepspace Wish
72447,116606,2025-09-25,9,3-star,Rippling Echo,Empyrean Wish
68988,116606,2025-09-26,10,4-star,Rippling Echo,Empyrean Wish
64111,116606,2025-10-10,11,3-star,Rippling Echo,Empyrean Wish
86701,116606,2025-10-15,12,3-star,Rippling Echo,Empyrean Wish
28692,116606,2025-10-17,13,4-star,XSpace Echo,Empyrean Wish
92012,116606,2025-10-19,14,3-star,Rippling Echo,Empyrean Wish
53115,116606,2025-10-20,15,3-star,Limited,Deepspace Wish
97699,116606,2025-11-03,16,3-star,XSpace Echo,Empyrean Wish
78742,116606,2025-11-10,17,3-star,XSpace Echo,Empyrean Wish
57971,116606,2025-11-13,18,3-star,Limited,Deepspace Wish
88611,116606,2025-11-14,19,3-star,XSpace Echo,Empyrean Wish
97974,116606,2025-11-16,20,3-star,Limited,Deepspace Wish
45052,116606,2025-11-23,21,3-star,XSpace Echo,Empyrean Wish
94728,116606,2025-11-24,22,3-star,Rippling Echo,Empyrean Wish
38110,116606,2025-11-24,23,4-star,Limited,Deepspace Wish
90458,116606,2025-11-25,24,3-star,Rippling Echo,Empyrean Wish
96740,116606,2025-11-28,25,3-star,XSpace Echo,Empyrean Wish
49087,116606,2025-11-30,26,3-star,Limited,Deepspace Wish
28125,116606,2025-12-05,27,4-star,Rippling Echo,Empyrean Wish
72428,116606,2025-12-09,28,3-star,Limited,Deepspace Wish
86488,116606,2025-12-16,29,3-star,XSpace Echo,Empyrean Wish
59678,116606,2025-12-20,30,3-star,XSpace Echo,Empyrean Wish
22041,116606,2025-12-20,31,3-star,Rippling Echo,Empyrean Wish
50268,116606,2025-12-28,32,3-star,Limited,Deepspace Wish
44237,116606,2025-12-28,33,3-star,Rippling Echo,Empyrean Wish
87488,901499,2025-10-09,1,3-star,XSpace Echo,Empyrean Wish
40864,901499,2025-10-18,2,3-star,XSpace Echo,Empyrean Wish
73810,901499,2025-10-22,3,3-star,Limited,Deepspace Wish
61676,901499,2025-11-20,4,3-star,Rippling Echo,Empyrean Wish
99397,901499,2025-12-05,5,3-star,XSpace Echo,Empyrean Wish
31779,769214,2025-09-21,1,3-star,Limited,Deepspace Wish
49621,769214,2025-09-21,2,3-star,Limited,Deepspace Wish
29226,769214,2025-09-22,3,3-star,XSpace Echo,Empyrean Wish
24279,769214,2025-09-23,4,3-star,Rippling Echo,Empyrean Wish
29595,769214,2025-09-23,5,3-star,Limited,Deepspace Wish
25170,769214,2025-09-23,6,4-star,XSpace Echo,Empyrean Wish
72831,769214,2025-09-25,7,3-star,XSpace Echo,Empyrean Wish
11902,769214,2025-09-25,8,3-star,Limited,Deepspace Wish
93768,769214,2025-09-26,9,3-star,XSpace Echo,Empyrean Wish
78833,769214,2025-09-28,10,3-star,Rippling Echo,Empyrean Wish
65952,769214,2025-09-30,11,3-star,XSpace Echo,Empyrean Wish
32258,769214,2025-10-04,12,3-star,Limited,Deepspace Wish
83905,769214,2025-10-05,13,3-star,Limited,Deepspace Wish
50149,769214,2025-10-07,14,4-star,Limited,Deepspace Wish
15449,769214,2025-10-08,15,3-star,Limited,Deepspace Wish
10395,769214,2025-10-09,16,3-star,Limited,Deepspace Wish
19693,769214,2025-10-10,17,3-star,XSpace Echo,Empyrean Wish
56969,769214,2025-10-10,18,3-star,Limited,Deepspace Wish
20681,769214,2025-10-10,19,3-star,Limited,Deepspace Wish
21516,769214,2025-10-11,20,3-star,Limited,Deepspace Wish
26459,769214,2025-10-12,21,3-star,Limited,Deepspace Wish
44949,769214,2025-10-14,22,3-star,XSpace Echo,Empyrean Wish
61105,769214,2025-10-18,23,3-star,Rippling Echo,Empyrean Wish
58948,769214,2025-10-19,24,4-star,Rippling Echo,Empyrean Wish
40366,769214,2025-10-22,25,3-star,XSpace Echo,Empyrean Wish
64383,769214,2025-10-24,26,3-star,Rippling Echo,Empyrean Wish
91603,769214,2025-10-26,27,3-star,XSpace Echo,Empyrean Wish
42524,769214,2025-10-29,28,3-star,XSpace Echo,Empyrean Wish
25817,769214,2025-10-29,29,3-star,XSpace Echo,Empyrean Wish
37019,769214,2025-10-31,30,3-star,Rippling Echo,Empyrean Wish
13786,769214,2025-11-01,31,3-star,Limited,Deepspace Wish
64143,769214,2025-11-01,32,3-star,Limited,Deepspace Wish
27739,769214,2025-11-01,33,3-star,XSpace Echo,Empyrean Wish
38331,769214,2025-11-01,34,4-star,XSpace Echo,Empyrean Wish
56114,769214,2025-11-04,35,3-star,Rippling Echo,Empyrean Wish
44717,769214,2025-11-05,36,3-star,Rippling Echo,Empyrean Wish
24414,769214,2025-11-05,37,3-star,Rippling Echo,Empyrean Wish
21582,769214,2025-11-06,38,3-star,XSpace Echo,Empyrean Wish
36800,769214,2025-11-08,39,3-star,XSpace Echo,Empyrean Wish
52084,769214,2025-11-10,40,3-star,Rippling Echo,Empyrean Wish
66911,769214,2025-11-10,41,3-star,Limited,Deepspace Wish
20314,769214,2025-11-11,42,4-star,Rippling Echo,Empyrean Wish
81160,769214,2025-11-11,43,3-star,Limited,Deepspace Wish
79720,769214,2025-11-13,44,4-star,Limited,Deepspace Wish
91250,769214,2025-11-13,45,3-star,XSpace Echo,Empyrean Wish
27671,769214,2025-11-19,46,3-star,XSpace Echo,Empyrean Wish
28349,769214,2025-11-22,47,3-star,Rippling Echo,Empyrean Wish
40482,769214,2025-11-22,48,3-star,Rippling Echo,Empyrean Wish
94277,769214,2025-11-23,49,4-star,Limited,Deepspace Wish
98346,769214,2025-11-23,50,3-star,Rippling Echo,Empyrean Wish
69417,769214,2025-11-24,51,3-star,Limited,Deepspace Wish
84711,769214,2025-11-25,52,3-star,Limited,Deepspace Wish
29521,769214,2025-11-26,53,3-star,Limited,Deepspace Wish
35816,769214,2025-11-27,54,3-star,XSpace Echo,Empyrean Wish
21778,769214,2025-11-27,55,4-star,XSpace Echo,Empyrean Wish
43355,769214,2025-11-28,56,3-star,XSpace Echo,Empyrean Wish
97930,769214,2025-11-30,57,3-star,Limited,Deepspace Wish
19540,769214,2025-12-01,58,3-star,Limited,Deepspace Wish
59241,769214,2025-12-01,59,3-star,Limited,Deepspace Wish
86019,769214,2025-12-02,60,3-star,Limited,Deepspace Wish
23454,769214,2025-12-03,61,3-star,Limited,Deepspace Wish
94425,769214,2025-12-04,62,3-star,Limited,Deepspace Wish
58904,769214,2025-12-04,63,3-star,Limited,Deepspace Wish
59857,769214,2025-12-04,64,3-star,Limited,Deepspace Wish
85286,769214,2025-12-05,65,5-star,XSpace Echo,Empyrean Wish
92202,769214,2025-12-05,66,3-star,Limited,Deepspace Wish
15212,769214,2025-12-05,67,3-star,Limited,Deepspace Wish
13511,769214,2025-12-07,68,3-star,Limited,Deepspace Wish
43064,769214,2025-12-10,69,3-star,Limited,Deepspace Wish
89733,769214,2025-12-10,70,3-star,XSpace Echo,Empyrean Wish
85946,769214,2025-12-10,71,3-star,XSpace Echo,Empyrean Wish
64531,769214,2025-12-11,72,3-star,Limited,Deepspace Wish
29509,769214,2025-12-11,73,3-star,XSpace Echo,Empyrean Wish
54768,769214,2025-12-11,74,3-star,Limited,Deepspace Wish
67150,769214,2025-12-13,75,4-star,Limited,Deepspace Wish
46805,769214,2025-12-14,76,3-star,XSpace Echo,Empyrean Wish
58583,769214,2025-12-15,77,3-star,Limited,Deepspace Wish
22793,769214,2025-12-15,78,3-star,XSpace Echo,Empyrean Wish
51536,769214,2025-12-15,79,3-star,XSpace Echo,Empyrean Wish
51634,769214,2025-12-16,80,3-star,Limited,Deepspace Wish
14081,769214,2025-12-19,81,3-star,Limited,Deepspace Wish
35649,769214,2025-12-19,82,3-star,Limited,Deepspace Wish
41657,769214,2025-12-19,83,3-star,Limited,Deepspace Wish
21767,769214,2025-12-19,84,3-star,Limited,Deepspace Wish
87702,769214,2025-12-23,85,4-star,XSpace Echo,Empyrean Wish
16394,769214,2025-12-24,86,3-star,Limited,Deepspace Wish
38737,769214,2025-12-26,87,3-star,XSpace Echo,Empyrean Wish
51104,769214,2025-12-26,88,3-star,Limited,Deepspace Wish
93942,769214,2025-12-27,89,3-star,Limited,Deepspace Wish
45885,769214,2025-12-29,90,3-star,Limited,Deepspace Wish
92972,769214,2025-12-30,91,3-star,XSpace Echo,Empyrean Wish
54749,769214,2025-12-30,92,3-star,XSpace Echo,Empyrean Wish
91358,769214,2025-12-31,93,3-star,Limited,Deepspace Wish
99466,769214,2025-12-31,94,3-star,XSpace Echo,Empyrean Wish
54138,470088,2025-09-29,1,3-star,Limited,Deepspace Wish
62042,470088,2025-10-24,2,3-star,Rippling Echo,Empyrean Wish
45369,470088,2025-10-24,3,3-star,Limited,Deepspace Wish
32870,470088,2025-10-25,4,3-star,Limited,Deepspace Wish
87258,470088,2025-11-01,5,3-star,XSpace Echo,Empyrean Wish
18866,470088,2025-11-01,6,3-star,Limited,Deepspace Wish
18263,470088,2025-11-01,7,3-star,Rippling Echo,Empyrean Wish
23612,470088,2025-11-04,8,3-star,XSpace Echo,Empyrean Wish
50649,470088,2025-11-16,9,3-star,XSpace Echo,Empyrean Wish
98545,470088,2025-11-28,10,4-star,Rippling Echo,Empyrean Wish
41673,470088,2025-11-30,11,3-star,Rippling Echo,Empyrean Wish
17365,470088,2025-12-01,12,3-star,Limited,Deepspace Wish
46409,470088,2025-12-07,13,3-star,Limited,Deepspace Wish
81028,470088,2025-12-11,14,3-star,Limited,Deepspace Wish
31258,470088,2025-12-12,15,3-star,Rippling Echo,Empyrean Wish
31800,470088,2025-12-21,16,3-star,Limited,Deepspace Wish
61383,470088,2025-12-23,17,4-star,Rippling Echo,Empyrean Wish
51373,470088,2025-12-28,18,3-star,Limited,Deepspace Wish
13932,470088,2025-12-28,19,3-star,XSpace Echo,Empyrean Wish
21076,470088,2026-01-01,20,3-star,Limited,Deepspace Wish
67305,668616,2025-07-08,1,3-star,Limited,Deepspace Wish
91754,668616,2025-08-21,2,3-star,XSpace Echo,Empyrean Wish
86799,668616,2025-08-27,3,3-star,XSpace Echo,Empyrean Wish
57672,668616,2025-09-10,4,3-star,Limited,Deepspace Wish
16669,668616,2025-09-23,5,3-star,Limited,Deepspace Wish
51594,668616,2025-10-25,6,3-star,Rippling Echo,Empyrean Wish
13557,668616,2025-12-18,7,3-star,Limited,Deepspace Wish
79421,451127,2025-10-12,1,3-star,XSpace Echo,Empyrean Wish
48389,451127,2025-10-12,2,3-star,Limited,Deepspace Wish
73649,451127,2025-10-14,3,3-star,Rippling Echo,Empyrean Wish
52282,451127,2025-10-15,4,3-star,XSpace Echo,Empyrean Wish
28456,451127,2025-10-17,5,3-star,Limited,Deepspace Wish
72591,451127,2025-10-17,6,3-star,Limited,Deepspace Wish
55538,451127,2025-10-21,7,3-star,Rippling Echo,Empyrean Wish
42812,451127,2025-10-23,8,3-star,Rippling Echo,Empyrean Wish
82007,451127,2025-10-24,9,3-star,Rippling Echo,Empyrean Wish
10079,451127,2025-10-27,10,4-star,Rippling Echo,Empyrean Wish
60781,451127,2025-10-31,11,3-star,Rippling Echo,Empyrean Wish
10963,451127,2025-11-02,12,3-star,Limited,Deepspace Wish
11092,451127,2025-11-03,13,5-star,Limited,Deepspace Wish
43652,451127,2025-11-04,14,3-star,Limited,Deepspace Wish
30230,451127,2025-11-06,15,3-star,Rippling Echo,Empyrean Wish
61393,451127,2025-11-10,16,3-star,Rippling Echo,Empyrean Wish
11469,451127,2025-11-12,17,3-star,Rippling Echo,Empyrean Wish
90198,451127,2025-11-16,18,4-star,Rippling Echo,Empyrean Wish
64022,451127,2025-11-20,19,3-star,XSpace Echo,Empyrean Wish
97486,451127,2025-11-20,20,3-star,Rippling Echo,Empyrean Wish
15836,451127,2025-11-21,21,3-star,Rippling Echo,Empyrean Wish
50037,451127,2025-11-22,22,3-star,XSpace Echo,Empyrean Wish
47845,451127,2025-11-26,23,3-star,Rippling Echo,Empyrean Wish
85337,451127,2025-11-27,24,3-star,Rippling Echo,Empyrean Wish
66982,451127,2025-11-28,25,3-star,XSpace Echo,Empyrean Wish
93851,451127,2025-11-28,26,3-star,Limited,Deepspace Wish
83838,451127,2025-11-30,27,3-star,Limited,Deepspace Wish
31418,451127,2025-12-02,28,4-star,Limited,Deepspace Wish
88689,451127,2025-12-02,29,3-star,Rippling Echo,Empyrean Wish
12353,451127,2025-12-02,30,3-star,XSpace Echo,Empyrean Wish
28651,451127,2025-12-03,31,3-star,XSpace Echo,Empyrean Wish
23764,451127,2025-12-04,32,3-star,Rippling Echo,Empyrean Wish
20192,451127,2025-12-04,33,3-star,XSpace Echo,Empyrean Wish
66631,451127,2025-12-06,34,3-star,XSpace Echo,Empyrean Wish
15099,451127,2025-12-06,35,3-star,Limited,Deepspace Wish
32158,451127,2025-12-10,36,3-star,Limited,Deepspace Wish
77208,451127,2025-12-11,37,3-star,Rippling Echo,Empyrean Wish
82266,451127,2025-12-15,38,4-star,Rippling Echo,Empyrean Wish
27370,451127,2025-12-16,39,3-star,Limited,Deepspace Wish
38465,451127,2025-12-16,40,3-star,XSpace Echo,Empyrean Wish
68268,451127,2025-12-20,41,3-star,Rippling Echo,Empyrean Wish
37688,451127,2025-12-23,42,3-star,Rippling Echo,Empyrean Wish
14874,451127,2025-12-24,43,3-star,Limited,Deepspace Wish
45439,451127,2025-12-26,44,3-star,Rippling Echo,Empyrean Wish
78886,451127,2025-12-29,45,3-star,Rippling Echo,Empyrean Wish
36435,784550,2025-05-27,1,3-star,Limited,Deepspace Wish
81693,784550,2025-06-07,2,3-star,XSpace Echo,Empyrean Wish
24809,784550,2025-08-09,3,3-star,Limited,Deepspace Wish
98323,784550,2025-08-27,4,4-star,Rippling Echo,Empyrean Wish
21040,784550,2025-10-28,5,3-star,Limited,Deepspace Wish
81179,784550,2026-01-01,6,3-star,Limited,Deepspace Wish
68629,645765,2025-05-16,1,3-star,XSpace Echo,Empyrean Wish
69219,645765,2025-09-02,2,3-star,Rippling Echo,Empyrean Wish
92072,645765,2025-11-14,3,3-star,Rippling Echo,Empyrean Wish
48384,645765,2025-11-16,4,3-star,XSpace Echo,Empyrean Wish
21963,645765,2025-12-25,5,3-star,Rippling Echo,Empyrean Wish
17177,359981,2025-05-23,1,3-star,Limited,Deepspace Wish
21259,359981,2025-06-20,2,3-star,Limited,Deepspace Wish
99499,359981,2025-07-25,3,3-star,Rippling Echo,Empyrean Wish
10532,359981,2025-07-31,4,3-star,Limited,Deepspace Wish
21725,359981,2025-08-12,5,3-star,XSpace Echo,Empyrean Wish
38283,359981,2025-08-31,6,3-star,Limited,Deepspace Wish
90369,359981,2025-10-16,7,3-star,XSpace Echo,Empyrean Wish
46104,359981,2025-10-27,8,3-star,Rippling Echo,Empyrean Wish
53859,359981,2025-11-27,9,3-star,Rippling Echo,Empyrean Wish
38723,359981,2025-12-23,10,4-star,Limited,Deepspace Wish
93123,796300,2025-04-24,1,3-star,Limited,Deepspace Wish
85934,796300,2025-04-29,2,3-star,Rippling Echo,Empyrean Wish
39810,796300,2025-04-30,3,3-star,Limited,Deepspace Wish
56262,796300,2025-07-30,4,3-star,XSpace Echo,Empyrean Wish
85518,796300,2025-08-01,5,3-star,XSpace Echo,Empyrean Wish
62866,796300,2025-10-26,6,3-star,Limited,Deepspace Wish
68337,796300,2025-11-22,7,3-star,Rippling Echo,Empyrean Wish
48103,796300,2025-11-29,8,3-star,XSpace Echo,Empyrean Wish
81974,796300,2025-12-16,9,3-star,Limited,Deepspace Wish
84315,796300,2025-12-16,10,4-star,Rippling Echo,Empyrean Wish
37611,237069,2025-12-11,1,3-star,Rippling Echo,Empyrean Wish
71463,237069,2025-12-13,2,3-star,Limited,Deepspace Wish
47103,237069,2025-12-13,3,3-star,Limited,Deepspace Wish
96434,237069,2025-12-13,4,3-star,Rippling Echo,Empyrean Wish
79480,237069,2025-12-14,5,3-star,XSpace Echo,Empyrean Wish
61699,237069,2025-12-15,6,3-star,Limited,Deepspace Wish
61548,237069,2025-12-15,7,3-star,Limited,Deepspace Wish
70945,237069,2025-12-16,8,3-star,Limited,Deepspace Wish
99666,237069,2025-12-17,9,3-star,Rippling Echo,Empyrean Wish
51563,237069,2025-12-17,10,4-star,Limited,Deepspace Wish
26877,237069,2025-12-17,11,3-star,Rippling Echo,Empyrean Wish
42482,237069,2025-12-18,12,3-star,Limited,Deepspace Wish
52684,237069,2025-12-18,13,3-star,Rippling Echo,Empyrean Wish
13236,237069,2025-12-18,14,5-star,Limited,Deepspace Wish
12740,237069,2025-12-18,15,3-star,Rippling Echo,Empyrean Wish
68125,237069,2025-12-19,16,3-star,Limited,Deepspace Wish
36244,237069,2025-12-20,17,5-star,Rippling Echo,Empyrean Wish
52598,237069,2025-12-21,18,3-star,Rippling Echo,Empyrean Wish
96798,237069,2025-12-22,19,3-star,XSpace Echo,Empyrean Wish
62046,237069,2025-12-22,20,3-star,XSpace Echo,Empyrean Wish
71838,237069,2025-12-23,21,3-star,Limited,Deepspace Wish
75382,237069,2025-12-25,22,3-star,Rippling Echo,Empyrean Wish
13143,237069,2025-12-27,23,3-star,Limited,Deepspace Wish
76615,237069,2025-12-27,24,3-star,XSpace Echo,Empyrean Wish
88019,237069,2025-12-27,25,3-star,Rippling Echo,Empyrean Wish
76373,237069,2025-12-27,26,3-star,Rippling Echo,Empyrean Wish
22361,237069,2025-12-27,27,4-star,Limited,Deepspace Wish
93302,237069,2025-12-28,28,3-star,Limited,Deepspace Wish
37757,237069,2025-12-29,29,3-star,Rippling Echo,Empyrean Wish
46318,237069,2025-12-29,30,3-star,XSpace Echo,Empyrean Wish
47085,237069,2025-12-29,31,3-star,Rippling Echo,Empyrean Wish
24931,237069,2025-12-31,32,3-star,XSpace Echo,Empyrean Wish
53622,237069,2025-12-31,33,3-star,Rippling Echo,Empyrean Wish
26298,237069,2026-01-01,34,3-star,Rippling Echo,Empyrean Wish
57438,237069,2026-01-01,35,3-star,XSpace Echo,Empyrean Wish
57077,237069,2026-01-01,36,3-star,Limited,Deepspace Wish
97603,335890,2025-07-20,1,3-star,XSpace Echo,Empyrean Wish
23490,335890,2025-09-13,2,3-star,Limited,Deepspace Wish
28937,335890,2025-09-29,3,3-star,Limited,Deepspace Wish
25028,335890,2025-09-30,4,3-star,XSpace Echo,Empyrean Wish
71286,335890,2025-10-02,5,3-star,Limited,Deepspace Wish
64253,335890,2025-12-31,6,3-star,XSpace Echo,Empyrean Wish
35158,295482,2025-07-05,1,3-star,Limited,Deepspace Wish
54655,295482,2025-07-19,2,3-star,Rippling Echo,Empyrean Wish
16644,295482,2025-10-18,3,3-star,Rippling Echo,Empyrean Wish
37044,295482,2025-11-20,4,3-star,XSpace Echo,Empyrean Wish
48053,295482,2025-12-18,5,3-star,Limited,Deepspace Wish
87406,989843,2025-11-17,1,3-star,Rippling Echo,Empyrean Wish
77797,989843,2025-11-26,2,3-star,Rippling Echo,Empyrean Wish
81370,771661,2025-09-29,1,3-star,Limited,Deepspace Wish
81247,771661,2025-09-30,2,3-star,Limited,Deepspace Wish
27092,771661,2025-10-02,3,3-star,Limited,Deepspace Wish
52926,771661,2025-10-04,4,3-star,Rippling Echo,Empyrean Wish
19416,771661,2025-10-06,5,3-star,Limited,Deepspace Wish
27083,771661,2025-10-07,6,3-star,XSpace Echo,Empyrean Wish
13570,771661,2025-10-09,7,3-star,XSpace Echo,Empyrean Wish
58171,771661,2025-10-10,8,3-star,XSpace Echo,Empyrean Wish
13633,771661,2025-10-16,9,3-star,Limited,Deepspace Wish
80463,771661,2025-10-19,10,4-star,Rippling Echo,Empyrean Wish
42977,771661,2025-10-21,11,3-star,Limited,Deepspace Wish
31642,771661,2025-10-22,12,3-star,Limited,Deepspace Wish
93661,771661,2025-10-22,13,3-star,Limited,Deepspace Wish
61973,771661,2025-10-22,14,3-star,Limited,Deepspace Wish
16370,771661,2025-10-25,15,5-star,Rippling Echo,Empyrean Wish
81005,771661,2025-10-25,16,3-star,XSpace Echo,Empyrean Wish
84266,771661,2025-10-28,17,3-star,Rippling Echo,Empyrean Wish
49875,771661,2025-10-29,18,3-star,Limited,Deepspace Wish
71615,771661,2025-11-02,19,3-star,Rippling Echo,Empyrean Wish
39155,771661,2025-11-03,20,4-star,XSpace Echo,Empyrean Wish
57800,771661,2025-11-04,21,3-star,Limited,Deepspace Wish
65187,771661,2025-11-04,22,3-star,XSpace Echo,Empyrean Wish
23084,771661,2025-11-06,23,4-star,Limited,Deepspace Wish
91817,771661,2025-11-07,24,4-star,Limited,Deepspace Wish
13253,771661,2025-11-09,25,3-star,XSpace Echo,Empyrean Wish
20230,771661,2025-11-13,26,3-star,XSpace Echo,Empyrean Wish
10051,771661,2025-11-14,27,3-star,XSpace Echo,Empyrean Wish
70203,771661,2025-11-14,28,3-star,XSpace Echo,Empyrean Wish
95228,771661,2025-11-16,29,3-star,Rippling Echo,Empyrean Wish
26898,771661,2025-11-16,30,3-star,XSpace Echo,Empyrean Wish
55125,771661,2025-11-20,31,3-star,Rippling Echo,Empyrean Wish
49265,771661,2025-11-22,32,4-star,XSpace Echo,Empyrean Wish
53618,771661,2025-11-25,33,3-star,XSpace Echo,Empyrean Wish
77426,771661,2025-11-28,34,3-star,Limited,Deepspace Wish
98737,771661,2025-11-29,35,3-star,Rippling Echo,Empyrean Wish
37148,771661,2025-11-30,36,3-star,Rippling Echo,Empyrean Wish
55513,771661,2025-12-02,37,3-star,Rippling Echo,Empyrean Wish
86944,771661,2025-12-02,38,3-star,Limited,Deepspace Wish
18189,771661,2025-12-03,39,4-star,Rippling Echo,Empyrean Wish
89752,771661,2025-12-10,40,3-star,Limited,Deepspace Wish
80209,771661,2025-12-13,41,3-star,Limited,Deepspace Wish
63564,771661,2025-12-14,42,3-star,Rippling Echo,Empyrean Wish
39186,771661,2025-12-15,43,3-star,Limited,Deepspace Wish
87751,771661,2025-12-16,44,3-star,Limited,Deepspace Wish
23976,771661,2025-12-22,45,3-star,Limited,Deepspace Wish
57906,771661,2025-12-24,46,3-star,XSpace Echo,Empyrean Wish
14556,771661,2025-12-25,47,3-star,XSpace Echo,Empyrean Wish
82691,771661,2025-12-25,48,3-star,XSpace Echo,Empyrean Wish
40371,771661,2025-12-26,49,4-star,Rippling Echo,Empyrean Wish
60790,771661,2025-12-28,50,3-star,XSpace Echo,Empyrean Wish
15549,771661,2025-12-30,51,3-star,XSpace Echo,Empyrean Wish
71051,771661,2026-01-01,52,3-star,Limited,Deepspace Wish
28160,846418,2025-05-29,1,3-star,Rippling Echo,Empyrean Wish
40743,846418,2025-05-30,2,3-star,Limited,Deepspace Wish
83556,846418,2025-06-30,3,3-star,Limited,Deepspace Wish
49472,846418,2025-07-01,4,3-star,Limited,Deepspace Wish
92056,846418,2025-07-08,5,4-star,Limited,Deepspace Wish
81615,846418,2025-07-11,6,3-star,XSpace Echo,Empyrean Wish
37219,846418,2025-08-14,7,3-star,Limited,Deepspace Wish
89298,846418,2025-08-25,8,3-star,Rippling Echo,Empyrean Wish
86168,846418,2025-09-03,9,3-star,XSpace Echo,Empyrean Wish
95739,846418,2025-09-24,10,3-star,Limited,Deepspace Wish
77824,846418,2025-10-09,11,3-star,Rippling Echo,Empyrean Wish
27619,846418,2025-11-04,12,3-star,Rippling Echo,Empyrean Wish
86802,846418,2025-11-16,13,4-star,XSpace Echo,Empyrean Wish
88793,846418,2025-11-26,14,3-star,Limited,Deepspace Wish
21662,846418,2025-12-19,15,3-star,Rippling Echo,Empyrean Wish
42298,846418,2025-12-29,16,3-star,Limited,Deepspace Wish
57653,632495,2025-11-03,1,3-star,XSpace Echo,Empyrean Wish
65311,632495,2026-01-01,2,5-star,Limited,Deepspace Wish
74548,609333,2025-02-07,1,3-star,Rippling Echo,Empyrean Wish
41471,609333,2025-02-16,2,3-star,Limited,Deepspace Wish
59809,609333,2025-02-18,3,3-star,Rippling Echo,Empyrean Wish
51931,609333,2025-02-19,4,3-star,XSpace Echo,Empyrean Wish
73633,609333,2025-03-03,5,3-star,XSpace Echo,Empyrean Wish
23351,609333,2025-03-12,6,3-star,Rippling Echo,Empyrean Wish
80324,609333,2025-03-21,7,3-star,XSpace Echo,Empyrean Wish
21862,609333,2025-03-29,8,3-star,XSpace Echo,Empyrean Wish
69499,609333,2025-04-07,9,3-star,XSpace Echo,Empyrean Wish
30975,609333,2025-04-16,10,4-star,Rippling Echo,Empyrean Wish
86399,609333,2025-04-26,11,3-star,Rippling Echo,Empyrean Wish
46639,609333,2025-05-13,12,3-star,Limited,Deepspace Wish
25209,609333,2025-05-15,13,3-star,Limited,Deepspace Wish
65151,609333,2025-05-28,14,3-star,Limited,Deepspace Wish
53475,609333,2025-06-03,15,3-star,XSpace Echo,Empyrean Wish
18501,609333,2025-06-10,16,3-star,XSpace Echo,Empyrean Wish
43010,609333,2025-06-21,17,3-star,Rippling Echo,Empyrean Wish
32473,609333,2025-06-27,18,3-star,Limited,Deepspace Wish
12379,609333,2025-07-13,19,3-star,Limited,Deepspace Wish
91715,609333,2025-07-15,20,4-star,Limited,Deepspace Wish
44684,609333,2025-07-27,21,3-star,XSpace Echo,Empyrean Wish
58360,609333,2025-07-30,22,3-star,XSpace Echo,Empyrean Wish
24455,609333,2025-08-02,23,3-star,Limited,Deepspace Wish
60331,609333,2025-08-06,24,3-star,Rippling Echo,Empyrean Wish
63620,609333,2025-08-06,25,3-star,Limited,Deepspace Wish
95064,609333,2025-08-15,26,3-star,Rippling Echo,Empyrean Wish
94283,609333,2025-08-26,27,3-star,Limited,Deepspace Wish
14933,609333,2025-08-29,28,3-star,Limited,Deepspace Wish
43207,609333,2025-09-01,29,3-star,Limited,Deepspace Wish
96928,609333,2025-09-01,30,4-star,Rippling Echo,Empyrean Wish
68003,609333,2025-09-02,31,3-star,Rippling Echo,Empyrean Wish
89611,609333,2025-09-02,32,3-star,Rippling Echo,Empyrean Wish
46319,609333,2025-09-04,33,3-star,XSpace Echo,Empyrean Wish
64261,609333,2025-09-28,34,3-star,Limited,Deepspace Wish
26609,609333,2025-10-17,35,5-star,XSpace Echo,Empyrean Wish
63868,609333,2025-10-26,36,4-star,XSpace Echo,Empyrean Wish
85231,609333,2025-10-30,37,3-star,XSpace Echo,Empyrean Wish
57938,609333,2025-10-31,38,4-star,Rippling Echo,Empyrean Wish
47657,609333,2025-11-02,39,3-star,Limited,Deepspace Wish
86109,609333,2025-11-06,40,3-star,Rippling Echo,Empyrean Wish
91346,609333,2025-11-12,41,3-star,Rippling Echo,Empyrean Wish
30294,609333,2025-11-26,42,3-star,XSpace Echo,Empyrean Wish
85628,609333,2025-11-28,43,3-star,Limited,Deepspace Wish
68060,609333,2025-12-10,44,3-star,XSpace Echo,Empyrean Wish
75239,609333,2025-12-14,45,3-star,XSpace Echo,Empyrean Wish
68700,191060,2025-10-05,1,3-star,XSpace Echo,Empyrean Wish
66866,191060,2025-10-10,2,3-star,Rippling Echo,Empyrean Wish
12238,191060,2025-10-31,3,4-star,XSpace Echo,Empyrean Wish
95642,191060,2025-11-01,4,3-star,Limited,Deepspace Wish
94907,191060,2025-11-14,5,3-star,Rippling Echo,Empyrean Wish
10769,191060,2025-11-25,6,3-star,XSpace Echo,Empyrean Wish
28844,191060,2025-12-03,7,3-star,Rippling Echo,Empyrean Wish
20295,191060,2025-12-05,8,3-star,Limited,Deepspace Wish
77390,191060,2026-01-01,9,3-star,XSpace Echo,Empyrean Wish
34007,254756,2025-06-12,1,3-star,Rippling Echo,Empyrean Wish
65304,254756,2025-07-03,2,3-star,XSpace Echo,Empyrean Wish
55440,254756,2025-07-05,3,3-star,Limited,Deepspace Wish
48478,254756,2025-07-08,4,3-star,Limited,Deepspace Wish
85899,254756,2025-07-20,5,3-star,XSpace Echo,Empyrean Wish
45538,254756,2025-07-21,6,3-star,XSpace Echo,Empyrean Wish
45291,254756,2025-07-21,7,3-star,Limited,Deepspace Wish
73683,254756,2025-07-27,8,3-star,Rippling Echo,Empyrean Wish
45800,254756,2025-07-28,9,3-star,Limited,Deepspace Wish
56980,254756,2025-07-28,10,4-star,Limited,Deepspace Wish
12884,254756,2025-07-30,11,3-star,Limited,Deepspace Wish
61101,254756,2025-08-01,12,3-star,Limited,Deepspace Wish
42568,254756,2025-08-03,13,4-star,Rippling Echo,Empyrean Wish
45871,254756,2025-08-24,14,3-star,Rippling Echo,Empyrean Wish
23765,254756,2025-09-05,15,3-star,Limited,Deepspace Wish
51885,254756,2025-09-07,16,3-star,XSpace Echo,Empyrean Wish
66075,254756,2025-09-08,17,3-star,Limited,Deepspace Wish
90629,254756,2025-09-14,18,3-star,XSpace Echo,Empyrean Wish
89508,254756,2025-09-26,19,3-star,Limited,Deepspace Wish
72623,254756,2025-10-13,20,3-star,Rippling Echo,Empyrean Wish
47421,254756,2025-10-17,21,3-star,XSpace Echo,Empyrean Wish
24681,254756,2025-10-19,22,3-star,Limited,Deepspace Wish
77458,254756,2025-10-28,23,4-star,Rippling Echo,Empyrean Wish
80774,254756,2025-10-28,24,3-star,Limited,Deepspace Wish
29003,254756,2025-11-03,25,3-star,Limited,Deepspace Wish
16594,254756,2025-11-09,26,3-star,Limited,Deepspace Wish
26131,254756,2025-11-20,27,3-star,Rippling Echo,Empyrean Wish
66159,254756,2025-11-26,28,5-star,Limited,Deepspace Wish
75601,254756,2025-12-16,29,3-star,Limited,Deepspace Wish
49603,254756,2025-12-16,30,3-star,Rippling Echo,Empyrean Wish
33686,254756,2025-12-17,31,3-star,Limited,Deepspace Wish
38600,254756,2025-12-25,32,3-star,Limited,Deepspace Wish
41565,865780,2025-07-26,1,3-star,Limited,Deepspace Wish
87431,865780,2025-07-31,2,5-star,Limited,Deepspace Wish
34408,865780,2025-08-09,3,3-star,Rippling Echo,Empyrean Wish
52529,865780,2025-08-14,4,3-star,XSpace Echo,Empyrean Wish
48925,865780,2025-08-19,5,3-star,XSpace Echo,Empyrean Wish
49954,865780,2025-08-22,6,3-star,Rippling Echo,Empyrean Wish
62389,865780,2025-09-03,7,3-star,Rippling Echo,Empyrean Wish
53763,865780,2025-09-11,8,3-star,Rippling Echo,Empyrean Wish
93233,865780,2025-09-15,9,3-star,Limited,Deepspace Wish
49117,865780,2025-10-07,10,3-star,Limited,Deepspace Wish
54699,865780,2025-10-10,11,3-star,Limited,Deepspace Wish
45399,865780,2025-10-18,12,4-star,Limited,Deepspace Wish
53481,865780,2025-10-26,13,3-star,Rippling Echo,Empyrean Wish
12407,865780,2025-10-31,14,3-star,XSpace Echo,Empyrean Wish
76239,865780,2025-11-05,15,3-star,Limited,Deepspace Wish
14771,865780,2025-11-09,16,3-star,Rippling Echo,Empyrean Wish
42795,865780,2025-11-14,17,3-star,Limited,Deepspace Wish
33507,865780,2025-11-18,18,3-star,XSpace Echo,Empyrean Wish
44568,865780,2025-11-19,19,3-star,Limited,Deepspace Wish
92065,865780,2025-11-23,20,3-star,Limited,Deepspace Wish
88148,865780,2025-11-28,21,4-star,Rippling Echo,Empyrean Wish
53832,865780,2025-12-03,22,3-star,XSpace Echo,Empyrean Wish
37649,865780,2025-12-06,23,3-star,Limited,Deepspace Wish
61387,865780,2025-12-14,24,3-star,Limited,Deepspace Wish
32250,866899,2025-10-16,1,3-star,Rippling Echo,Empyrean Wish
46601,866899,2025-10-26,2,3-star,Rippling Echo,Empyrean Wish
84323,866899,2025-11-25,3,3-star,Limited,Deepspace Wish
56073,866899,2025-12-14,4,3-star,Rippling Echo,Empyrean Wish
37394,397240,2025-08-18,1,4-star,Rippling Echo,Empyrean Wish
35704,742702,2025-07-07,1,3-star,Rippling Echo,Empyrean Wish
11071,742702,2025-10-13,2,3-star,XSpace Echo,Empyrean Wish
35263,742702,2025-11-19,3,3-star,Rippling Echo,Empyrean Wish
84802,639945,2025-06-16,1,3-star,Rippling Echo,Empyrean Wish
40307,639945,2025-06-26,2,3-star,Limited,Deepspace Wish
87787,639945,2025-06-27,3,3-star,Limited,Deepspace Wish
19678,639945,2025-07-21,4,3-star,Rippling Echo,Empyrean Wish
79621,639945,2025-07-23,5,3-star,Limited,Deepspace Wish
64481,639945,2025-07-26,6,3-star,Rippling Echo,Empyrean Wish
41682,639945,2025-08-13,7,3-star,Rippling Echo,Empyrean Wish
27146,639945,2025-08-25,8,3-star,Limited,Deepspace Wish
54609,639945,2025-09-12,9,3-star,XSpace Echo,Empyrean Wish
46168,639945,2025-09-27,10,4-star,Limited,Deepspace Wish
16835,639945,2025-09-30,11,3-star,Rippling Echo,Empyrean Wish
17048,639945,2025-10-19,12,3-star,Rippling Echo,Empyrean Wish
56166,639945,2025-10-30,13,4-star,Rippling Echo,Empyrean Wish
15185,639945,2025-11-20,14,3-star,XSpace Echo,Empyrean Wish
76516,639945,2025-11-28,15,3-star,Rippling Echo,Empyrean Wish
55922,639945,2025-12-02,16,3-star,Rippling Echo,Empyrean Wish
89000,823364,2025-11-02,1,3-star,Limited,Deepspace Wish
47786,823364,2025-11-19,2,3-star,Rippling Echo,Empyrean Wish
51333,823364,2025-12-11,3,3-star,XSpace Echo,Empyrean Wish
17696,823364,2025-12-17,4,3-star,XSpace Echo,Empyrean Wish
55356,823364,2025-12-20,5,3-star,Rippling Echo,Empyrean Wish
60813,823364,2025-12-22,6,3-star,Rippling Echo,Empyrean Wish
43314,737417,2025-03-29,1,3-star,Limited,Deepspace Wish
69780,737417,2025-08-03,2,3-star,XSpace Echo,Empyrean Wish
24848,737417,2025-08-18,3,3-star,Rippling Echo,Empyrean Wish
69375,737417,2025-10-29,4,3-star,Rippling Echo,Empyrean Wish
31705,737417,2025-12-11,5,3-star,Limited,Deepspace Wish
93163,548279,2025-03-21,1,3-star,XSpace Echo,Empyrean Wish
75460,548279,2025-04-10,2,3-star,Rippling Echo,Empyrean Wish
44749,548279,2025-04-15,3,3-star,XSpace Echo,Empyrean Wish
37328,548279,2025-04-29,4,3-star,Rippling Echo,Empyrean Wish
59354,548279,2025-05-19,5,3-star,Rippling Echo,Empyrean Wish
80134,548279,2025-07-10,6,3-star,Rippling Echo,Empyrean Wish
32072,548279,2025-07-29,7,3-star,Rippling Echo,Empyrean Wish
78574,548279,2025-07-31,8,3-star,Rippling Echo,Empyrean Wish
31351,548279,2025-08-24,9,3-star,Rippling Echo,Empyrean Wish
15115,548279,2025-09-19,10,4-star,Rippling Echo,Empyrean Wish
10072,548279,2025-09-26,11,3-star,Rippling Echo,Empyrean Wish
35048,548279,2025-10-23,12,3-star,Rippling Echo,Empyrean Wish
50214,548279,2025-10-23,13,3-star,Limited,Deepspace Wish
25564,548279,2025-11-06,14,3-star,Rippling Echo,Empyrean Wish
59330,548279,2025-11-14,15,3-star,Rippling Echo,Empyrean Wish
59278,548279,2025-12-08,16,4-star,XSpace Echo,Empyrean Wish
41347,846632,2025-11-05,1,3-star,Rippling Echo,Empyrean Wish
79354,846632,2025-11-20,2,3-star,Rippling Echo,Empyrean Wish
65613,846632,2025-12-11,3,3-star,Rippling Echo,Empyrean Wish
51197,846632,2025-12-20,4,4-star,Rippling Echo,Empyrean Wish
11361,846632,2025-12-22,5,3-star,Limited,Deepspace Wish
76995,846632,2025-12-22,6,3-star,Rippling Echo,Empyrean Wish
78243,728074,2025-06-08,1,3-star,Limited,Deepspace Wish
71250,495082,2025-11-27,1,3-star,Rippling Echo,Empyrean Wish
78344,495082,2025-12-11,2,3-star,Limited,Deepspace Wish
30560,495082,2025-12-20,3,3-star,XSpace Echo,Empyrean Wish
50395,495082,2025-12-21,4,3-star,Limited,Deepspace Wish
87120,495082,2025-12-24,5,3-star,XSpace Echo,Empyrean Wish
56788,696505,2025-10-17,1,4-star,Limited,Deepspace Wish
11470,696505,2025-12-04,2,3-star,XSpace Echo,Empyrean Wish
77682,696505,2025-12-13,3,3-star,Limited,Deepspace Wish
58953,680655,2025-12-17,1,3-star,XSpace Echo,Empyrean Wish
90889,680655,2025-12-18,2,3-star,Limited,Deepspace Wish
97440,680655,2025-12-26,3,3-star,Limited,Deepspace Wish
70392,680655,2025-12-29,4,3-star,Limited,Deepspace Wish
92510,428740,2025-09-28,1,4-star,Limited,Deepspace Wish
19189,428740,2025-10-06,2,3-star,XSpace Echo,Empyrean Wish
71029,428740,2025-10-10,3,3-star,Rippling Echo,Empyrean Wish
20900,428740,2025-10-10,4,4-star,Rippling Echo,Empyrean Wish
45064,428740,2025-10-23,5,3-star,Limited,Deepspace Wish
48355,428740,2025-10-29,6,3-star,Limited,Deepspace Wish
67608,428740,2025-10-30,7,3-star,Rippling Echo,Empyrean Wish
30070,428740,2025-11-04,8,3-star,XSpace Echo,Empyrean Wish
41753,428740,2025-11-11,9,3-star,XSpace Echo,Empyrean Wish
61110,428740,2025-11-19,10,3-star,Limited,Deepspace Wish
59895,428740,2025-11-26,11,3-star,Rippling Echo,Empyrean Wish
93438,428740,2025-12-03,12,3-star,Rippling Echo,Empyrean Wish
43200,428740,2025-12-05,13,3-star,Rippling Echo,Empyrean Wish
93402,428740,2025-12-07,14,4-star,XSpace Echo,Empyrean Wish
21133,428740,2025-12-14,15,3-star,Rippling Echo,Empyrean Wish
44042,428740,2025-12-18,16,3-star,Rippling Echo,Empyrean Wish
97144,428740,2025-12-31,17,3-star,XSpace Echo,Empyrean Wish
35968,428740,2025-12-31,18,3-star,XSpace Echo,Empyrean Wish
35975,954746,2025-11-08,1,3-star,Limited,Deepspace Wish
25282,954746,2025-11-10,2,3-star,XSpace Echo,Empyrean Wish
37673,954746,2025-11-22,3,3-star,Limited,Deepspace Wish
23607,954746,2025-12-02,4,3-star,Limited,Deepspace Wish
45498,954746,2025-12-06,5,3-star,Rippling Echo,Empyrean Wish
71265,954746,2025-12-12,6,3-star,Limited,Deepspace Wish
13882,954746,2025-12-23,7,3-star,Limited,Deepspace Wish
36687,954746,2025-12-27,8,3-star,XSpace Echo,Empyrean Wish
83013,206823,2025-12-09,1,3-star,XSpace Echo,Empyrean Wish
78142,206823,2025-12-11,2,3-star,Rippling Echo,Empyrean Wish
59771,206823,2025-12-12,3,3-star,Limited,Deepspace Wish
30112,206823,2025-12-12,4,3-star,XSpace Echo,Empyrean Wish
11769,206823,2025-12-19,5,3-star,Rippling Echo,Empyrean Wish
51999,206823,2025-12-20,6,3-star,XSpace Echo,Empyrean Wish
23191,206823,2025-12-21,7,3-star,Rippling Echo,Empyrean Wish
79273,206823,2025-12-21,8,3-star,Rippling Echo,Empyrean Wish
66626,206823,2025-12-24,9,3-star,XSpace Echo,Empyrean Wish
80945,206823,2025-12-29,10,4-star,Rippling Echo,Empyrean Wish
88415,206823,2025-12-30,11,3-star,Rippling Echo,Empyrean Wish
69684,206823,2025-12-31,12,3-star,XSpace Echo,Empyrean Wish
25007,206823,2026-01-01,13,3-star,Rippling Echo,Empyrean Wish
10773,761063,2025-06-14,1,3-star,XSpace Echo,Empyrean Wish
86306,761063,2025-06-16,2,3-star,Limited,Deepspace Wish
73063,761063,2025-06-29,3,3-star,XSpace Echo,Empyrean Wish
28299,761063,2025-07-21,4,5-star,XSpace Echo,Empyrean Wish
53142,761063,2025-07-28,5,3-star,XSpace Echo,Empyrean Wish
86124,761063,2025-08-08,6,3-star,Rippling Echo,Empyrean Wish
85404,761063,2025-08-15,7,3-star,XSpace Echo,Empyrean Wish
86410,761063,2025-09-06,8,3-star,Rippling Echo,Empyrean Wish
91731,761063,2025-10-15,9,3-star,Rippling Echo,Empyrean Wish
92322,761063,2025-11-11,10,3-star,XSpace Echo,Empyrean Wish
27911,225074,2025-08-28,1,3-star,XSpace Echo,Empyrean Wish
84372,225074,2025-08-29,2,3-star,Rippling Echo,Empyrean Wish
94569,225074,2025-09-14,3,3-star,Limited,Deepspace Wish
91752,225074,2025-09-14,4,3-star,Rippling Echo,Empyrean Wish
74986,225074,2025-10-10,5,3-star,Rippling Echo,Empyrean Wish
28643,225074,2025-10-10,6,3-star,Rippling Echo,Empyrean Wish
94001,225074,2025-10-17,7,3-star,Limited,Deepspace Wish
91468,225074,2025-10-21,8,3-star,Rippling Echo,Empyrean Wish
88202,225074,2025-10-31,9,3-star,Rippling Echo,Empyrean Wish
21616,225074,2025-11-10,10,4-star,Rippling Echo,Empyrean Wish
65668,225074,2025-11-21,11,3-star,Rippling Echo,Empyrean Wish
82032,225074,2025-11-28,12,3-star,XSpace Echo,Empyrean Wish
45347,225074,2025-12-01,13,3-star,Rippling Echo,Empyrean Wish
41110,225074,2025-12-04,14,3-star,XSpace Echo,Empyrean Wish
77951,225074,2025-12-05,15,3-star,Limited,Deepspace Wish
97950,225074,2025-12-12,16,4-star,Rippling Echo,Empyrean Wish
78927,225074,2025-12-14,17,3-star,Rippling Echo,Empyrean Wish
71483,225074,2025-12-22,18,3-star,Rippling Echo,Empyrean Wish
85620,225074,2025-12-24,19,3-star,XSpace Echo,Empyrean Wish
64456,823737,2025-11-26,1,3-star,Limited,Deepspace Wish
80681,823737,2025-12-23,2,3-star,XSpace Echo,Empyrean Wish
40324,375190,2025-07-16,1,3-star,Rippling Echo,Empyrean Wish
31495,375190,2025-07-21,2,3-star,Rippling Echo,Empyrean Wish
53928,375190,2025-08-04,3,3-star,XSpace Echo,Empyrean Wish
20735,375190,2025-08-04,4,3-star,Limited,Deepspace Wish
60050,375190,2025-08-06,5,3-star,Limited,Deepspace Wish
75914,375190,2025-09-12,6,3-star,Limited,Deepspace Wish
22113,375190,2025-09-14,7,3-star,Rippling Echo,Empyrean Wish
33140,375190,2025-10-02,8,3-star,Limited,Deepspace Wish
56809,375190,2025-10-14,9,3-star,Limited,Deepspace Wish
12877,375190,2025-10-23,10,4-star,Limited,Deepspace Wish
86904,375190,2025-11-02,11,3-star,Limited,Deepspace Wish
35454,375190,2025-12-05,12,3-star,Limited,Deepspace Wish
56102,375190,2025-12-14,13,3-star,Limited,Deepspace Wish
47650,375190,2025-12-21,14,3-star,Rippling Echo,Empyrean Wish
49116,874365,2025-04-10,1,3-star,Limited,Deepspace Wish
33916,874365,2025-04-14,2,3-star,Limited,Deepspace Wish
86928,874365,2025-09-04,3,3-star,XSpace Echo,Empyrean Wish
52308,874365,2025-09-10,4,3-star,Rippling Echo,Empyrean Wish
71160,874365,2025-10-10,5,3-star,Limited,Deepspace Wish
34506,874365,2025-10-20,6,3-star,Limited,Deepspace Wish
85690,610399,2025-08-26,1,3-star,Rippling Echo,Empyrean Wish
99427,610399,2025-08-30,2,3-star,XSpace Echo,Empyrean Wish
71280,610399,2025-09-13,3,4-star,Limited,Deepspace Wish
74023,610399,2025-09-20,4,3-star,Limited,Deepspace Wish
94745,610399,2025-09-20,5,3-star,Rippling Echo,Empyrean Wish
86047,610399,2025-10-31,6,3-star,Rippling Echo,Empyrean Wish
17352,610399,2025-11-09,7,3-star,Rippling Echo,Empyrean Wish
46308,610399,2025-11-09,8,3-star,XSpace Echo,Empyrean Wish
81715,610399,2025-11-09,9,3-star,Rippling Echo,Empyrean Wish
13554,610399,2025-11-09,10,3-star,Rippling Echo,Empyrean Wish
14939,610399,2025-12-02,11,3-star,Rippling Echo,Empyrean Wish
24548,610399,2025-12-24,12,3-star,XSpace Echo,Empyrean Wish
47967,727074,2025-07-07,1,3-star,Rippling Echo,Empyrean Wish
14919,727074,2025-07-15,2,3-star,Rippling Echo,Empyrean Wish
16575,727074,2025-08-02,3,3-star,Limited,Deepspace Wish
24624,727074,2025-08-04,4,4-star,XSpace Echo,Empyrean Wish
99619,727074,2025-08-13,5,3-star,Rippling Echo,Empyrean Wish
74932,727074,2025-08-13,6,3-star,XSpace Echo,Empyrean Wish
65830,727074,2025-08-17,7,3-star,Rippling Echo,Empyrean Wish
74663,727074,2025-09-02,8,3-star,Rippling Echo,Empyrean Wish
82027,727074,2025-09-26,9,3-star,XSpace Echo,Empyrean Wish
98721,727074,2025-09-27,10,3-star,Rippling Echo,Empyrean Wish
65209,727074,2025-10-07,11,3-star,Limited,Deepspace Wish
35251,727074,2025-10-10,12,3-star,XSpace Echo,Empyrean Wish
34363,727074,2025-10-11,13,3-star,Limited,Deepspace Wish
65107,727074,2025-10-29,14,4-star,Rippling Echo,Empyrean Wish
10593,727074,2025-10-29,15,3-star,Limited,Deepspace Wish
47204,727074,2025-11-11,16,3-star,Rippling Echo,Empyrean Wish
96770,727074,2025-11-16,17,3-star,XSpace Echo,Empyrean Wish
36855,727074,2025-11-21,18,3-star,Limited,Deepspace Wish
91177,727074,2025-11-22,19,3-star,Rippling Echo,Empyrean Wish
99183,727074,2025-11-27,20,3-star,Limited,Deepspace Wish
64688,727074,2025-12-08,21,3-star,XSpace Echo,Empyrean Wish
44140,727074,2025-12-09,22,3-star,Limited,Deepspace Wish
94527,727074,2025-12-10,23,3-star,XSpace Echo,Empyrean Wish
59496,727074,2025-12-17,24,4-star,XSpace Echo,Empyrean Wish
58621,727074,2025-12-26,25,3-star,XSpace Echo,Empyrean Wish
91169,727074,2026-01-01,26,3-star,Rippling Echo,Empyrean Wish
43423,438255,2025-08-01,1,3-star,Limited,Deepspace Wish
90943,438255,2025-08-15,2,3-star,Limited,Deepspace Wish
64876,438255,2025-10-29,3,3-star,Limited,Deepspace Wish
25055,438255,2025-11-13,4,3-star,Rippling Echo,Empyrean Wish
14566,438255,2025-12-19,5,3-star,Limited,Deepspace Wish
33481,700485,2025-04-28,1,3-star,Limited,Deepspace Wish
98624,700485,2025-04-30,2,3-star,Limited,Deepspace Wish
79177,700485,2025-05-03,3,3-star,XSpace Echo,Empyrean Wish
20663,700485,2025-05-05,4,3-star,Rippling Echo,Empyrean Wish
14853,700485,2025-05-08,5,3-star,XSpace Echo,Empyrean Wish
16313,700485,2025-05-08,6,3-star,XSpace Echo,Empyrean Wish
68673,700485,2025-05-14,7,3-star,Rippling Echo,Empyrean Wish
69918,700485,2025-05-15,8,3-star,Limited,Deepspace Wish
83220,700485,2025-05-17,9,3-star,Rippling Echo,Empyrean Wish
82316,700485,2025-05-20,10,4-star,Rippling Echo,Empyrean Wish
45648,700485,2025-05-29,11,3-star,Rippling Echo,Empyrean Wish
81688,700485,2025-06-05,12,3-star,Rippling Echo,Empyrean Wish
40906,700485,2025-06-10,13,3-star,XSpace Echo,Empyrean Wish
10583,700485,2025-06-16,14,3-star,Limited,Deepspace Wish
46908,700485,2025-06-17,15,3-star,Limited,Deepspace Wish
71151,700485,2025-06-19,16,3-star,Rippling Echo,Empyrean Wish
60047,700485,2025-07-07,17,5-star,Limited,Deepspace Wish
83245,700485,2025-07-22,18,3-star,Rippling Echo,Empyrean Wish
27581,700485,2025-07-23,19,3-star,Limited,Deepspace Wish
22966,700485,2025-08-02,20,3-star,Rippling Echo,Empyrean Wish
19921,700485,2025-08-07,21,3-star,Limited,Deepspace Wish
59371,700485,2025-08-07,22,3-star,Rippling Echo,Empyrean Wish
28768,700485,2025-08-10,23,3-star,Rippling Echo,Empyrean Wish
14218,700485,2025-08-10,24,5-star,Limited,Deepspace Wish
98327,700485,2025-08-12,25,3-star,Limited,Deepspace Wish
95864,700485,2025-08-12,26,3-star,Limited,Deepspace Wish
25187,700485,2025-08-13,27,3-star,Limited,Deepspace Wish
80603,700485,2025-08-16,28,4-star,Limited,Deepspace Wish
50206,700485,2025-08-17,29,3-star,XSpace Echo,Empyrean Wish
93318,700485,2025-08-22,30,3-star,XSpace Echo,Empyrean Wish
34175,700485,2025-08-28,31,3-star,Rippling Echo,Empyrean Wish
46874,700485,2025-08-28,32,3-star,Limited,Deepspace Wish
52484,700485,2025-08-29,33,4-star,Limited,Deepspace Wish
74936,700485,2025-09-03,34,3-star,Limited,Deepspace Wish
83809,700485,2025-09-06,35,3-star,Rippling Echo,Empyrean Wish
73352,700485,2025-09-07,36,3-star,Limited,Deepspace Wish
79096,700485,2025-09-09,37,3-star,Limited,Deepspace Wish
86883,700485,2025-09-15,38,3-star,Limited,Deepspace Wish
16211,700485,2025-09-16,39,3-star,XSpace Echo,Empyrean Wish
82997,700485,2025-09-16,40,3-star,Limited,Deepspace Wish
50981,700485,2025-09-24,41,3-star,Rippling Echo,Empyrean Wish
59959,700485,2025-10-06,42,3-star,Limited,Deepspace Wish
28230,700485,2025-10-12,43,4-star,Limited,Deepspace Wish
76545,700485,2025-10-15,44,4-star,Rippling Echo,Empyrean Wish
21418,700485,2025-10-21,45,3-star,XSpace Echo,Empyrean Wish
51096,700485,2025-10-22,46,3-star,Limited,Deepspace Wish
38619,700485,2025-10-25,47,3-star,Rippling Echo,Empyrean Wish
42210,700485,2025-10-29,48,3-star,Limited,Deepspace Wish
78507,700485,2025-11-02,49,3-star,XSpace Echo,Empyrean Wish
88273,700485,2025-11-05,50,5-star,Rippling Echo,Empyrean Wish
20646,700485,2025-11-09,51,3-star,Limited,Deepspace Wish
76653,700485,2025-11-11,52,3-star,Limited,Deepspace Wish
98365,700485,2025-11-15,53,3-star,XSpace Echo,Empyrean Wish
94515,700485,2025-11-15,54,3-star,XSpace Echo,Empyrean Wish
97741,700485,2025-11-15,55,3-star,Limited,Deepspace Wish
12480,700485,2025-11-16,56,3-star,XSpace Echo,Empyrean Wish
16158,700485,2025-11-16,57,3-star,Limited,Deepspace Wish
75965,700485,2025-11-19,58,3-star,Limited,Deepspace Wish
16434,700485,2025-11-23,59,3-star,Limited,Deepspace Wish
56739,700485,2025-11-24,60,4-star,XSpace Echo,Empyrean Wish
45346,700485,2025-11-24,61,3-star,Limited,Deepspace Wish
74823,700485,2025-12-13,62,3-star,XSpace Echo,Empyrean Wish
46415,700485,2025-12-17,63,3-star,XSpace Echo,Empyrean Wish
19870,700485,2025-12-20,64,3-star,Limited,Deepspace Wish
39905,700485,2025-12-22,65,3-star,XSpace Echo,Empyrean Wish
82104,700485,2026-01-01,66,3-star,XSpace Echo,Empyrean Wish
16454,605258,2025-05-14,1,3-star,Limited,Deepspace Wish
76077,605258,2025-05-18,2,3-star,Limited,Deepspace Wish
41133,605258,2025-06-18,3,3-star,XSpace Echo,Empyrean Wish
37641,605258,2025-10-25,4,3-star,XSpace Echo,Empyrean Wish
27747,605258,2025-12-03,5,3-star,Rippling Echo,Empyrean Wish
33816,287267,2025-05-15,1,3-star,Limited,Deepspace Wish
29514,287267,2025-05-29,2,3-star,Rippling Echo,Empyrean Wish
97323,287267,2025-06-14,3,4-star,Limited,Deepspace Wish
89285,287267,2025-06-17,4,3-star,Rippling Echo,Empyrean Wish
93825,287267,2025-06-21,5,3-star,Limited,Deepspace Wish
35133,287267,2025-07-16,6,3-star,Limited,Deepspace Wish
37414,287267,2025-07-31,7,3-star,Rippling Echo,Empyrean Wish
59304,287267,2025-08-07,8,3-star,Limited,Deepspace Wish
38703,287267,2025-08-23,9,3-star,Limited,Deepspace Wish
22980,287267,2025-08-26,10,3-star,Rippling Echo,Empyrean Wish
44470,287267,2025-09-10,11,3-star,XSpace Echo,Empyrean Wish
39263,287267,2025-09-22,12,3-star,XSpace Echo,Empyrean Wish
81802,287267,2025-09-29,13,4-star,Rippling Echo,Empyrean Wish
19646,287267,2025-10-12,14,3-star,Rippling Echo,Empyrean Wish
26605,287267,2025-10-20,15,3-star,XSpace Echo,Empyrean Wish
40571,287267,2025-10-20,16,4-star,Rippling Echo,Empyrean Wish
85046,287267,2025-11-20,17,3-star,Rippling Echo,Empyrean Wish
32847,287267,2025-11-21,18,3-star,Rippling Echo,Empyrean Wish
50479,287267,2025-12-07,19,3-star,XSpace Echo,Empyrean Wish
60637,127337,2025-08-07,1,3-star,Limited,Deepspace Wish
81899,127337,2025-08-10,2,3-star,Limited,Deepspace Wish
70198,127337,2025-08-17,3,3-star,Limited,Deepspace Wish
53833,127337,2025-08-28,4,4-star,Rippling Echo,Empyrean Wish
73836,127337,2025-09-10,5,3-star,Limited,Deepspace Wish
93970,127337,2025-10-10,6,3-star,Limited,Deepspace Wish
53154,127337,2025-10-21,7,3-star,Rippling Echo,Empyrean Wish
85819,127337,2025-10-23,8,5-star,Limited,Deepspace Wish
85594,127337,2025-10-29,9,3-star,XSpace Echo,Empyrean Wish
42492,127337,2025-11-30,10,3-star,Limited,Deepspace Wish
85785,127337,2025-12-05,11,4-star,Rippling Echo,Empyrean Wish
48962,842270,2025-12-22,1,3-star,Limited,Deepspace Wish
61889,842270,2025-12-23,2,3-star,XSpace Echo,Empyrean Wish
92104,842270,2025-12-23,3,3-star,XSpace Echo,Empyrean Wish
94196,842270,2025-12-23,4,3-star,Rippling Echo,Empyrean Wish
31163,842270,2025-12-23,5,3-star,Rippling Echo,Empyrean Wish
43440,842270,2025-12-24,6,4-star,Limited,Deepspace Wish
64637,842270,2025-12-24,7,4-star,XSpace Echo,Empyrean Wish
46920,842270,2025-12-24,8,3-star,Limited,Deepspace Wish
31275,842270,2025-12-24,9,3-star,XSpace Echo,Empyrean Wish
15127,842270,2025-12-25,10,3-star,XSpace Echo,Empyrean Wish
68134,842270,2025-12-25,11,4-star,XSpace Echo,Empyrean Wish
59742,842270,2025-12-25,12,3-star,XSpace Echo,Empyrean Wish
38945,842270,2025-12-25,13,3-star,Limited,Deepspace Wish
77461,842270,2025-12-26,14,4-star,Limited,Deepspace Wish
40727,842270,2025-12-27,15,3-star,XSpace Echo,Empyrean Wish
26284,842270,2025-12-29,16,3-star,Limited,Deepspace Wish
60730,842270,2025-12-30,17,3-star,Rippling Echo,Empyrean Wish
48467,842270,2025-12-31,18,3-star,Limited,Deepspace Wish
34462,842270,2025-12-31,19,3-star,Limited,Deepspace Wish
11605,842270,2026-01-01,20,3-star,Rippling Echo,Empyrean Wish
31465,842270,2026-01-01,21,5-star,Rippling Echo,Empyrean Wish
21827,863692,2025-07-07,1,3-star,Rippling Echo,Empyrean Wish
15980,863692,2025-08-27,2,3-star,Limited,Deepspace Wish
71847,863692,2025-10-02,3,3-star,Limited,Deepspace Wish
58592,863692,2025-11-17,4,3-star,Rippling Echo,Empyrean Wish
48022,860612,2025-05-14,1,3-star,Rippling Echo,Empyrean Wish
29580,860612,2025-06-01,2,4-star,XSpace Echo,Empyrean Wish
80196,860612,2025-07-05,3,3-star,Limited,Deepspace Wish
46981,860612,2025-07-26,4,3-star,Rippling Echo,Empyrean Wish
85402,736867,2025-06-14,1,3-star,XSpace Echo,Empyrean Wish
61614,736867,2025-07-31,2,3-star,XSpace Echo,Empyrean Wish
82443,736867,2025-08-31,3,3-star,XSpace Echo,Empyrean Wish
81796,736867,2025-11-05,4,3-star,Limited,Deepspace Wish
99465,736867,2025-11-19,5,3-star,Limited,Deepspace Wish
72424,736867,2025-12-05,6,3-star,Limited,Deepspace Wish
60601,736867,2025-12-12,7,3-star,Limited,Deepspace Wish
51295,736867,2025-12-16,8,3-star,Limited,Deepspace Wish
65849,340840,2025-10-18,1,3-star,Limited,Deepspace Wish
47759,340840,2025-10-20,2,3-star,Rippling Echo,Empyrean Wish
34551,340840,2025-10-29,3,3-star,XSpace Echo,Empyrean Wish
49963,340840,2025-11-09,4,3-star,Limited,Deepspace Wish
49112,340840,2025-11-14,5,3-star,XSpace Echo,Empyrean Wish
65811,340840,2025-11-20,6,3-star,XSpace Echo,Empyrean Wish
95324,340840,2025-11-30,7,3-star,XSpace Echo,Empyrean Wish
93015,340840,2025-12-03,8,3-star,Limited,Deepspace Wish
58416,340840,2025-12-05,9,3-star,Rippling Echo,Empyrean Wish
16131,340840,2025-12-06,10,4-star,XSpace Echo,Empyrean Wish
47873,340840,2025-12-09,11,3-star,Limited,Deepspace Wish
65846,340840,2025-12-10,12,3-star,Rippling Echo,Empyrean Wish
68784,340840,2025-12-14,13,3-star,Limited,Deepspace Wish
11649,340840,2025-12-21,14,3-star,Rippling Echo,Empyrean Wish
33962,712634,2025-12-24,1,3-star,Limited,Deepspace Wish
70951,712634,2025-12-24,2,3-star,Limited,Deepspace Wish
67717,712634,2025-12-24,3,3-star,XSpace Echo,Empyrean Wish
91846,712634,2025-12-24,4,3-star,Rippling Echo,Empyrean Wish
33452,712634,2025-12-24,5,3-star,XSpace Echo,Empyrean Wish
57666,712634,2025-12-24,6,4-star,Rippling Echo,Empyrean Wish
25752,712634,2025-12-24,7,3-star,Limited,Deepspace Wish
61216,712634,2025-12-24,8,3-star,XSpace Echo,Empyrean Wish
42020,712634,2025-12-24,9,3-star,Limited,Deepspace Wish
95548,712634,2025-12-24,10,3-star,Limited,Deepspace Wish
98480,712634,2025-12-24,11,3-star,Limited,Deepspace Wish
13473,712634,2025-12-24,12,3-star,Limited,Deepspace Wish
58380,712634,2025-12-24,13,3-star,Limited,Deepspace Wish
62445,712634,2025-12-24,14,3-star,XSpace Echo,Empyrean Wish
70352,712634,2025-12-24,15,3-star,Rippling Echo,Empyrean Wish
84171,712634,2025-12-24,16,4-star,Limited,Deepspace Wish
48012,712634,2025-12-24,17,3-star,Limited,Deepspace Wish
60219,712634,2025-12-24,18,4-star,Limited,Deepspace Wish
29755,712634,2025-12-24,19,4-star,Limited,Deepspace Wish
23359,712634,2025-12-24,20,3-star,Limited,Deepspace Wish
89037,712634,2025-12-24,21,3-star,XSpace Echo,Empyrean Wish
14233,712634,2025-12-24,22,3-star,XSpace Echo,Empyrean Wish
78897,712634,2025-12-24,23,3-star,Limited,Deepspace Wish
46962,712634,2025-12-24,24,3-star,Limited,Deepspace Wish
24580,712634,2025-12-24,25,3-star,Rippling Echo,Empyrean Wish
38377,712634,2025-12-24,26,3-star,Rippling Echo,Empyrean Wish
61881,712634,2025-12-24,27,3-star,XSpace Echo,Empyrean Wish
51920,712634,2025-12-24,28,3-star,XSpace Echo,Empyrean Wish
16404,712634,2025-12-24,29,5-star,Rippling Echo,Empyrean Wish
31424,712634,2025-12-24,30,3-star,XSpace Echo,Empyrean Wish
66485,712634,2025-12-24,31,3-star,XSpace Echo,Empyrean Wish
39624,712634,2025-12-25,32,3-star,Limited,Deepspace Wish
95398,712634,2025-12-25,33,3-star,XSpace Echo,Empyrean Wish
68309,712634,2025-12-25,34,3-star,XSpace Echo,Empyrean Wish
95609,712634,2025-12-25,35,3-star,Limited,Deepspace Wish
63442,712634,2025-12-25,36,3-star,XSpace Echo,Empyrean Wish
55544,712634,2025-12-25,37,3-star,XSpace Echo,Empyrean Wish
84561,712634,2025-12-25,38,3-star,Limited,Deepspace Wish
42881,712634,2025-12-25,39,4-star,Limited,Deepspace Wish
48233,712634,2025-12-25,40,4-star,Rippling Echo,Empyrean Wish
11220,712634,2025-12-25,41,3-star,Limited,Deepspace Wish
40842,712634,2025-12-25,42,3-star,Limited,Deepspace Wish
87352,712634,2025-12-25,43,3-star,XSpace Echo,Empyrean Wish
19162,712634,2025-12-25,44,3-star,Limited,Deepspace Wish
37680,712634,2025-12-25,45,3-star,XSpace Echo,Empyrean Wish
90141,712634,2025-12-25,46,3-star,Rippling Echo,Empyrean Wish
12883,712634,2025-12-25,47,3-star,Limited,Deepspace Wish
81755,712634,2025-12-25,48,3-star,XSpace Echo,Empyrean Wish
47934,712634,2025-12-25,49,3-star,Rippling Echo,Empyrean Wish
17201,712634,2025-12-25,50,4-star,Limited,Deepspace Wish
20499,712634,2025-12-25,51,4-star,Limited,Deepspace Wish
59386,712634,2025-12-25,52,3-star,Limited,Deepspace Wish
67997,712634,2025-12-25,53,3-star,Limited,Deepspace Wish
18220,712634,2025-12-25,54,4-star,Limited,Deepspace Wish
31507,712634,2025-12-25,55,3-star,Limited,Deepspace Wish
97148,712634,2025-12-25,56,3-star,Limited,Deepspace Wish
29995,712634,2025-12-25,57,3-star,XSpace Echo,Empyrean Wish
27071,712634,2025-12-25,58,3-star,Limited,Deepspace Wish
57293,712634,2025-12-25,59,3-star,Limited,Deepspace Wish
36158,712634,2025-12-25,60,3-star,Limited,Deepspace Wish
84009,712634,2025-12-26,61,4-star,Limited,Deepspace Wish
41628,712634,2025-12-26,62,3-star,XSpace Echo,Empyrean Wish
70731,712634,2025-12-26,63,3-star,Limited,Deepspace Wish
47344,712634,2025-12-26,64,3-star,XSpace Echo,Empyrean Wish
69742,712634,2025-12-26,65,3-star,Limited,Deepspace Wish
52444,712634,2025-12-26,66,3-star,Limited,Deepspace Wish
37911,712634,2025-12-26,67,3-star,Limited,Deepspace Wish
99567,712634,2025-12-26,68,3-star,Limited,Deepspace Wish
53341,712634,2025-12-26,69,3-star,Limited,Deepspace Wish
98217,712634,2025-12-26,70,3-star,Limited,Deepspace Wish
25067,712634,2025-12-26,71,4-star,XSpace Echo,Empyrean Wish
41047,712634,2025-12-26,72,3-star,Limited,Deepspace Wish
53309,712634,2025-12-26,73,3-star,Limited,Deepspace Wish
90465,712634,2025-12-26,74,3-star,XSpace Echo,Empyrean Wish
60206,712634,2025-12-26,75,3-star,XSpace Echo,Empyrean Wish
19299,712634,2025-12-26,76,3-star,Limited,Deepspace Wish
46643,712634,2025-12-26,77,3-star,Limited,Deepspace Wish
86492,712634,2025-12-26,78,3-star,Limited,Deepspace Wish
11023,712634,2025-12-26,79,3-star,Limited,Deepspace Wish
49344,712634,2025-12-26,80,3-star,XSpace Echo,Empyrean Wish
61122,712634,2025-12-26,81,4-star,Limited,Deepspace Wish
21231,712634,2025-12-26,82,3-star,XSpace Echo,Empyrean Wish
76918,712634,2025-12-26,83,3-star,Limited,Deepspace Wish
67503,712634,2025-12-26,84,3-star,XSpace Echo,Empyrean Wish
67333,712634,2025-12-26,85,3-star,Limited,Deepspace Wish
41202,712634,2025-12-26,86,3-star,XSpace Echo,Empyrean Wish
52310,712634,2025-12-26,87,3-star,XSpace Echo,Empyrean Wish
25002,712634,2025-12-26,88,3-star,Limited,Deepspace Wish
75121,712634,2025-12-26,89,3-star,Limited,Deepspace Wish
73976,712634,2025-12-26,90,3-star,XSpace Echo,Empyrean Wish
77450,712634,2025-12-26,91,4-star,Limited,Deepspace Wish
53808,712634,2025-12-27,92,5-star,XSpace Echo,Empyrean Wish
49647,712634,2025-12-27,93,3-star,XSpace Echo,Empyrean Wish
49902,712634,2025-12-27,94,3-star,Limited,Deepspace Wish
67575,712634,2025-12-27,95,3-star,Limited,Deepspace Wish
54605,712634,2025-12-27,96,3-star,XSpace Echo,Empyrean Wish
35542,712634,2025-12-27,97,3-star,Limited,Deepspace Wish
94436,712634,2025-12-27,98,3-star,XSpace Echo,Empyrean Wish
28726,712634,2025-12-27,99,3-star,Limited,Deepspace Wish
46079,712634,2025-12-27,100,3-star,Limited,Deepspace Wish
22457,712634,2025-12-27,101,3-star,XSpace Echo,Empyrean Wish
70849,712634,2025-12-27,102,4-star,Limited,Deepspace Wish
61222,712634,2025-12-27,103,3-star,Limited,Deepspace Wish
95498,712634,2025-12-27,104,3-star,Limited,Deepspace Wish
41284,712634,2025-12-27,105,3-star,Limited,Deepspace Wish
95327,712634,2025-12-27,106,3-star,Limited,Deepspace Wish
32796,712634,2025-12-27,107,3-star,XSpace Echo,Empyrean Wish
76434,712634,2025-12-27,108,3-star,Limited,Deepspace Wish
55956,712634,2025-12-27,109,3-star,XSpace Echo,Empyrean Wish
64178,712634,2025-12-27,110,3-star,Limited,Deepspace Wish
11346,712634,2025-12-27,111,3-star,Limited,Deepspace Wish
88930,712634,2025-12-27,112,4-star,XSpace Echo,Empyrean Wish
23025,712634,2025-12-27,113,3-star,Limited,Deepspace Wish
70348,712634,2025-12-27,114,3-star,XSpace Echo,Empyrean Wish
83304,712634,2025-12-27,115,3-star,Limited,Deepspace Wish
97710,712634,2025-12-27,116,3-star,Limited,Deepspace Wish
81883,712634,2025-12-27,117,3-star,Limited,Deepspace Wish
97535,712634,2025-12-27,118,3-star,Limited,Deepspace Wish
46028,712634,2025-12-27,119,3-star,Limited,Deepspace Wish
84733,712634,2025-12-27,120,3-star,XSpace Echo,Empyrean Wish
86687,712634,2025-12-27,121,3-star,XSpace Echo,Empyrean Wish
15895,712634,2025-12-27,122,4-star,XSpace Echo,Empyrean Wish
73570,712634,2025-12-27,123,3-star,XSpace Echo,Empyrean Wish
90748,712634,2025-12-27,124,3-star,Limited,Deepspace Wish
78009,712634,2025-12-27,125,3-star,XSpace Echo,Empyrean Wish
69154,712634,2025-12-27,126,3-star,Limited,Deepspace Wish
48641,712634,2025-12-27,127,3-star,Limited,Deepspace Wish
51897,712634,2025-12-27,128,3-star,XSpace Echo,Empyrean Wish
63877,712634,2025-12-28,129,3-star,Limited,Deepspace Wish
62655,712634,2025-12-28,130,3-star,Limited,Deepspace Wish
66581,712634,2025-12-28,131,3-star,Limited,Deepspace Wish
26990,712634,2025-12-28,132,4-star,Limited,Deepspace Wish
33826,712634,2025-12-28,133,3-star,Limited,Deepspace Wish
75439,712634,2025-12-28,134,3-star,XSpace Echo,Empyrean Wish
22304,712634,2025-12-28,135,3-star,Limited,Deepspace Wish
60055,712634,2025-12-28,136,3-star,Limited,Deepspace Wish
80767,712634,2025-12-28,137,3-star,Limited,Deepspace Wish
24333,712634,2025-12-28,138,3-star,XSpace Echo,Empyrean Wish
94352,712634,2025-12-28,139,3-star,Limited,Deepspace Wish
45758,712634,2025-12-28,140,3-star,Limited,Deepspace Wish
87796,712634,2025-12-28,141,3-star,Limited,Deepspace Wish
84581,712634,2025-12-28,142,4-star,Limited,Deepspace Wish
93117,712634,2025-12-28,143,3-star,XSpace Echo,Empyrean Wish
82525,712634,2025-12-28,144,3-star,XSpace Echo,Empyrean Wish
13835,712634,2025-12-28,145,3-star,Limited,Deepspace Wish
52821,712634,2025-12-28,146,3-star,XSpace Echo,Empyrean Wish
49169,712634,2025-12-28,147,3-star,Limited,Deepspace Wish
86355,712634,2025-12-28,148,3-star,Limited,Deepspace Wish
88954,712634,2025-12-28,149,3-star,XSpace Echo,Empyrean Wish
66350,712634,2025-12-28,150,3-star,Limited,Deepspace Wish
78081,712634,2025-12-28,151,3-star,XSpace Echo,Empyrean Wish
82365,712634,2025-12-28,152,4-star,XSpace Echo,Empyrean Wish
40670,712634,2025-12-28,153,3-star,XSpace Echo,Empyrean Wish
19562,712634,2025-12-28,154,3-star,XSpace Echo,Empyrean Wish
11024,712634,2025-12-28,155,5-star,Limited,Deepspace Wish
80171,712634,2025-12-28,156,3-star,XSpace Echo,Empyrean Wish
70635,712634,2025-12-28,157,3-star,Limited,Deepspace Wish
52033,712634,2025-12-28,158,3-star,Limited,Deepspace Wish
34947,712634,2025-12-28,159,4-star,XSpace Echo,Empyrean Wish
69126,712634,2025-12-28,160,3-star,XSpace Echo,Empyrean Wish
90607,712634,2025-12-28,161,3-star,Limited,Deepspace Wish
27972,712634,2025-12-28,162,3-star,XSpace Echo,Empyrean Wish
66793,712634,2025-12-28,163,3-star,Limited,Deepspace Wish
31277,712634,2025-12-28,164,3-star,XSpace Echo,Empyrean Wish
15678,712634,2025-12-28,165,3-star,XSpace Echo,Empyrean Wish
80538,712634,2025-12-28,166,3-star,Limited,Deepspace Wish
21596,712634,2025-12-28,167,3-star,Limited,Deepspace Wish
35054,712634,2025-12-29,168,3-star,XSpace Echo,Empyrean Wish
21791,712634,2025-12-29,169,4-star,XSpace Echo,Empyrean Wish
89931,712634,2025-12-29,170,3-star,Limited,Deepspace Wish
62982,712634,2025-12-29,171,3-star,Limited,Deepspace Wish
77617,712634,2025-12-29,172,3-star,Limited,Deepspace Wish
54654,712634,2025-12-29,173,3-star,XSpace Echo,Empyrean Wish
60547,712634,2025-12-29,174,3-star,XSpace Echo,Empyrean Wish
75159,712634,2025-12-29,175,3-star,XSpace Echo,Empyrean Wish
30589,712634,2025-12-29,176,3-star,Limited,Deepspace Wish
30339,712634,2025-12-29,177,3-star,XSpace Echo,Empyrean Wish
41605,712634,2025-12-29,178,3-star,XSpace Echo,Empyrean Wish
97223,712634,2025-12-29,179,4-star,XSpace Echo,Empyrean Wish
53520,712634,2025-12-29,180,3-star,Limited,Deepspace Wish
50429,712634,2025-12-29,181,3-star,Limited,Deepspace Wish
16209,712634,2025-12-29,182,3-star,Limited,Deepspace Wish
12107,712634,2025-12-29,183,3-star,XSpace Echo,Empyrean Wish
19946,712634,2025-12-29,184,3-star,Limited,Deepspace Wish
95445,712634,2025-12-29,185,3-star,XSpace Echo,Empyrean Wish
62237,712634,2025-12-29,186,3-star,Limited,Deepspace Wish
47593,712634,2025-12-29,187,3-star,Limited,Deepspace Wish
47475,712634,2025-12-29,188,3-star,XSpace Echo,Empyrean Wish
98662,712634,2025-12-29,189,4-star,Limited,Deepspace Wish
25862,712634,2025-12-29,190,3-star,XSpace Echo,Empyrean Wish
23014,712634,2025-12-30,191,3-star,Limited,Deepspace Wish
88986,712634,2025-12-30,192,4-star,Limited,Deepspace Wish
57147,712634,2025-12-30,193,3-star,Limited,Deepspace Wish
10816,712634,2025-12-30,194,3-star,Limited,Deepspace Wish
91605,712634,2025-12-30,195,3-star,Limited,Deepspace Wish
76520,712634,2025-12-30,196,3-star,Limited,Deepspace Wish
79602,712634,2025-12-30,197,3-star,XSpace Echo,Empyrean Wish
72394,712634,2025-12-30,198,3-star,Limited,Deepspace Wish
90449,712634,2025-12-30,199,3-star,XSpace Echo,Empyrean Wish
71396,712634,2025-12-30,200,3-star,Limited,Deepspace Wish
28662,712634,2025-12-30,201,3-star,Limited,Deepspace Wish
93433,712634,2025-12-30,202,4-star,XSpace Echo,Empyrean Wish
79023,712634,2025-12-30,203,3-star,Limited,Deepspace Wish
83237,712634,2025-12-30,204,3-star,XSpace Echo,Empyrean Wish
53562,712634,2025-12-30,205,3-star,Limited,Deepspace Wish
36638,712634,2025-12-30,206,3-star,Limited,Deepspace Wish
79423,712634,2025-12-30,207,3-star,Limited,Deepspace Wish
88564,712634,2025-12-30,208,3-star,XSpace Echo,Empyrean Wish
37605,712634,2025-12-30,209,3-star,XSpace Echo,Empyrean Wish
28872,712634,2025-12-30,210,3-star,Limited,Deepspace Wish
83641,712634,2025-12-30,211,3-star,XSpace Echo,Empyrean Wish
72132,712634,2025-12-30,212,4-star,Limited,Deepspace Wish
48134,712634,2025-12-30,213,3-star,Limited,Deepspace Wish
84541,712634,2025-12-30,214,3-star,Limited,Deepspace Wish
34860,712634,2025-12-30,215,3-star,Limited,Deepspace Wish
97100,712634,2025-12-30,216,3-star,XSpace Echo,Empyrean Wish
93939,712634,2025-12-30,217,5-star,Limited,Deepspace Wish
42378,712634,2025-12-30,218,3-star,Limited,Deepspace Wish
97750,712634,2025-12-30,219,3-star,Limited,Deepspace Wish
49409,712634,2025-12-30,220,3-star,Limited,Deepspace Wish
18212,712634,2025-12-30,221,3-star,Limited,Deepspace Wish
91438,712634,2025-12-30,222,3-star,Limited,Deepspace Wish
31942,712634,2025-12-30,223,3-star,Limited,Deepspace Wish
41527,712634,2025-12-31,224,3-star,Limited,Deepspace Wish
50918,712634,2025-12-31,225,3-star,Limited,Deepspace Wish
70818,712634,2025-12-31,226,3-star,XSpace Echo,Empyrean Wish
30373,712634,2025-12-31,227,4-star,Limited,Deepspace Wish
82035,712634,2025-12-31,228,3-star,Limited,Deepspace Wish
31565,712634,2025-12-31,229,3-star,XSpace Echo,Empyrean Wish
68311,712634,2025-12-31,230,3-star,Limited,Deepspace Wish
33432,712634,2025-12-31,231,3-star,XSpace Echo,Empyrean Wish
35283,712634,2025-12-31,232,3-star,Limited,Deepspace Wish
58094,712634,2025-12-31,233,3-star,XSpace Echo,Empyrean Wish
61218,712634,2025-12-31,234,3-star,Limited,Deepspace Wish
49004,712634,2025-12-31,235,3-star,Limited,Deepspace Wish
80647,712634,2025-12-31,236,3-star,Limited,Deepspace Wish
29258,712634,2025-12-31,237,4-star,Limited,Deepspace Wish
62875,712634,2025-12-31,238,3-star,Limited,Deepspace Wish
70448,712634,2025-12-31,239,3-star,Limited,Deepspace Wish
47201,712634,2025-12-31,240,3-star,Limited,Deepspace Wish
78639,712634,2025-12-31,241,4-star,Limited,Deepspace Wish
65971,712634,2025-12-31,242,3-star,XSpace Echo,Empyrean Wish
56460,712634,2025-12-31,243,3-star,XSpace Echo,Empyrean Wish
33514,712634,2025-12-31,244,3-star,Limited,Deepspace Wish
91651,712634,2025-12-31,245,3-star,XSpace Echo,Empyrean Wish
91240,712634,2025-12-31,246,3-star,Limited,Deepspace Wish
85441,712634,2025-12-31,247,3-star,XSpace Echo,Empyrean Wish
22396,712634,2025-12-31,248,3-star,Limited,Deepspace Wish
39273,712634,2025-12-31,249,3-star,Limited,Deepspace Wish
12127,712634,2025-12-31,250,3-star,Limited,Deepspace Wish
29106,712634,2025-12-31,251,4-star,Limited,Deepspace Wish
38828,712634,2025-12-31,252,3-star,Limited,Deepspace Wish
83115,712634,2026-01-01,253,3-star,Limited,Deepspace Wish
20905,712634,2026-01-01,254,3-star,XSpace Echo,Empyrean Wish
50087,712634,2026-01-01,255,3-star,XSpace Echo,Empyrean Wish
60003,712634,2026-01-01,256,3-star,XSpace Echo,Empyrean Wish
16855,712634,2026-01-01,257,3-star,Limited,Deepspace Wish
79137,712634,2026-01-01,258,3-star,Limited,Deepspace Wish
73306,712634,2026-01-01,259,4-star,Limited,Deepspace Wish
47774,712634,2026-01-01,260,3-star,Limited,Deepspace Wish
35664,712634,2026-01-01,261,3-star,Limited,Deepspace Wish
39718,712634,2026-01-01,262,3-star,Limited,Deepspace Wish
54371,712634,2026-01-01,263,3-star,Limited,Deepspace Wish
74118,712634,2026-01-01,264,3-star,XSpace Echo,Empyrean Wish
25573,712634,2026-01-01,265,3-star,Limited,Deepspace Wish
75678,712634,2026-01-01,266,4-star,Limited,Deepspace Wish
83565,712634,2026-01-01,267,3-star,Limited,Deepspace Wish
21654,712634,2026-01-01,268,3-star,XSpace Echo,Empyrean Wish
20519,712634,2026-01-01,269,3-star,XSpace Echo,Empyrean Wish
38734,712634,2026-01-01,270,4-star,Limited,Deepspace Wish
63101,712634,2026-01-01,271,3-star,Limited,Deepspace Wish
41277,712634,2026-01-01,272,4-star,Limited,Deepspace Wish
78248,712634,2026-01-01,273,3-star,Limited,Deepspace Wish
67027,712634,2026-01-01,274,3-star,Limited,Deepspace Wish
72758,712634,2026-01-01,275,3-star,Limited,Deepspace Wish
56848,712634,2026-01-01,276,3-star,XSpace Echo,Empyrean Wish
26392,712634,2026-01-01,277,3-star,Limited,Deepspace Wish
66071,548148,2025-11-16,1,3-star,Limited,Deepspace Wish
51299,548148,2025-11-27,2,3-star,Rippling Echo,Empyrean Wish
43993,548148,2025-12-09,3,3-star,XSpace Echo,Empyrean Wish
92874,548148,2025-12-10,4,3-star,Limited,Deepspace Wish
65192,548148,2025-12-10,5,3-star,Limited,Deepspace Wish
44892,548148,2025-12-14,6,3-star,XSpace Echo,Empyrean Wish
11427,548148,2025-12-15,7,3-star,Rippling Echo,Empyrean Wish
61310,548148,2025-12-18,8,3-star,Limited,Deepspace Wish
67501,548148,2025-12-21,9,3-star,Limited,Deepspace Wish
59905,521864,2025-08-23,1,3-star,Limited,Deepspace Wish
28870,521864,2025-09-16,2,3-star,Limited,Deepspace Wish
95943,521864,2025-09-20,3,3-star,XSpace Echo,Empyrean Wish
81992,521864,2025-09-22,4,3-star,Rippling Echo,Empyrean Wish
80220,521864,2025-09-22,5,3-star,Rippling Echo,Empyrean Wish
44180,521864,2025-09-24,6,3-star,Limited,Deepspace Wish
33590,521864,2025-09-25,7,3-star,Limited,Deepspace Wish
93632,521864,2025-09-25,8,3-star,Rippling Echo,Empyrean Wish
34662,521864,2025-10-04,9,4-star,Limited,Deepspace Wish
80467,521864,2025-10-14,10,4-star,Rippling Echo,Empyrean Wish
72352,521864,2025-10-17,11,3-star,Limited,Deepspace Wish
84715,521864,2025-11-05,12,3-star,Limited,Deepspace Wish
61555,521864,2025-11-07,13,3-star,Limited,Deepspace Wish
14774,521864,2025-11-15,14,3-star,Rippling Echo,Empyrean Wish
23074,521864,2025-11-16,15,3-star,Rippling Echo,Empyrean Wish
28732,521864,2025-11-17,16,3-star,Limited,Deepspace Wish
80570,521864,2025-11-24,17,3-star,XSpace Echo,Empyrean Wish
12331,521864,2025-11-24,18,3-star,Limited,Deepspace Wish
38977,521864,2025-12-02,19,3-star,Rippling Echo,Empyrean Wish
59980,521864,2025-12-03,20,4-star,Rippling Echo,Empyrean Wish
24715,521864,2025-12-03,21,3-star,Limited,Deepspace Wish
93036,521864,2025-12-05,22,5-star,Limited,Deepspace Wish
75067,521864,2025-12-08,23,3-star,Rippling Echo,Empyrean Wish
87301,521864,2025-12-17,24,3-star,Limited,Deepspace Wish
91460,521864,2025-12-27,25,3-star,Limited,Deepspace Wish
97959,521864,2025-12-28,26,3-star,Limited,Deepspace Wish
14427,521864,2025-12-30,27,3-star,Rippling Echo,Empyrean Wish
53159,521864,2025-12-30,28,3-star,Rippling Echo,Empyrean Wish
20930,521864,2025-12-31,29,3-star,Limited,Deepspace Wish
70878,521864,2025-12-31,30,3-star,XSpace Echo,Empyrean Wish
90128,884064,2025-06-16,1,3-star,XSpace Echo,Empyrean Wish
22227,884064,2025-06-24,2,3-star,Limited,Deepspace Wish
19127,884064,2025-08-21,3,3-star,Rippling Echo,Empyrean Wish
72432,884064,2025-08-30,4,3-star,Rippling Echo,Empyrean Wish
84896,884064,2025-09-03,5,3-star,Limited,Deepspace Wish
87906,884064,2025-10-06,6,3-star,Limited,Deepspace Wish
34977,884064,2025-12-03,7,3-star,Limited,Deepspace Wish
74303,884064,2025-12-06,8,3-star,Rippling Echo,Empyrean Wish
85342,884064,2025-12-18,9,3-star,Limited,Deepspace Wish
38313,884064,2025-12-21,10,4-star,Rippling Echo,Empyrean Wish
23620,598057,2025-03-25,1,3-star,Rippling Echo,Empyrean Wish
24581,598057,2025-03-31,2,3-star,Limited,Deepspace Wish
34680,598057,2025-05-13,3,3-star,Limited,Deepspace Wish
18541,598057,2025-05-25,4,3-star,Limited,Deepspace Wish
35923,598057,2025-05-27,5,3-star,Rippling Echo,Empyrean Wish
45944,598057,2025-06-17,6,3-star,Limited,Deepspace Wish
60290,598057,2025-07-12,7,3-star,Rippling Echo,Empyrean Wish
99303,598057,2025-08-23,8,3-star,Limited,Deepspace Wish
43517,598057,2025-09-15,9,3-star,Rippling Echo,Empyrean Wish
85983,598057,2025-11-24,10,4-star,Limited,Deepspace Wish
14005,413814,2025-12-04,1,3-star,Limited,Deepspace Wish
39974,413814,2025-12-09,2,3-star,XSpace Echo,Empyrean Wish
24048,413814,2025-12-09,3,3-star,Rippling Echo,Empyrean Wish
67542,413814,2025-12-12,4,3-star,Limited,Deepspace Wish
82840,413814,2025-12-15,5,3-star,Limited,Deepspace Wish
28484,413814,2025-12-16,6,3-star,XSpace Echo,Empyrean Wish
66739,413814,2025-12-18,7,3-star,Limited,Deepspace Wish
88842,413814,2025-12-19,8,3-star,Limited,Deepspace Wish
51082,413814,2025-12-20,9,3-star,Limited,Deepspace Wish
19841,413814,2025-12-21,10,4-star,XSpace Echo,Empyrean Wish
55560,413814,2025-12-21,11,3-star,XSpace Echo,Empyrean Wish
26242,413814,2025-12-22,12,4-star,Rippling Echo,Empyrean Wish
41075,413814,2025-12-24,13,3-star,XSpace Echo,Empyrean Wish
36303,413814,2025-12-25,14,3-star,Limited,Deepspace Wish
39093,413814,2025-12-25,15,3-star,Limited,Deepspace Wish
99507,413814,2025-12-26,16,3-star,Rippling Echo,Empyrean Wish
47130,413814,2025-12-27,17,3-star,XSpace Echo,Empyrean Wish
19936,413814,2025-12-29,18,3-star,Limited,Deepspace Wish
10054,413814,2025-12-30,19,3-star,Limited,Deepspace Wish
52103,413814,2026-01-01,20,3-star,Limited,Deepspace Wish
57032,153958,2025-10-16,1,3-star,Rippling Echo,Empyrean Wish
31870,153958,2025-10-21,2,3-star,Limited,Deepspace Wish
50383,153958,2025-10-29,3,3-star,XSpace Echo,Empyrean Wish
93150,153958,2025-10-30,4,3-star,XSpace Echo,Empyrean Wish
26826,153958,2025-11-16,5,3-star,XSpace Echo,Empyrean Wish
75691,153958,2025-11-19,6,3-star,XSpace Echo,Empyrean Wish
43743,153958,2025-11-29,7,3-star,Limited,Deepspace Wish
30392,153958,2025-12-04,8,4-star,Rippling Echo,Empyrean Wish
36644,153958,2025-12-07,9,3-star,XSpace Echo,Empyrean Wish
31411,153958,2025-12-08,10,3-star,Rippling Echo,Empyrean Wish
83600,153958,2025-12-09,11,3-star,Limited,Deepspace Wish
57358,153958,2025-12-16,12,3-star,Rippling Echo,Empyrean Wish
29435,153958,2025-12-30,13,3-star,XSpace Echo,Empyrean Wish
85316,747344,2025-03-20,1,3-star,Rippling Echo,Empyrean Wish
85572,747344,2025-03-23,2,3-star,XSpace Echo,Empyrean Wish
86595,747344,2025-03-25,3,3-star,Rippling Echo,Empyrean Wish
55778,747344,2025-04-08,4,3-star,Limited,Deepspace Wish
29290,747344,2025-04-14,5,3-star,XSpace Echo,Empyrean Wish
77916,747344,2025-04-16,6,3-star,Rippling Echo,Empyrean Wish
47966,747344,2025-04-23,7,3-star,Rippling Echo,Empyrean Wish
95806,747344,2025-04-23,8,3-star,Limited,Deepspace Wish
99628,747344,2025-05-02,9,3-star,XSpace Echo,Empyrean Wish
65001,747344,2025-05-08,10,4-star,XSpace Echo,Empyrean Wish
55083,747344,2025-05-13,11,3-star,XSpace Echo,Empyrean Wish
57876,747344,2025-05-17,12,3-star,Rippling Echo,Empyrean Wish
73614,747344,2025-05-20,13,3-star,XSpace Echo,Empyrean Wish
14677,747344,2025-05-28,14,3-star,Limited,Deepspace Wish
79850,747344,2025-06-01,15,3-star,XSpace Echo,Empyrean Wish
92805,747344,2025-06-09,16,3-star,Rippling Echo,Empyrean Wish
78996,747344,2025-06-20,17,3-star,XSpace Echo,Empyrean Wish
50478,747344,2025-06-27,18,3-star,Rippling Echo,Empyrean Wish
66781,747344,2025-07-05,19,3-star,Rippling Echo,Empyrean Wish
15986,747344,2025-07-09,20,4-star,XSpace Echo,Empyrean Wish
77378,747344,2025-07-19,21,3-star,Rippling Echo,Empyrean Wish
10178,747344,2025-07-24,22,3-star,Limited,Deepspace Wish
71078,747344,2025-08-18,23,3-star,Limited,Deepspace Wish
94901,747344,2025-08-19,24,3-star,Limited,Deepspace Wish
54505,747344,2025-08-22,25,3-star,XSpace Echo,Empyrean Wish
38901,747344,2025-08-26,26,3-star,XSpace Echo,Empyrean Wish
24669,747344,2025-08-30,27,3-star,Rippling Echo,Empyrean Wish
65492,747344,2025-09-01,28,3-star,Rippling Echo,Empyrean Wish
88731,747344,2025-09-12,29,3-star,Limited,Deepspace Wish
45234,747344,2025-09-13,30,4-star,Rippling Echo,Empyrean Wish
50642,747344,2025-09-19,31,3-star,XSpace Echo,Empyrean Wish
58411,747344,2025-09-27,32,3-star,Limited,Deepspace Wish
12009,747344,2025-09-28,33,4-star,Rippling Echo,Empyrean Wish
11163,747344,2025-10-02,34,3-star,XSpace Echo,Empyrean Wish
11698,747344,2025-10-02,35,3-star,XSpace Echo,Empyrean Wish
18326,747344,2025-10-02,36,3-star,Limited,Deepspace Wish
17908,747344,2025-10-04,37,3-star,Rippling Echo,Empyrean Wish
84968,747344,2025-10-08,38,3-star,Limited,Deepspace Wish
61726,747344,2025-10-08,39,3-star,XSpace Echo,Empyrean Wish
66171,747344,2025-10-15,40,3-star,Rippling Echo,Empyrean Wish
43178,747344,2025-10-20,41,3-star,XSpace Echo,Empyrean Wish
23642,747344,2025-10-27,42,3-star,Limited,Deepspace Wish
89636,747344,2025-11-09,43,4-star,Rippling Echo,Empyrean Wish
33780,747344,2025-11-10,44,3-star,XSpace Echo,Empyrean Wish
52150,747344,2025-11-12,45,3-star,XSpace Echo,Empyrean Wish
55977,747344,2025-11-17,46,3-star,XSpace Echo,Empyrean Wish
82386,747344,2025-11-20,47,3-star,Limited,Deepspace Wish
54700,747344,2025-11-30,48,3-star,XSpace Echo,Empyrean Wish
82518,747344,2025-12-06,49,3-star,Limited,Deepspace Wish
23512,747344,2025-12-11,50,3-star,Limited,Deepspace Wish
40977,747344,2025-12-21,51,3-star,Limited,Deepspace Wish
61501,747344,2025-12-23,52,3-star,Limited,Deepspace Wish
45061,747344,2025-12-23,53,4-star,Limited,Deepspace Wish
20672,747344,2025-12-23,54,4-star,Limited,Deepspace Wish
88743,747344,2025-12-28,55,3-star,XSpace Echo,Empyrean Wish
54445,747344,2025-12-29,56,4-star,Limited,Deepspace Wish
50604,747344,2025-12-30,57,3-star,Limited,Deepspace Wish
14381,747344,2026-01-01,58,3-star,Limited,Deepspace Wish
39148,336673,2025-12-10,1,3-star,Rippling Echo,Empyrean Wish
70135,336673,2025-12-11,2,3-star,Limited,Deepspace Wish
68665,336673,2025-12-12,3,3-star,XSpace Echo,Empyrean Wish
63919,336673,2025-12-12,4,3-star,Rippling Echo,Empyrean Wish
30912,336673,2025-12-13,5,3-star,Limited,Deepspace Wish
15326,336673,2025-12-14,6,3-star,Limited,Deepspace Wish
56211,336673,2025-12-14,7,3-star,XSpace Echo,Empyrean Wish
93753,336673,2025-12-17,8,3-star,Rippling Echo,Empyrean Wish
96828,336673,2025-12-18,9,3-star,Limited,Deepspace Wish
21557,336673,2025-12-20,10,4-star,Rippling Echo,Empyrean Wish
73817,336673,2025-12-22,11,3-star,XSpace Echo,Empyrean Wish
53166,336673,2025-12-23,12,3-star,XSpace Echo,Empyrean Wish
71725,336673,2025-12-24,13,3-star,XSpace Echo,Empyrean Wish
65498,336673,2025-12-25,14,3-star,Limited,Deepspace Wish
76125,336673,2025-12-28,15,3-star,Limited,Deepspace Wish
95193,336673,2025-12-31,16,4-star,Rippling Echo,Empyrean Wish
14001,782989,2025-11-19,1,3-star,Rippling Echo,Empyrean Wish
24974,782989,2025-11-22,2,3-star,Rippling Echo,Empyrean Wish
63414,782989,2025-11-28,3,3-star,Rippling Echo,Empyrean Wish
36374,782989,2025-12-13,4,3-star,XSpace Echo,Empyrean Wish
29654,782989,2025-12-16,5,3-star,Limited,Deepspace Wish
95756,782989,2025-12-18,6,3-star,Limited,Deepspace Wish
11739,782989,2025-12-19,7,4-star,Limited,Deepspace Wish
71330,782989,2025-12-20,8,3-star,XSpace Echo,Empyrean Wish
56012,782989,2025-12-23,9,3-star,XSpace Echo,Empyrean Wish
68032,782989,2025-12-27,10,4-star,Limited,Deepspace Wish
94854,782989,2025-12-31,11,3-star,Rippling Echo,Empyrean Wish
81944,782989,2026-01-01,12,3-star,Limited,Deepspace Wish
59483,119145,2025-09-16,1,4-star,XSpace Echo,Empyrean Wish
15335,119145,2025-09-19,2,3-star,Rippling Echo,Empyrean Wish
29574,119145,2025-09-25,3,3-star,Rippling Echo,Empyrean Wish
68613,119145,2025-09-29,4,3-star,Rippling Echo,Empyrean Wish
29931,119145,2025-10-02,5,3-star,XSpace Echo,Empyrean Wish
40815,119145,2025-10-04,6,3-star,Rippling Echo,Empyrean Wish
49127,119145,2025-10-04,7,4-star,Rippling Echo,Empyrean Wish
66279,119145,2025-10-05,8,3-star,Rippling Echo,Empyrean Wish
32431,119145,2025-10-06,9,3-star,XSpace Echo,Empyrean Wish
75819,119145,2025-10-08,10,3-star,XSpace Echo,Empyrean Wish
27089,119145,2025-10-21,11,4-star,Limited,Deepspace Wish
53476,119145,2025-10-21,12,3-star,XSpace Echo,Empyrean Wish
99075,119145,2025-10-24,13,3-star,Rippling Echo,Empyrean Wish
26508,119145,2025-10-29,14,3-star,Limited,Deepspace Wish
51949,119145,2025-10-31,15,3-star,Limited,Deepspace Wish
66927,119145,2025-11-05,16,3-star,XSpace Echo,Empyrean Wish
80865,119145,2025-11-06,17,3-star,Limited,Deepspace Wish
82272,119145,2025-11-08,18,3-star,Rippling Echo,Empyrean Wish
17234,119145,2025-11-10,19,3-star,Limited,Deepspace Wish
28842,119145,2025-11-14,20,3-star,Limited,Deepspace Wish
41901,119145,2025-11-14,21,4-star,Limited,Deepspace Wish
12994,119145,2025-11-21,22,4-star,Rippling Echo,Empyrean Wish
39120,119145,2025-11-22,23,3-star,Limited,Deepspace Wish
50417,119145,2025-11-22,24,3-star,XSpace Echo,Empyrean Wish
88089,119145,2025-11-23,25,3-star,XSpace Echo,Empyrean Wish
27290,119145,2025-11-23,26,3-star,Limited,Deepspace Wish
32098,119145,2025-11-27,27,4-star,Limited,Deepspace Wish
26346,119145,2025-12-02,28,3-star,Limited,Deepspace Wish
48074,119145,2025-12-02,29,3-star,Rippling Echo,Empyrean Wish
30984,119145,2025-12-09,30,3-star,Limited,Deepspace Wish
73038,119145,2025-12-09,31,3-star,Limited,Deepspace Wish
30348,119145,2025-12-11,32,3-star,Rippling Echo,Empyrean Wish
99516,119145,2025-12-21,33,3-star,XSpace Echo,Empyrean Wish
36046,119145,2025-12-24,34,3-star,XSpace Echo,Empyrean Wish
37839,119145,2025-12-27,35,3-star,Limited,Deepspace Wish
16254,119145,2025-12-28,36,3-star,XSpace Echo,Empyrean Wish
61343,119145,2025-12-31,37,4-star,XSpace Echo,Empyrean Wish
56133,119145,2026-01-01,38,3-star,XSpace Echo,Empyrean Wish
20493,935192,2025-07-08,1,3-star,XSpace Echo,Empyrean Wish
54192,935192,2025-07-08,2,3-star,Rippling Echo,Empyrean Wish
30540,935192,2025-07-12,3,3-star,Limited,Deepspace Wish
32166,935192,2025-07-31,4,3-star,Rippling Echo,Empyrean Wish
32041,935192,2025-09-09,5,3-star,Limited,Deepspace Wish
14553,935192,2025-10-02,6,3-star,Limited,Deepspace Wish
29815,935192,2025-10-20,7,3-star,Limited,Deepspace Wish
97863,935192,2025-11-21,8,3-star,XSpace Echo,Empyrean Wish
54755,935192,2025-12-09,9,3-star,Limited,Deepspace Wish
50337,935192,2025-12-31,10,4-star,Limited,Deepspace Wish
99416,888797,2025-09-17,1,3-star,XSpace Echo,Empyrean Wish
16407,888797,2025-10-06,2,3-star,Limited,Deepspace Wish
22832,888797,2025-10-28,3,3-star,Limited,Deepspace Wish
47125,888797,2025-12-25,4,3-star,Rippling Echo,Empyrean Wish
15624,784131,2025-12-11,1,3-star,XSpace Echo,Empyrean Wish
18930,784131,2025-12-17,2,3-star,XSpace Echo,Empyrean Wish
43126,784131,2025-12-24,3,3-star,Rippling Echo,Empyrean Wish
89014,784131,2025-12-27,4,3-star,Rippling Echo,Empyrean Wish
31527,784131,2025-12-31,5,5-star,XSpace Echo,Empyrean Wish
78997,752173,2025-02-27,1,3-star,Limited,Deepspace Wish
90258,752173,2025-03-02,2,3-star,Limited,Deepspace Wish
66616,752173,2025-05-16,3,3-star,Limited,Deepspace Wish
59206,752173,2025-05-25,4,3-star,Limited,Deepspace Wish
66407,752173,2025-07-23,5,3-star,Limited,Deepspace Wish
31733,752173,2025-09-04,6,3-star,XSpace Echo,Empyrean Wish
47670,733001,2025-01-15,1,5-star,Limited,Deepspace Wish
74302,733001,2025-01-16,2,4-star,XSpace Echo,Empyrean Wish
95709,733001,2025-01-21,3,3-star,Limited,Deepspace Wish
41288,733001,2025-05-06,4,3-star,Limited,Deepspace Wish
83219,301279,2025-07-11,1,3-star,XSpace Echo,Empyrean Wish
57920,301279,2025-08-04,2,4-star,XSpace Echo,Empyrean Wish
52023,301279,2025-08-05,3,3-star,Rippling Echo,Empyrean Wish
29973,301279,2025-09-14,4,4-star,Rippling Echo,Empyrean Wish
12572,301279,2025-09-21,5,3-star,Rippling Echo,Empyrean Wish
89899,301279,2025-09-22,6,3-star,Rippling Echo,Empyrean Wish
80120,301279,2025-10-06,7,3-star,Rippling Echo,Empyrean Wish
51953,301279,2025-10-20,8,3-star,Rippling Echo,Empyrean Wish
23936,301279,2025-10-26,9,4-star,Limited,Deepspace Wish
64801,301279,2025-10-29,10,3-star,Rippling Echo,Empyrean Wish
65036,301279,2025-11-16,11,3-star,Limited,Deepspace Wish
92995,301279,2025-12-08,12,3-star,XSpace Echo,Empyrean Wish
43970,301279,2025-12-08,13,3-star,Rippling Echo,Empyrean Wish
43984,301279,2025-12-19,14,3-star,Limited,Deepspace Wish
92130,301279,2026-01-01,15,3-star,Rippling Echo,Empyrean Wish
89282,320849,2025-06-22,1,3-star,Rippling Echo,Empyrean Wish
28192,320849,2025-08-15,2,3-star,XSpace Echo,Empyrean Wish
24503,320849,2025-09-10,3,3-star,Rippling Echo,Empyrean Wish
41743,320849,2025-11-06,4,3-star,Limited,Deepspace Wish
95546,320849,2025-12-15,5,3-star,Limited,Deepspace Wish
25354,320849,2025-12-18,6,3-star,Limited,Deepspace Wish
97802,211485,2025-04-05,1,3-star,XSpace Echo,Empyrean Wish
87767,211485,2025-05-22,2,3-star,Limited,Deepspace Wish
68127,211485,2025-07-26,3,3-star,Rippling Echo,Empyrean Wish
33621,211485,2025-07-31,4,3-star,Rippling Echo,Empyrean Wish
37867,211485,2025-08-30,5,3-star,XSpace Echo,Empyrean Wish
46724,211485,2025-09-09,6,3-star,XSpace Echo,Empyrean Wish
32873,211485,2025-09-21,7,3-star,Limited,Deepspace Wish
59226,211485,2025-11-22,8,3-star,XSpace Echo,Empyrean Wish
76927,211485,2025-11-24,9,4-star,Rippling Echo,Empyrean Wish
68737,211485,2025-11-25,10,3-star,Limited,Deepspace Wish
68413,211485,2025-12-04,11,3-star,Rippling Echo,Empyrean Wish
37241,211485,2025-12-09,12,3-star,Limited,Deepspace Wish
34123,478328,2025-08-23,1,3-star,Rippling Echo,Empyrean Wish
84886,478328,2025-12-01,2,3-star,Limited,Deepspace Wish
93466,409075,2025-11-20,1,3-star,Rippling Echo,Empyrean Wish
58533,409075,2025-11-21,2,3-star,Rippling Echo,Empyrean Wish
95494,409075,2025-11-30,3,3-star,Rippling Echo,Empyrean Wish
62473,409075,2025-12-01,4,3-star,Rippling Echo,Empyrean Wish
33688,409075,2025-12-06,5,3-star,Limited,Deepspace Wish
12948,409075,2025-12-14,6,3-star,Limited,Deepspace Wish
83345,409075,2025-12-17,7,3-star,Limited,Deepspace Wish
72362,409075,2025-12-24,8,3-star,Rippling Echo,Empyrean Wish
78937,409075,2025-12-24,9,3-star,Limited,Deepspace Wish
66002,801644,2025-01-09,1,3-star,Rippling Echo,Empyrean Wish
67985,801644,2025-01-27,2,3-star,Limited,Deepspace Wish
86282,801644,2025-01-27,3,4-star,XSpace Echo,Empyrean Wish
28865,801644,2025-02-04,4,3-star,XSpace Echo,Empyrean Wish
86638,801644,2025-02-17,5,3-star,Limited,Deepspace Wish
88378,801644,2025-04-19,6,3-star,Limited,Deepspace Wish
57883,801644,2025-05-13,7,3-star,XSpace Echo,Empyrean Wish
79887,801644,2025-06-03,8,3-star,Limited,Deepspace Wish
75177,801644,2025-06-07,9,3-star,XSpace Echo,Empyrean Wish
43992,801644,2025-06-08,10,3-star,Limited,Deepspace Wish
48826,801644,2025-08-12,11,3-star,Limited,Deepspace Wish
48344,801644,2025-09-09,12,3-star,Rippling Echo,Empyrean Wish
96322,801644,2025-09-28,13,4-star,Rippling Echo,Empyrean Wish
37402,801644,2025-09-29,14,3-star,Limited,Deepspace Wish
22238,801644,2025-10-02,15,3-star,Limited,Deepspace Wish
32610,801644,2025-11-09,16,3-star,Limited,Deepspace Wish
45847,801644,2025-11-23,17,3-star,Limited,Deepspace Wish
90260,801644,2025-12-26,18,3-star,Rippling Echo,Empyrean Wish
23242,474358,2025-05-28,1,3-star,XSpace Echo,Empyrean Wish
48609,474358,2025-05-29,2,3-star,XSpace Echo,Empyrean Wish
38241,474358,2025-06-03,3,3-star,Limited,Deepspace Wish
69844,474358,2025-06-16,4,3-star,XSpace Echo,Empyrean Wish
67253,474358,2025-07-07,5,3-star,Rippling Echo,Empyrean Wish
64702,474358,2025-07-07,6,3-star,Limited,Deepspace Wish
88185,474358,2025-07-20,7,3-star,XSpace Echo,Empyrean Wish
32392,474358,2025-07-24,8,3-star,XSpace Echo,Empyrean Wish
21114,474358,2025-07-27,9,3-star,Rippling Echo,Empyrean Wish
37144,474358,2025-07-27,10,4-star,Rippling Echo,Empyrean Wish
99869,474358,2025-08-16,11,3-star,Limited,Deepspace Wish
26825,474358,2025-08-24,12,3-star,XSpace Echo,Empyrean Wish
49922,474358,2025-08-28,13,3-star,Limited,Deepspace Wish
22090,474358,2025-09-17,14,3-star,Rippling Echo,Empyrean Wish
61405,474358,2025-11-03,15,3-star,XSpace Echo,Empyrean Wish
88169,474358,2025-11-05,16,3-star,XSpace Echo,Empyrean Wish
68317,474358,2025-11-26,17,3-star,XSpace Echo,Empyrean Wish
95022,474358,2025-12-04,18,3-star,XSpace Echo,Empyrean Wish
21608,474358,2025-12-06,19,3-star,XSpace Echo,Empyrean Wish
77958,474358,2025-12-24,20,4-star,Rippling Echo,Empyrean Wish
10934,299295,2025-12-19,1,3-star,Limited,Deepspace Wish
43764,299295,2025-12-20,2,3-star,Limited,Deepspace Wish
70456,299295,2025-12-20,3,3-star,Rippling Echo,Empyrean Wish
66250,299295,2025-12-21,4,3-star,XSpace Echo,Empyrean Wish
88391,299295,2025-12-24,5,3-star,Limited,Deepspace Wish
45485,299295,2025-12-25,6,3-star,XSpace Echo,Empyrean Wish
75980,299295,2025-12-27,7,3-star,Limited,Deepspace Wish
36799,299295,2025-12-30,8,3-star,Limited,Deepspace Wish
47362,299295,2025-12-30,9,3-star,Limited,Deepspace Wish
59373,299295,2026-01-01,10,4-star,Rippling Echo,Empyrean Wish
68607,511550,2025-08-17,1,3-star,XSpace Echo,Empyrean Wish
69848,511550,2025-09-13,2,3-star,Rippling Echo,Empyrean Wish
34222,511550,2025-09-20,3,3-star,XSpace Echo,Empyrean Wish
58459,511550,2025-09-21,4,3-star,Rippling Echo,Empyrean Wish
22830,511550,2025-09-22,5,3-star,Rippling Echo,Empyrean Wish
83603,511550,2025-10-13,6,3-star,Rippling Echo,Empyrean Wish
95722,511550,2025-10-17,7,3-star,Rippling Echo,Empyrean Wish
49695,511550,2025-11-03,8,3-star,Limited,Deepspace Wish
52959,511550,2025-11-24,9,3-star,Rippling Echo,Empyrean Wish
62193,511550,2025-11-26,10,4-star,Rippling Echo,Empyrean Wish
32751,511550,2025-12-10,11,3-star,Limited,Deepspace Wish
80445,511550,2025-12-15,12,3-star,XSpace Echo,Empyrean Wish
61752,845261,2025-03-22,1,3-star,XSpace Echo,Empyrean Wish
47621,845261,2025-04-22,2,3-star,Limited,Deepspace Wish
50891,845261,2025-06-02,3,3-star,XSpace Echo,Empyrean Wish
26334,845261,2025-06-02,4,3-star,Limited,Deepspace Wish
65645,845261,2025-06-04,5,3-star,XSpace Echo,Empyrean Wish
68029,679812,2025-05-10,1,3-star,XSpace Echo,Empyrean Wish
77345,679812,2025-05-11,2,3-star,Limited,Deepspace Wish
95602,679812,2025-05-11,3,3-star,XSpace Echo,Empyrean Wish
96894,679812,2025-05-11,4,4-star,Rippling Echo,Empyrean Wish
48226,679812,2025-05-12,5,3-star,XSpace Echo,Empyrean Wish
27298,679812,2025-05-13,6,3-star,XSpace Echo,Empyrean Wish
31748,679812,2025-05-13,7,3-star,Rippling Echo,Empyrean Wish
55201,679812,2025-05-14,8,3-star,Limited,Deepspace Wish
90993,679812,2025-05-18,9,3-star,Limited,Deepspace Wish
59519,679812,2025-05-20,10,3-star,Rippling Echo,Empyrean Wish
39309,679812,2025-05-20,11,4-star,Limited,Deepspace Wish
82767,679812,2025-05-23,12,3-star,Rippling Echo,Empyrean Wish
53274,679812,2025-05-25,13,3-star,Rippling Echo,Empyrean Wish
88390,679812,2025-05-26,14,3-star,XSpace Echo,Empyrean Wish
92818,679812,2025-05-27,15,3-star,Rippling Echo,Empyrean Wish
83109,679812,2025-05-27,16,5-star,Rippling Echo,Empyrean Wish
59158,679812,2025-05-28,17,3-star,Rippling Echo,Empyrean Wish
91760,679812,2025-05-28,18,3-star,Limited,Deepspace Wish
89888,679812,2025-05-30,19,5-star,Limited,Deepspace Wish
94611,679812,2025-05-30,20,3-star,XSpace Echo,Empyrean Wish
74039,679812,2025-06-01,21,3-star,XSpace Echo,Empyrean Wish
55960,679812,2025-06-05,22,3-star,Limited,Deepspace Wish
36919,679812,2025-06-05,23,3-star,Rippling Echo,Empyrean Wish
18710,679812,2025-06-06,24,3-star,Limited,Deepspace Wish
41694,679812,2025-06-07,25,3-star,Rippling Echo,Empyrean Wish
30040,679812,2025-06-09,26,3-star,XSpace Echo,Empyrean Wish
58576,679812,2025-06-10,27,3-star,Limited,Deepspace Wish
78999,679812,2025-06-12,28,3-star,Rippling Echo,Empyrean Wish
10019,679812,2025-06-12,29,4-star,Limited,Deepspace Wish
76147,679812,2025-06-12,30,3-star,Limited,Deepspace Wish
66185,679812,2025-06-13,31,3-star,Limited,Deepspace Wish
70373,679812,2025-06-14,32,3-star,XSpace Echo,Empyrean Wish
52087,679812,2025-06-16,33,3-star,Rippling Echo,Empyrean Wish
23693,679812,2025-06-17,34,3-star,XSpace Echo,Empyrean Wish
11250,679812,2025-06-18,35,3-star,Limited,Deepspace Wish
90918,679812,2025-06-26,36,3-star,Limited,Deepspace Wish
90814,679812,2025-06-26,37,4-star,Rippling Echo,Empyrean Wish
46798,679812,2025-06-30,38,3-star,Limited,Deepspace Wish
82392,679812,2025-07-02,39,3-star,Limited,Deepspace Wish
28914,679812,2025-07-02,40,3-star,Rippling Echo,Empyrean Wish
58465,679812,2025-07-05,41,3-star,XSpace Echo,Empyrean Wish
16266,679812,2025-07-08,42,3-star,Limited,Deepspace Wish
46012,679812,2025-07-08,43,3-star,Rippling Echo,Empyrean Wish
50800,679812,2025-07-08,44,3-star,XSpace Echo,Empyrean Wish
88338,679812,2025-07-15,45,3-star,XSpace Echo,Empyrean Wish
16993,679812,2025-07-15,46,3-star,XSpace Echo,Empyrean Wish
17836,679812,2025-07-20,47,4-star,Rippling Echo,Empyrean Wish
72040,679812,2025-07-20,48,3-star,Limited,Deepspace Wish
95365,679812,2025-07-21,49,3-star,XSpace Echo,Empyrean Wish
41785,679812,2025-07-22,50,3-star,Limited,Deepspace Wish
92401,679812,2025-07-22,51,3-star,XSpace Echo,Empyrean Wish
10999,679812,2025-07-26,52,3-star,XSpace Echo,Empyrean Wish
51413,679812,2025-07-27,53,3-star,XSpace Echo,Empyrean Wish
96880,679812,2025-07-27,54,3-star,Limited,Deepspace Wish
86766,679812,2025-07-27,55,3-star,Limited,Deepspace Wish
83121,679812,2025-07-29,56,3-star,Limited,Deepspace Wish
16439,679812,2025-07-30,57,4-star,Limited,Deepspace Wish
65733,679812,2025-07-30,58,3-star,XSpace Echo,Empyrean Wish
55209,679812,2025-08-01,59,3-star,XSpace Echo,Empyrean Wish
92209,679812,2025-08-01,60,3-star,Limited,Deepspace Wish
47394,679812,2025-08-01,61,3-star,XSpace Echo,Empyrean Wish
78327,679812,2025-08-03,62,3-star,Limited,Deepspace Wish
56714,679812,2025-08-04,63,3-star,Limited,Deepspace Wish
72922,679812,2025-08-04,64,3-star,Limited,Deepspace Wish
81010,679812,2025-08-05,65,3-star,Limited,Deepspace Wish
96703,679812,2025-08-06,66,3-star,Limited,Deepspace Wish
78899,679812,2025-08-06,67,4-star,XSpace Echo,Empyrean Wish
71545,679812,2025-08-08,68,3-star,Limited,Deepspace Wish
58731,679812,2025-08-12,69,3-star,Limited,Deepspace Wish
62816,679812,2025-08-13,70,3-star,XSpace Echo,Empyrean Wish
23938,679812,2025-08-13,71,3-star,Limited,Deepspace Wish
65702,679812,2025-08-17,72,3-star,Limited,Deepspace Wish
11411,679812,2025-08-18,73,3-star,XSpace Echo,Empyrean Wish
36055,679812,2025-08-18,74,4-star,Limited,Deepspace Wish
52340,679812,2025-08-19,75,3-star,XSpace Echo,Empyrean Wish
55437,679812,2025-08-19,76,3-star,Limited,Deepspace Wish
35963,679812,2025-08-20,77,3-star,XSpace Echo,Empyrean Wish
80491,679812,2025-08-21,78,3-star,XSpace Echo,Empyrean Wish
17192,679812,2025-08-22,79,3-star,XSpace Echo,Empyrean Wish
74679,679812,2025-08-22,80,5-star,XSpace Echo,Empyrean Wish
87532,679812,2025-08-24,81,3-star,XSpace Echo,Empyrean Wish
58098,679812,2025-08-28,82,3-star,Limited,Deepspace Wish
57857,679812,2025-08-29,83,3-star,XSpace Echo,Empyrean Wish
10887,679812,2025-08-30,84,3-star,Limited,Deepspace Wish
29478,679812,2025-09-05,85,3-star,Limited,Deepspace Wish
18641,679812,2025-09-06,86,3-star,Limited,Deepspace Wish
14557,679812,2025-09-13,87,3-star,XSpace Echo,Empyrean Wish
39533,679812,2025-09-13,88,3-star,Limited,Deepspace Wish
25940,679812,2025-09-14,89,3-star,XSpace Echo,Empyrean Wish
30948,679812,2025-09-14,90,4-star,XSpace Echo,Empyrean Wish
35147,679812,2025-09-17,91,3-star,Limited,Deepspace Wish
16365,679812,2025-09-19,92,3-star,XSpace Echo,Empyrean Wish
32310,679812,2025-09-21,93,3-star,Limited,Deepspace Wish
55158,679812,2025-09-21,94,3-star,Limited,Deepspace Wish
51494,679812,2025-09-22,95,3-star,Limited,Deepspace Wish
12504,679812,2025-09-24,96,3-star,Limited,Deepspace Wish
51327,679812,2025-09-26,97,3-star,Limited,Deepspace Wish
28359,679812,2025-09-28,98,4-star,XSpace Echo,Empyrean Wish
23031,679812,2025-10-02,99,3-star,Limited,Deepspace Wish
59541,679812,2025-10-02,100,3-star,Limited,Deepspace Wish
94154,679812,2025-10-03,101,3-star,Limited,Deepspace Wish
70720,679812,2025-10-03,102,3-star,XSpace Echo,Empyrean Wish
82063,679812,2025-10-05,103,4-star,Limited,Deepspace Wish
85796,679812,2025-10-05,104,3-star,XSpace Echo,Empyrean Wish
67280,679812,2025-10-05,105,3-star,XSpace Echo,Empyrean Wish
68765,679812,2025-10-07,106,3-star,XSpace Echo,Empyrean Wish
86405,679812,2025-10-07,107,3-star,Limited,Deepspace Wish
95295,679812,2025-10-08,108,3-star,Limited,Deepspace Wish
42242,679812,2025-10-09,109,3-star,XSpace Echo,Empyrean Wish
86052,679812,2025-10-12,110,3-star,Limited,Deepspace Wish
58282,679812,2025-10-13,111,3-star,Limited,Deepspace Wish
39305,679812,2025-10-16,112,3-star,Limited,Deepspace Wish
76415,679812,2025-10-16,113,4-star,Limited,Deepspace Wish
40673,679812,2025-10-18,114,3-star,Limited,Deepspace Wish
11199,679812,2025-10-19,115,3-star,XSpace Echo,Empyrean Wish
68906,679812,2025-10-19,116,3-star,Limited,Deepspace Wish
15909,679812,2025-10-19,117,3-star,Limited,Deepspace Wish
27888,679812,2025-10-22,118,3-star,XSpace Echo,Empyrean Wish
29868,679812,2025-10-24,119,5-star,XSpace Echo,Empyrean Wish
33468,679812,2025-10-27,120,3-star,XSpace Echo,Empyrean Wish
68546,679812,2025-10-31,121,3-star,XSpace Echo,Empyrean Wish
83498,679812,2025-11-03,122,3-star,Limited,Deepspace Wish
29543,679812,2025-11-06,123,3-star,XSpace Echo,Empyrean Wish
87525,679812,2025-11-07,124,3-star,XSpace Echo,Empyrean Wish
94067,679812,2025-11-07,125,3-star,Limited,Deepspace Wish
94512,679812,2025-11-07,126,3-star,Limited,Deepspace Wish
54270,679812,2025-11-10,127,3-star,XSpace Echo,Empyrean Wish
16683,679812,2025-11-10,128,3-star,Limited,Deepspace Wish
95012,679812,2025-11-10,129,4-star,XSpace Echo,Empyrean Wish
54322,679812,2025-11-11,130,4-star,Limited,Deepspace Wish
90834,679812,2025-11-11,131,3-star,XSpace Echo,Empyrean Wish
66337,679812,2025-11-12,132,3-star,Limited,Deepspace Wish
90926,679812,2025-11-13,133,3-star,XSpace Echo,Empyrean Wish
81094,679812,2025-11-15,134,3-star,XSpace Echo,Empyrean Wish
28913,679812,2025-11-16,135,3-star,XSpace Echo,Empyrean Wish
12626,679812,2025-11-16,136,3-star,XSpace Echo,Empyrean Wish
62188,679812,2025-11-16,137,3-star,XSpace Echo,Empyrean Wish
92221,679812,2025-11-17,138,3-star,XSpace Echo,Empyrean Wish
14261,679812,2025-11-20,139,3-star,Limited,Deepspace Wish
11973,679812,2025-11-21,140,4-star,XSpace Echo,Empyrean Wish
87318,679812,2025-11-22,141,3-star,XSpace Echo,Empyrean Wish
28336,679812,2025-11-25,142,3-star,Limited,Deepspace Wish
92014,679812,2025-11-27,143,3-star,XSpace Echo,Empyrean Wish
13778,679812,2025-11-28,144,3-star,XSpace Echo,Empyrean Wish
74511,679812,2025-12-03,145,3-star,Limited,Deepspace Wish
84438,679812,2025-12-05,146,3-star,Limited,Deepspace Wish
45401,679812,2025-12-06,147,3-star,XSpace Echo,Empyrean Wish
23882,679812,2025-12-12,148,3-star,XSpace Echo,Empyrean Wish
55039,679812,2025-12-12,149,3-star,XSpace Echo,Empyrean Wish
32815,679812,2025-12-13,150,4-star,XSpace Echo,Empyrean Wish
79315,679812,2025-12-14,151,3-star,Limited,Deepspace Wish
60629,679812,2025-12-18,152,3-star,Limited,Deepspace Wish
75432,679812,2025-12-18,153,3-star,Limited,Deepspace Wish
94297,679812,2025-12-25,154,3-star,Limited,Deepspace Wish
57402,679812,2025-12-25,155,3-star,Limited,Deepspace Wish
74895,679812,2025-12-25,156,3-star,Limited,Deepspace Wish
78107,679812,2025-12-25,157,3-star,Limited,Deepspace Wish
90281,679812,2025-12-25,158,3-star,XSpace Echo,Empyrean Wish
28639,679812,2025-12-25,159,3-star,Limited,Deepspace Wish
98646,679812,2025-12-26,160,4-star,Limited,Deepspace Wish
20096,679812,2025-12-28,161,3-star,Limited,Deepspace Wish
43527,679812,2025-12-29,162,3-star,Limited,Deepspace Wish
66908,807218,2025-12-10,1,4-star,Rippling Echo,Empyrean Wish
18229,807218,2025-12-10,2,3-star,Rippling Echo,Empyrean Wish
91647,807218,2025-12-10,3,3-star,Rippling Echo,Empyrean Wish
93883,807218,2025-12-11,4,3-star,Rippling Echo,Empyrean Wish
49981,807218,2025-12-11,5,3-star,XSpace Echo,Empyrean Wish
91203,807218,2025-12-11,6,3-star,Limited,Deepspace Wish
99077,807218,2025-12-12,7,3-star,Limited,Deepspace Wish
27864,807218,2025-12-12,8,3-star,Rippling Echo,Empyrean Wish
38779,807218,2025-12-13,9,3-star,Rippling Echo,Empyrean Wish
51016,807218,2025-12-13,10,3-star,Limited,Deepspace Wish
14379,807218,2025-12-16,11,4-star,Rippling Echo,Empyrean Wish
31764,807218,2025-12-16,12,3-star,Limited,Deepspace Wish
34265,807218,2025-12-17,13,3-star,Rippling Echo,Empyrean Wish
93603,807218,2025-12-17,14,3-star,Limited,Deepspace Wish
97434,807218,2025-12-18,15,3-star,Rippling Echo,Empyrean Wish
69572,807218,2025-12-19,16,3-star,Limited,Deepspace Wish
86434,807218,2025-12-19,17,4-star,Rippling Echo,Empyrean Wish
82245,807218,2025-12-19,18,3-star,Rippling Echo,Empyrean Wish
48895,807218,2025-12-19,19,3-star,Limited,Deepspace Wish
46379,807218,2025-12-22,20,3-star,Limited,Deepspace Wish
32950,807218,2025-12-23,21,3-star,XSpace Echo,Empyrean Wish
68606,807218,2025-12-24,22,3-star,Limited,Deepspace Wish
36487,807218,2025-12-25,23,3-star,Rippling Echo,Empyrean Wish
25193,807218,2025-12-26,24,3-star,Limited,Deepspace Wish
25127,807218,2025-12-27,25,3-star,Limited,Deepspace Wish
99401,807218,2025-12-28,26,3-star,Limited,Deepspace Wish
90531,807218,2025-12-29,27,4-star,XSpace Echo,Empyrean Wish
61214,807218,2025-12-31,28,3-star,Limited,Deepspace Wish
31517,807218,2025-12-31,29,3-star,Limited,Deepspace Wish
60208,807218,2025-12-31,30,3-star,XSpace Echo,Empyrean Wish
56473,807218,2026-01-01,31,3-star,Limited,Deepspace Wish
86502,814699,2025-10-11,1,3-star,Rippling Echo,Empyrean Wish
27642,814699,2025-10-11,2,4-star,Rippling Echo,Empyrean Wish
31640,814699,2025-10-11,3,3-star,Limited,Deepspace Wish
94823,814699,2025-10-12,4,3-star,Limited,Deepspace Wish
70112,814699,2025-10-12,5,3-star,Limited,Deepspace Wish
98531,814699,2025-10-12,6,3-star,Rippling Echo,Empyrean Wish
20415,814699,2025-10-12,7,3-star,Limited,Deepspace Wish
13432,814699,2025-10-12,8,3-star,XSpace Echo,Empyrean Wish
53821,814699,2025-10-12,9,3-star,Limited,Deepspace Wish
75246,814699,2025-10-12,10,3-star,Limited,Deepspace Wish
95277,814699,2025-10-12,11,3-star,Rippling Echo,Empyrean Wish
80211,814699,2025-10-13,12,4-star,Limited,Deepspace Wish
31838,814699,2025-10-13,13,3-star,Limited,Deepspace Wish
83114,814699,2025-10-13,14,3-star,XSpace Echo,Empyrean Wish
92034,814699,2025-10-13,15,3-star,Limited,Deepspace Wish
38212,814699,2025-10-13,16,3-star,Limited,Deepspace Wish
83697,814699,2025-10-13,17,3-star,XSpace Echo,Empyrean Wish
61766,814699,2025-10-13,18,3-star,Limited,Deepspace Wish
65039,814699,2025-10-14,19,3-star,Rippling Echo,Empyrean Wish
53322,814699,2025-10-14,20,3-star,Rippling Echo,Empyrean Wish
82252,814699,2025-10-14,21,3-star,Limited,Deepspace Wish
50272,814699,2025-10-14,22,4-star,XSpace Echo,Empyrean Wish
64539,814699,2025-10-14,23,3-star,Limited,Deepspace Wish
52113,814699,2025-10-14,24,3-star,Limited,Deepspace Wish
72538,814699,2025-10-15,25,3-star,XSpace Echo,Empyrean Wish
98687,814699,2025-10-15,26,3-star,XSpace Echo,Empyrean Wish
52176,814699,2025-10-15,27,3-star,Limited,Deepspace Wish
87230,814699,2025-10-15,28,3-star,Limited,Deepspace Wish
95958,814699,2025-10-15,29,3-star,Rippling Echo,Empyrean Wish
75487,814699,2025-10-16,30,3-star,Limited,Deepspace Wish
55167,814699,2025-10-16,31,3-star,XSpace Echo,Empyrean Wish
90228,814699,2025-10-16,32,4-star,XSpace Echo,Empyrean Wish
71765,814699,2025-10-16,33,3-star,XSpace Echo,Empyrean Wish
17308,814699,2025-10-17,34,4-star,XSpace Echo,Empyrean Wish
71290,814699,2025-10-17,35,3-star,XSpace Echo,Empyrean Wish
82285,814699,2025-10-17,36,3-star,XSpace Echo,Empyrean Wish
55298,814699,2025-10-17,37,3-star,Rippling Echo,Empyrean Wish
70069,814699,2025-10-17,38,3-star,Rippling Echo,Empyrean Wish
93827,814699,2025-10-17,39,3-star,Rippling Echo,Empyrean Wish
43965,814699,2025-10-17,40,3-star,XSpace Echo,Empyrean Wish
13260,814699,2025-10-17,41,3-star,XSpace Echo,Empyrean Wish
51679,814699,2025-10-17,42,3-star,Limited,Deepspace Wish
41103,814699,2025-10-17,43,3-star,Rippling Echo,Empyrean Wish
47502,814699,2025-10-17,44,4-star,Limited,Deepspace Wish
35583,814699,2025-10-18,45,3-star,Limited,Deepspace Wish
11808,814699,2025-10-18,46,3-star,Rippling Echo,Empyrean Wish
84208,814699,2025-10-18,47,3-star,Rippling Echo,Empyrean Wish
80806,814699,2025-10-18,48,3-star,XSpace Echo,Empyrean Wish
72993,814699,2025-10-19,49,3-star,Rippling Echo,Empyrean Wish
55183,814699,2025-10-19,50,3-star,Rippling Echo,Empyrean Wish
24952,814699,2025-10-19,51,3-star,Limited,Deepspace Wish
15092,814699,2025-10-19,52,3-star,XSpace Echo,Empyrean Wish
51653,814699,2025-10-19,53,3-star,Limited,Deepspace Wish
10177,814699,2025-10-19,54,4-star,Limited,Deepspace Wish
51820,814699,2025-10-20,55,3-star,XSpace Echo,Empyrean Wish
82056,814699,2025-10-20,56,3-star,Limited,Deepspace Wish
83328,814699,2025-10-20,57,3-star,Limited,Deepspace Wish
28475,814699,2025-10-21,58,3-star,XSpace Echo,Empyrean Wish
69723,814699,2025-10-21,59,3-star,Limited,Deepspace Wish
42548,814699,2025-10-21,60,3-star,XSpace Echo,Empyrean Wish
36178,814699,2025-10-21,61,3-star,XSpace Echo,Empyrean Wish
96959,814699,2025-10-21,62,3-star,Limited,Deepspace Wish
25541,814699,2025-10-22,63,3-star,XSpace Echo,Empyrean Wish
19508,814699,2025-10-22,64,5-star,Limited,Deepspace Wish
68137,814699,2025-10-22,65,3-star,Limited,Deepspace Wish
19462,814699,2025-10-23,66,3-star,Limited,Deepspace Wish
12703,814699,2025-10-23,67,5-star,XSpace Echo,Empyrean Wish
31144,814699,2025-10-23,68,3-star,Limited,Deepspace Wish
53964,814699,2025-10-23,69,3-star,XSpace Echo,Empyrean Wish
72280,814699,2025-10-23,70,3-star,XSpace Echo,Empyrean Wish
80452,814699,2025-10-24,71,3-star,Limited,Deepspace Wish
55327,814699,2025-10-24,72,5-star,XSpace Echo,Empyrean Wish
51741,814699,2025-10-24,73,3-star,XSpace Echo,Empyrean Wish
29117,814699,2025-10-24,74,3-star,XSpace Echo,Empyrean Wish
60984,814699,2025-10-24,75,3-star,XSpace Echo,Empyrean Wish
66039,814699,2025-10-24,76,3-star,Limited,Deepspace Wish
85277,814699,2025-10-25,77,4-star,Limited,Deepspace Wish
93949,814699,2025-10-25,78,3-star,XSpace Echo,Empyrean Wish
36626,814699,2025-10-25,79,3-star,XSpace Echo,Empyrean Wish
47947,814699,2025-10-25,80,3-star,XSpace Echo,Empyrean Wish
86274,814699,2025-10-25,81,3-star,XSpace Echo,Empyrean Wish
50999,814699,2025-10-26,82,3-star,Limited,Deepspace Wish
79702,814699,2025-10-26,83,3-star,Limited,Deepspace Wish
56082,814699,2025-10-26,84,3-star,Limited,Deepspace Wish
11844,814699,2025-10-26,85,3-star,Limited,Deepspace Wish
37888,814699,2025-10-26,86,3-star,Limited,Deepspace Wish
45606,814699,2025-10-26,87,4-star,XSpace Echo,Empyrean Wish
44480,814699,2025-10-27,88,3-star,Limited,Deepspace Wish
56415,814699,2025-10-27,89,4-star,XSpace Echo,Empyrean Wish
87735,814699,2025-10-27,90,3-star,Limited,Deepspace Wish
45976,814699,2025-10-28,91,3-star,Limited,Deepspace Wish
86214,814699,2025-10-28,92,4-star,Limited,Deepspace Wish
28910,814699,2025-10-28,93,3-star,Limited,Deepspace Wish
46991,814699,2025-10-28,94,3-star,Limited,Deepspace Wish
15623,814699,2025-10-29,95,3-star,Limited,Deepspace Wish
62103,814699,2025-10-29,96,3-star,Limited,Deepspace Wish
45361,814699,2025-10-29,97,3-star,Limited,Deepspace Wish
84687,814699,2025-10-29,98,3-star,Limited,Deepspace Wish
32291,814699,2025-10-29,99,3-star,Limited,Deepspace Wish
90498,814699,2025-10-30,100,4-star,Limited,Deepspace Wish
96967,814699,2025-10-30,101,3-star,Limited,Deepspace Wish
66050,814699,2025-10-31,102,3-star,XSpace Echo,Empyrean Wish
11878,814699,2025-10-31,103,3-star,Limited,Deepspace Wish
46323,814699,2025-11-01,104,3-star,XSpace Echo,Empyrean Wish
76518,814699,2025-11-01,105,3-star,Limited,Deepspace Wish
20542,814699,2025-11-01,106,4-star,XSpace Echo,Empyrean Wish
64853,814699,2025-11-01,107,3-star,Limited,Deepspace Wish
96819,814699,2025-11-01,108,3-star,Limited,Deepspace Wish
67704,814699,2025-11-01,109,3-star,Limited,Deepspace Wish
40911,814699,2025-11-01,110,3-star,XSpace Echo,Empyrean Wish
67825,814699,2025-11-01,111,3-star,XSpace Echo,Empyrean Wish
79567,814699,2025-11-01,112,3-star,Limited,Deepspace Wish
87454,814699,2025-11-01,113,3-star,XSpace Echo,Empyrean Wish
70883,814699,2025-11-02,114,3-star,Limited,Deepspace Wish
14137,814699,2025-11-02,115,3-star,XSpace Echo,Empyrean Wish
78702,814699,2025-11-02,116,4-star,Limited,Deepspace Wish
79695,814699,2025-11-02,117,3-star,Limited,Deepspace Wish
87034,814699,2025-11-02,118,3-star,XSpace Echo,Empyrean Wish
38497,814699,2025-11-02,119,3-star,XSpace Echo,Empyrean Wish
27064,814699,2025-11-02,120,3-star,Limited,Deepspace Wish
43566,814699,2025-11-02,121,3-star,Limited,Deepspace Wish
93041,814699,2025-11-02,122,3-star,Limited,Deepspace Wish
42275,814699,2025-11-02,123,3-star,Limited,Deepspace Wish
95399,814699,2025-11-02,124,3-star,XSpace Echo,Empyrean Wish
37913,814699,2025-11-03,125,3-star,Limited,Deepspace Wish
40008,814699,2025-11-03,126,4-star,Limited,Deepspace Wish
88972,814699,2025-11-03,127,3-star,Limited,Deepspace Wish
86334,814699,2025-11-03,128,3-star,XSpace Echo,Empyrean Wish
21281,814699,2025-11-04,129,3-star,XSpace Echo,Empyrean Wish
34678,814699,2025-11-04,130,3-star,XSpace Echo,Empyrean Wish
13059,814699,2025-11-04,131,3-star,XSpace Echo,Empyrean Wish
52632,814699,2025-11-04,132,3-star,XSpace Echo,Empyrean Wish
28165,814699,2025-11-05,133,3-star,XSpace Echo,Empyrean Wish
45216,814699,2025-11-05,134,3-star,Limited,Deepspace Wish
64475,814699,2025-11-05,135,3-star,XSpace Echo,Empyrean Wish
49841,814699,2025-11-05,136,5-star,XSpace Echo,Empyrean Wish
13398,814699,2025-11-06,137,3-star,XSpace Echo,Empyrean Wish
71904,814699,2025-11-06,138,3-star,XSpace Echo,Empyrean Wish
52556,814699,2025-11-06,139,3-star,XSpace Echo,Empyrean Wish
11325,814699,2025-11-06,140,3-star,Limited,Deepspace Wish
76876,814699,2025-11-07,141,3-star,XSpace Echo,Empyrean Wish
59274,814699,2025-11-07,142,3-star,Limited,Deepspace Wish
91324,814699,2025-11-07,143,3-star,XSpace Echo,Empyrean Wish
74375,814699,2025-11-07,144,3-star,Limited,Deepspace Wish
79856,814699,2025-11-07,145,3-star,XSpace Echo,Empyrean Wish
15029,814699,2025-11-07,146,4-star,Limited,Deepspace Wish
45385,814699,2025-11-08,147,3-star,Limited,Deepspace Wish
51222,814699,2025-11-08,148,3-star,XSpace Echo,Empyrean Wish
22865,814699,2025-11-08,149,3-star,Limited,Deepspace Wish
96253,814699,2025-11-09,150,3-star,XSpace Echo,Empyrean Wish
33175,814699,2025-11-09,151,3-star,Limited,Deepspace Wish
31211,814699,2025-11-09,152,3-star,XSpace Echo,Empyrean Wish
98916,814699,2025-11-09,153,3-star,XSpace Echo,Empyrean Wish
85205,814699,2025-11-09,154,3-star,XSpace Echo,Empyrean Wish
37004,814699,2025-11-10,155,3-star,XSpace Echo,Empyrean Wish
26010,814699,2025-11-10,156,4-star,Limited,Deepspace Wish
94091,814699,2025-11-10,157,3-star,Limited,Deepspace Wish
55029,814699,2025-11-10,158,3-star,XSpace Echo,Empyrean Wish
90144,814699,2025-11-10,159,5-star,Limited,Deepspace Wish
36109,814699,2025-11-11,160,3-star,Limited,Deepspace Wish
15739,814699,2025-11-11,161,3-star,XSpace Echo,Empyrean Wish
51458,814699,2025-11-11,162,3-star,Limited,Deepspace Wish
59881,814699,2025-11-12,163,3-star,XSpace Echo,Empyrean Wish
36188,814699,2025-11-12,164,3-star,Limited,Deepspace Wish
24120,814699,2025-11-12,165,3-star,Limited,Deepspace Wish
27443,814699,2025-11-12,166,3-star,Limited,Deepspace Wish
55930,814699,2025-11-13,167,3-star,XSpace Echo,Empyrean Wish
30772,814699,2025-11-13,168,3-star,Limited,Deepspace Wish
87421,814699,2025-11-13,169,4-star,Limited,Deepspace Wish
88084,814699,2025-11-13,170,4-star,Limited,Deepspace Wish
17300,814699,2025-11-14,171,3-star,Limited,Deepspace Wish
44606,814699,2025-11-14,172,3-star,Limited,Deepspace Wish
65012,814699,2025-11-14,173,3-star,Limited,Deepspace Wish
90427,814699,2025-11-14,174,3-star,XSpace Echo,Empyrean Wish
95763,814699,2025-11-15,175,3-star,Limited,Deepspace Wish
72072,814699,2025-11-15,176,3-star,Limited,Deepspace Wish
83854,814699,2025-11-15,177,3-star,XSpace Echo,Empyrean Wish
34590,814699,2025-11-15,178,3-star,XSpace Echo,Empyrean Wish
30490,814699,2025-11-16,179,4-star,XSpace Echo,Empyrean Wish
66444,814699,2025-11-16,180,3-star,Limited,Deepspace Wish
93535,814699,2025-11-16,181,4-star,Limited,Deepspace Wish
16617,814699,2025-11-16,182,3-star,XSpace Echo,Empyrean Wish
20097,814699,2025-11-16,183,3-star,Limited,Deepspace Wish
52243,814699,2025-11-17,184,3-star,Limited,Deepspace Wish
22425,814699,2025-11-17,185,3-star,XSpace Echo,Empyrean Wish
71810,814699,2025-11-17,186,3-star,XSpace Echo,Empyrean Wish
51472,814699,2025-11-17,187,3-star,Limited,Deepspace Wish
20846,814699,2025-11-17,188,3-star,XSpace Echo,Empyrean Wish
97783,814699,2025-11-17,189,3-star,XSpace Echo,Empyrean Wish
93881,814699,2025-11-18,190,3-star,Limited,Deepspace Wish
80720,814699,2025-11-18,191,4-star,XSpace Echo,Empyrean Wish
70509,814699,2025-11-18,192,4-star,XSpace Echo,Empyrean Wish
93885,814699,2025-11-18,193,3-star,Limited,Deepspace Wish
15708,814699,2025-11-18,194,3-star,Limited,Deepspace Wish
37805,814699,2025-11-18,195,3-star,Limited,Deepspace Wish
32190,814699,2025-11-19,196,3-star,XSpace Echo,Empyrean Wish
98011,814699,2025-11-19,197,3-star,Limited,Deepspace Wish
66671,814699,2025-11-19,198,3-star,XSpace Echo,Empyrean Wish
43597,814699,2025-11-19,199,3-star,Limited,Deepspace Wish
35699,814699,2025-11-19,200,3-star,Limited,Deepspace Wish
52381,814699,2025-11-20,201,3-star,Limited,Deepspace Wish
89476,814699,2025-11-20,202,4-star,Limited,Deepspace Wish
79329,814699,2025-11-20,203,3-star,Limited,Deepspace Wish
12840,814699,2025-11-21,204,3-star,XSpace Echo,Empyrean Wish
90615,814699,2025-11-21,205,3-star,XSpace Echo,Empyrean Wish
51577,814699,2025-11-21,206,3-star,XSpace Echo,Empyrean Wish
26834,814699,2025-11-21,207,3-star,Limited,Deepspace Wish
87938,814699,2025-11-21,208,3-star,XSpace Echo,Empyrean Wish
58580,814699,2025-11-21,209,3-star,XSpace Echo,Empyrean Wish
99784,814699,2025-11-21,210,3-star,XSpace Echo,Empyrean Wish
34068,814699,2025-11-22,211,3-star,Limited,Deepspace Wish
14397,814699,2025-11-22,212,4-star,Limited,Deepspace Wish
69668,814699,2025-11-22,213,3-star,Limited,Deepspace Wish
82781,814699,2025-11-23,214,3-star,Limited,Deepspace Wish
50607,814699,2025-11-23,215,3-star,XSpace Echo,Empyrean Wish
62507,814699,2025-11-23,216,3-star,Limited,Deepspace Wish
21552,814699,2025-11-24,217,3-star,Limited,Deepspace Wish
15485,814699,2025-11-24,218,3-star,XSpace Echo,Empyrean Wish
61852,814699,2025-11-24,219,3-star,Limited,Deepspace Wish
44471,814699,2025-11-24,220,3-star,XSpace Echo,Empyrean Wish
65758,814699,2025-11-24,221,3-star,Limited,Deepspace Wish
53996,814699,2025-11-25,222,4-star,Limited,Deepspace Wish
96142,814699,2025-11-25,223,5-star,Limited,Deepspace Wish
62303,814699,2025-11-25,224,3-star,XSpace Echo,Empyrean Wish
96931,814699,2025-11-25,225,3-star,Limited,Deepspace Wish
93845,814699,2025-11-25,226,3-star,Limited,Deepspace Wish
84231,814699,2025-11-26,227,3-star,XSpace Echo,Empyrean Wish
51172,814699,2025-11-26,228,3-star,Limited,Deepspace Wish
25858,814699,2025-11-26,229,3-star,XSpace Echo,Empyrean Wish
77813,814699,2025-11-26,230,3-star,Limited,Deepspace Wish
95523,814699,2025-11-26,231,3-star,Limited,Deepspace Wish
96452,814699,2025-11-27,232,3-star,XSpace Echo,Empyrean Wish
96152,814699,2025-11-27,233,4-star,Limited,Deepspace Wish
31393,814699,2025-11-28,234,3-star,Limited,Deepspace Wish
67009,814699,2025-11-28,235,3-star,Limited,Deepspace Wish
80670,814699,2025-11-28,236,3-star,Limited,Deepspace Wish
55844,814699,2025-11-29,237,3-star,Limited,Deepspace Wish
41080,814699,2025-11-29,238,3-star,Limited,Deepspace Wish
35588,814699,2025-11-30,239,3-star,XSpace Echo,Empyrean Wish
93866,814699,2025-11-30,240,3-star,Limited,Deepspace Wish
68443,814699,2025-11-30,241,3-star,Limited,Deepspace Wish
45677,814699,2025-11-30,242,3-star,XSpace Echo,Empyrean Wish
34304,814699,2025-11-30,243,4-star,Limited,Deepspace Wish
82183,814699,2025-11-30,244,5-star,XSpace Echo,Empyrean Wish
85942,814699,2025-11-30,245,4-star,Limited,Deepspace Wish
98858,814699,2025-12-01,246,3-star,Limited,Deepspace Wish
94349,814699,2025-12-01,247,3-star,XSpace Echo,Empyrean Wish
25192,814699,2025-12-01,248,3-star,Limited,Deepspace Wish
52836,814699,2025-12-01,249,3-star,Limited,Deepspace Wish
83000,814699,2025-12-01,250,3-star,Limited,Deepspace Wish
39570,814699,2025-12-02,251,3-star,Limited,Deepspace Wish
42036,814699,2025-12-02,252,3-star,XSpace Echo,Empyrean Wish
49366,814699,2025-12-02,253,3-star,XSpace Echo,Empyrean Wish
66687,814699,2025-12-02,254,3-star,Limited,Deepspace Wish
78738,814699,2025-12-02,255,4-star,XSpace Echo,Empyrean Wish
97681,814699,2025-12-03,256,4-star,XSpace Echo,Empyrean Wish
50267,814699,2025-12-03,257,3-star,Limited,Deepspace Wish
38372,814699,2025-12-03,258,3-star,Limited,Deepspace Wish
55375,814699,2025-12-04,259,3-star,Limited,Deepspace Wish
88580,814699,2025-12-04,260,3-star,XSpace Echo,Empyrean Wish
56977,814699,2025-12-04,261,3-star,Limited,Deepspace Wish
87080,814699,2025-12-04,262,3-star,Limited,Deepspace Wish
21883,814699,2025-12-04,263,3-star,Limited,Deepspace Wish
24077,814699,2025-12-04,264,3-star,XSpace Echo,Empyrean Wish
26575,814699,2025-12-04,265,3-star,Limited,Deepspace Wish
13598,814699,2025-12-04,266,4-star,Limited,Deepspace Wish
50116,814699,2025-12-04,267,3-star,XSpace Echo,Empyrean Wish
17680,814699,2025-12-05,268,3-star,Limited,Deepspace Wish
22370,814699,2025-12-05,269,3-star,Limited,Deepspace Wish
63576,814699,2025-12-05,270,3-star,Limited,Deepspace Wish
99985,814699,2025-12-05,271,3-star,Limited,Deepspace Wish
65261,814699,2025-12-05,272,3-star,Limited,Deepspace Wish
50781,814699,2025-12-06,273,3-star,XSpace Echo,Empyrean Wish
61284,814699,2025-12-06,274,3-star,XSpace Echo,Empyrean Wish
99952,814699,2025-12-06,275,3-star,Limited,Deepspace Wish
98585,814699,2025-12-06,276,4-star,XSpace Echo,Empyrean Wish
19522,814699,2025-12-06,277,3-star,Limited,Deepspace Wish
99768,814699,2025-12-06,278,3-star,XSpace Echo,Empyrean Wish
93600,814699,2025-12-06,279,3-star,Limited,Deepspace Wish
42703,814699,2025-12-06,280,3-star,XSpace Echo,Empyrean Wish
24128,814699,2025-12-07,281,3-star,Limited,Deepspace Wish
82631,814699,2025-12-07,282,3-star,XSpace Echo,Empyrean Wish
19534,814699,2025-12-07,283,3-star,XSpace Echo,Empyrean Wish
37448,814699,2025-12-07,284,3-star,Limited,Deepspace Wish
26428,814699,2025-12-08,285,3-star,Limited,Deepspace Wish
62015,814699,2025-12-08,286,4-star,XSpace Echo,Empyrean Wish
72160,814699,2025-12-08,287,3-star,XSpace Echo,Empyrean Wish
77452,814699,2025-12-08,288,3-star,XSpace Echo,Empyrean Wish
97882,814699,2025-12-08,289,3-star,Limited,Deepspace Wish
29882,814699,2025-12-08,290,3-star,Limited,Deepspace Wish
19987,814699,2025-12-09,291,3-star,Limited,Deepspace Wish
15373,814699,2025-12-09,292,3-star,Limited,Deepspace Wish
49908,814699,2025-12-09,293,3-star,Limited,Deepspace Wish
62686,814699,2025-12-09,294,3-star,XSpace Echo,Empyrean Wish
41357,814699,2025-12-09,295,3-star,Limited,Deepspace Wish
85249,814699,2025-12-10,296,4-star,XSpace Echo,Empyrean Wish
11980,814699,2025-12-10,297,4-star,Limited,Deepspace Wish
42740,814699,2025-12-10,298,3-star,XSpace Echo,Empyrean Wish
82579,814699,2025-12-10,299,3-star,Limited,Deepspace Wish
63142,814699,2025-12-11,300,3-star,Limited,Deepspace Wish
86219,814699,2025-12-11,301,3-star,XSpace Echo,Empyrean Wish
52431,814699,2025-12-11,302,3-star,Limited,Deepspace Wish
45742,814699,2025-12-11,303,3-star,XSpace Echo,Empyrean Wish
83615,814699,2025-12-11,304,3-star,XSpace Echo,Empyrean Wish
14214,814699,2025-12-11,305,3-star,XSpace Echo,Empyrean Wish
75247,814699,2025-12-12,306,3-star,Limited,Deepspace Wish
84487,814699,2025-12-12,307,4-star,Limited,Deepspace Wish
55331,814699,2025-12-12,308,3-star,Limited,Deepspace Wish
84920,814699,2025-12-12,309,3-star,XSpace Echo,Empyrean Wish
63392,814699,2025-12-13,310,3-star,Limited,Deepspace Wish
12905,814699,2025-12-13,311,3-star,Limited,Deepspace Wish
23522,814699,2025-12-13,312,5-star,Limited,Deepspace Wish
50748,814699,2025-12-13,313,3-star,Limited,Deepspace Wish
41874,814699,2025-12-13,314,3-star,XSpace Echo,Empyrean Wish
18445,814699,2025-12-13,315,3-star,XSpace Echo,Empyrean Wish
52152,814699,2025-12-13,316,3-star,Limited,Deepspace Wish
65081,814699,2025-12-14,317,3-star,XSpace Echo,Empyrean Wish
13537,814699,2025-12-14,318,3-star,Limited,Deepspace Wish
96408,814699,2025-12-14,319,3-star,Limited,Deepspace Wish
40128,814699,2025-12-14,320,3-star,XSpace Echo,Empyrean Wish
17335,814699,2025-12-14,321,3-star,Limited,Deepspace Wish
57385,814699,2025-12-14,322,4-star,XSpace Echo,Empyrean Wish
88967,814699,2025-12-14,323,3-star,XSpace Echo,Empyrean Wish
35079,814699,2025-12-14,324,3-star,XSpace Echo,Empyrean Wish
41115,814699,2025-12-14,325,3-star,Limited,Deepspace Wish
53736,814699,2025-12-14,326,3-star,XSpace Echo,Empyrean Wish
45145,814699,2025-12-15,327,3-star,XSpace Echo,Empyrean Wish
19988,814699,2025-12-15,328,3-star,Limited,Deepspace Wish
54041,814699,2025-12-16,329,3-star,Limited,Deepspace Wish
91418,814699,2025-12-16,330,3-star,Limited,Deepspace Wish
23557,814699,2025-12-16,331,3-star,Limited,Deepspace Wish
15762,814699,2025-12-16,332,4-star,XSpace Echo,Empyrean Wish
25687,814699,2025-12-16,333,3-star,Limited,Deepspace Wish
39833,814699,2025-12-16,334,3-star,Limited,Deepspace Wish
97582,814699,2025-12-16,335,3-star,XSpace Echo,Empyrean Wish
19914,814699,2025-12-17,336,3-star,Limited,Deepspace Wish
48857,814699,2025-12-17,337,5-star,XSpace Echo,Empyrean Wish
72002,814699,2025-12-17,338,3-star,XSpace Echo,Empyrean Wish
69493,814699,2025-12-17,339,3-star,Limited,Deepspace Wish
85238,814699,2025-12-17,340,4-star,Limited,Deepspace Wish
93721,814699,2025-12-18,341,3-star,Limited,Deepspace Wish
58943,814699,2025-12-18,342,3-star,Limited,Deepspace Wish
58664,814699,2025-12-18,343,3-star,Limited,Deepspace Wish
99013,814699,2025-12-18,344,3-star,Limited,Deepspace Wish
52069,814699,2025-12-18,345,3-star,Limited,Deepspace Wish
39527,814699,2025-12-18,346,3-star,Limited,Deepspace Wish
73111,814699,2025-12-18,347,3-star,Limited,Deepspace Wish
11871,814699,2025-12-18,348,3-star,XSpace Echo,Empyrean Wish
38387,814699,2025-12-18,349,3-star,Limited,Deepspace Wish
71201,814699,2025-12-19,350,4-star,XSpace Echo,Empyrean Wish
83119,814699,2025-12-19,351,3-star,Limited,Deepspace Wish
33893,814699,2025-12-19,352,3-star,XSpace Echo,Empyrean Wish
15743,814699,2025-12-19,353,3-star,Limited,Deepspace Wish
47158,814699,2025-12-19,354,3-star,Limited,Deepspace Wish
91730,814699,2025-12-20,355,3-star,XSpace Echo,Empyrean Wish
24019,814699,2025-12-20,356,3-star,Limited,Deepspace Wish
26904,814699,2025-12-21,357,4-star,Limited,Deepspace Wish
21593,814699,2025-12-21,358,3-star,Limited,Deepspace Wish
22871,814699,2025-12-21,359,3-star,Limited,Deepspace Wish
57285,814699,2025-12-21,360,3-star,XSpace Echo,Empyrean Wish
96540,814699,2025-12-21,361,3-star,Limited,Deepspace Wish
85051,814699,2025-12-22,362,4-star,XSpace Echo,Empyrean Wish
86982,814699,2025-12-22,363,4-star,Limited,Deepspace Wish
46503,814699,2025-12-22,364,3-star,Limited,Deepspace Wish
11088,814699,2025-12-22,365,3-star,Limited,Deepspace Wish
92523,814699,2025-12-22,366,3-star,XSpace Echo,Empyrean Wish
10402,814699,2025-12-22,367,3-star,Limited,Deepspace Wish
43191,814699,2025-12-23,368,3-star,Limited,Deepspace Wish
15891,814699,2025-12-23,369,3-star,Limited,Deepspace Wish
25927,814699,2025-12-23,370,3-star,Limited,Deepspace Wish
26424,814699,2025-12-23,371,3-star,Limited,Deepspace Wish
79073,814699,2025-12-24,372,3-star,Limited,Deepspace Wish
61320,814699,2025-12-24,373,4-star,XSpace Echo,Empyrean Wish
69135,814699,2025-12-24,374,4-star,Limited,Deepspace Wish
74700,814699,2025-12-24,375,3-star,Limited,Deepspace Wish
34151,814699,2025-12-25,376,3-star,XSpace Echo,Empyrean Wish
51388,814699,2025-12-25,377,4-star,XSpace Echo,Empyrean Wish
97162,814699,2025-12-25,378,3-star,Limited,Deepspace Wish
68478,814699,2025-12-25,379,3-star,Limited,Deepspace Wish
16142,814699,2025-12-25,380,3-star,XSpace Echo,Empyrean Wish
21908,814699,2025-12-25,381,3-star,XSpace Echo,Empyrean Wish
89578,814699,2025-12-26,382,3-star,XSpace Echo,Empyrean Wish
60423,814699,2025-12-26,383,3-star,Limited,Deepspace Wish
10898,814699,2025-12-26,384,3-star,Limited,Deepspace Wish
97567,814699,2025-12-27,385,3-star,Limited,Deepspace Wish
64705,814699,2025-12-27,386,3-star,Limited,Deepspace Wish
44187,814699,2025-12-28,387,4-star,Limited,Deepspace Wish
91089,814699,2025-12-28,388,3-star,XSpace Echo,Empyrean Wish
57018,814699,2025-12-29,389,3-star,Limited,Deepspace Wish
92057,814699,2025-12-29,390,3-star,Limited,Deepspace Wish
24127,814699,2025-12-29,391,3-star,XSpace Echo,Empyrean Wish
60506,814699,2025-12-29,392,3-star,XSpace Echo,Empyrean Wish
60437,814699,2025-12-30,393,3-star,XSpace Echo,Empyrean Wish
51702,814699,2025-12-30,394,3-star,Limited,Deepspace Wish
54364,814699,2025-12-30,395,3-star,Limited,Deepspace Wish
93452,814699,2025-12-31,396,3-star,Limited,Deepspace Wish
62865,814699,2025-12-31,397,4-star,XSpace Echo,Empyrean Wish
42132,814699,2025-12-31,398,3-star,Limited,Deepspace Wish
39934,814699,2026-01-01,399,3-star,Limited,Deepspace Wish
89845,814699,2026-01-01,400,3-star,Limited,Deepspace Wish
94198,348649,2025-03-04,1,3-star,Rippling Echo,Empyrean Wish
87461,348649,2025-03-06,2,3-star,Rippling Echo,Empyrean Wish
61739,348649,2025-03-09,3,3-star,Rippling Echo,Empyrean Wish
23292,348649,2025-04-03,4,3-star,Limited,Deepspace Wish
25579,348649,2025-04-18,5,3-star,Rippling Echo,Empyrean Wish
12289,348649,2025-04-28,6,3-star,Limited,Deepspace Wish
41819,348649,2025-04-29,7,3-star,XSpace Echo,Empyrean Wish
65369,348649,2025-05-11,8,3-star,Rippling Echo,Empyrean Wish
31037,348649,2025-05-14,9,3-star,Limited,Deepspace Wish
60983,348649,2025-05-17,10,4-star,XSpace Echo,Empyrean Wish
72426,348649,2025-05-21,11,3-star,Limited,Deepspace Wish
69118,348649,2025-06-03,12,3-star,XSpace Echo,Empyrean Wish
98235,348649,2025-07-03,13,3-star,Limited,Deepspace Wish
75667,348649,2025-07-04,14,3-star,Limited,Deepspace Wish
45877,348649,2025-07-14,15,3-star,Limited,Deepspace Wish
68077,348649,2025-07-16,16,3-star,XSpace Echo,Empyrean Wish
56406,348649,2025-07-18,17,3-star,XSpace Echo,Empyrean Wish
75921,348649,2025-07-20,18,3-star,Rippling Echo,Empyrean Wish
47908,348649,2025-07-25,19,3-star,Rippling Echo,Empyrean Wish
60817,348649,2025-08-02,20,4-star,Limited,Deepspace Wish
48804,348649,2025-08-15,21,3-star,Limited,Deepspace Wish
90543,348649,2025-08-16,22,3-star,Limited,Deepspace Wish
45406,348649,2025-09-05,23,3-star,Rippling Echo,Empyrean Wish
20132,348649,2025-09-09,24,3-star,Rippling Echo,Empyrean Wish
27601,348649,2025-10-24,25,3-star,Rippling Echo,Empyrean Wish
67936,348649,2025-11-11,26,3-star,Rippling Echo,Empyrean Wish
35936,348649,2025-11-15,27,3-star,Rippling Echo,Empyrean Wish
14812,348649,2025-11-28,28,4-star,Rippling Echo,Empyrean Wish
74874,348649,2025-11-28,29,3-star,Rippling Echo,Empyrean Wish
93588,348649,2025-12-02,30,3-star,Limited,Deepspace Wish
10400,348649,2025-12-05,31,3-star,Limited,Deepspace Wish
44799,348649,2025-12-10,32,3-star,XSpace Echo,Empyrean Wish
59438,348649,2025-12-12,33,3-star,Limited,Deepspace Wish
89729,348649,2025-12-31,34,3-star,XSpace Echo,Empyrean Wish
95924,348649,2025-12-31,35,3-star,Limited,Deepspace Wish
59820,826543,2025-09-11,1,3-star,XSpace Echo,Empyrean Wish
74183,826543,2025-09-14,2,4-star,Limited,Deepspace Wish
33632,826543,2025-09-15,3,3-star,Rippling Echo,Empyrean Wish
40655,826543,2025-09-18,4,3-star,Limited,Deepspace Wish
55071,826543,2025-09-19,5,3-star,Rippling Echo,Empyrean Wish
65068,826543,2025-09-19,6,3-star,Rippling Echo,Empyrean Wish
70467,826543,2025-09-20,7,3-star,Rippling Echo,Empyrean Wish
88992,826543,2025-09-21,8,3-star,Limited,Deepspace Wish
53767,826543,2025-09-22,9,3-star,Rippling Echo,Empyrean Wish
20581,826543,2025-09-22,10,3-star,Rippling Echo,Empyrean Wish
17438,826543,2025-09-26,11,3-star,XSpace Echo,Empyrean Wish
63676,826543,2025-09-27,12,4-star,Rippling Echo,Empyrean Wish
23795,826543,2025-09-27,13,3-star,Limited,Deepspace Wish
97614,826543,2025-09-28,14,3-star,Limited,Deepspace Wish
98786,826543,2025-09-29,15,3-star,Limited,Deepspace Wish
89945,826543,2025-09-29,16,3-star,XSpace Echo,Empyrean Wish
24508,826543,2025-09-30,17,3-star,Limited,Deepspace Wish
64493,826543,2025-10-10,18,3-star,Rippling Echo,Empyrean Wish
62927,826543,2025-10-10,19,4-star,Limited,Deepspace Wish
49628,826543,2025-10-11,20,3-star,Limited,Deepspace Wish
41817,826543,2025-10-17,21,3-star,Limited,Deepspace Wish
96943,826543,2025-10-18,22,3-star,Limited,Deepspace Wish
60486,826543,2025-10-18,23,3-star,XSpace Echo,Empyrean Wish
63109,826543,2025-10-20,24,3-star,XSpace Echo,Empyrean Wish
35729,826543,2025-10-20,25,3-star,Limited,Deepspace Wish
90726,826543,2025-10-21,26,4-star,Rippling Echo,Empyrean Wish
63039,826543,2025-10-25,27,3-star,Limited,Deepspace Wish
54894,826543,2025-10-26,28,3-star,XSpace Echo,Empyrean Wish
57426,826543,2025-10-29,29,3-star,Limited,Deepspace Wish
19290,826543,2025-11-02,30,3-star,Limited,Deepspace Wish
24528,826543,2025-11-03,31,3-star,Limited,Deepspace Wish
88592,826543,2025-11-04,32,3-star,Rippling Echo,Empyrean Wish
15824,826543,2025-11-05,33,3-star,Rippling Echo,Empyrean Wish
21676,826543,2025-11-06,34,3-star,Rippling Echo,Empyrean Wish
85763,826543,2025-11-08,35,3-star,XSpace Echo,Empyrean Wish
16034,826543,2025-11-09,36,4-star,Limited,Deepspace Wish
13135,826543,2025-11-15,37,3-star,Limited,Deepspace Wish
77876,826543,2025-11-18,38,3-star,XSpace Echo,Empyrean Wish
22388,826543,2025-11-20,39,3-star,Rippling Echo,Empyrean Wish
22537,826543,2025-11-21,40,3-star,Rippling Echo,Empyrean Wish
87295,826543,2025-11-22,41,3-star,Limited,Deepspace Wish
23309,826543,2025-11-27,42,3-star,Rippling Echo,Empyrean Wish
87597,826543,2025-11-28,43,4-star,XSpace Echo,Empyrean Wish
87371,826543,2025-12-02,44,3-star,Limited,Deepspace Wish
27731,826543,2025-12-03,45,3-star,Limited,Deepspace Wish
59393,826543,2025-12-04,46,3-star,XSpace Echo,Empyrean Wish
17009,826543,2025-12-05,47,3-star,Rippling Echo,Empyrean Wish
53845,826543,2025-12-07,48,3-star,Limited,Deepspace Wish
74837,826543,2025-12-08,49,4-star,Rippling Echo,Empyrean Wish
74501,826543,2025-12-09,50,4-star,Limited,Deepspace Wish
44165,826543,2025-12-11,51,3-star,Limited,Deepspace Wish
92387,826543,2025-12-11,52,3-star,XSpace Echo,Empyrean Wish
56437,826543,2025-12-12,53,3-star,XSpace Echo,Empyrean Wish
70353,826543,2025-12-12,54,3-star,Limited,Deepspace Wish
89516,826543,2025-12-13,55,3-star,XSpace Echo,Empyrean Wish
42384,826543,2025-12-15,56,3-star,Limited,Deepspace Wish
59509,826543,2025-12-16,57,3-star,XSpace Echo,Empyrean Wish
59150,826543,2025-12-16,58,4-star,Limited,Deepspace Wish
30820,826543,2025-12-17,59,3-star,Limited,Deepspace Wish
74074,826543,2025-12-18,60,3-star,Limited,Deepspace Wish
49234,826543,2025-12-24,61,3-star,XSpace Echo,Empyrean Wish
95606,826543,2025-12-24,62,5-star,Limited,Deepspace Wish
62764,826543,2025-12-29,63,3-star,XSpace Echo,Empyrean Wish
52063,826543,2025-12-30,64,4-star,XSpace Echo,Empyrean Wish
86507,826543,2025-12-30,65,3-star,Limited,Deepspace Wish
27749,424742,2025-11-23,1,3-star,Rippling Echo,Empyrean Wish
47177,424742,2025-11-24,2,3-star,Limited,Deepspace Wish
17332,424742,2025-11-24,3,3-star,XSpace Echo,Empyrean Wish
43212,424742,2025-11-26,4,3-star,Limited,Deepspace Wish
70080,424742,2025-11-27,5,3-star,Limited,Deepspace Wish
89707,424742,2025-12-06,6,3-star,Limited,Deepspace Wish
22673,424742,2025-12-10,7,3-star,XSpace Echo,Empyrean Wish
90680,424742,2025-12-18,8,3-star,Limited,Deepspace Wish
82022,424742,2025-12-20,9,3-star,XSpace Echo,Empyrean Wish
42504,424742,2025-12-24,10,4-star,XSpace Echo,Empyrean Wish
15845,424742,2025-12-27,11,3-star,Limited,Deepspace Wish
10880,424742,2025-12-28,12,4-star,Rippling Echo,Empyrean Wish
73924,148823,2025-11-05,1,3-star,Rippling Echo,Empyrean Wish
27362,148823,2025-11-05,2,3-star,XSpace Echo,Empyrean Wish
52434,148823,2025-11-05,3,3-star,XSpace Echo,Empyrean Wish
74237,148823,2025-11-06,4,3-star,Rippling Echo,Empyrean Wish
24144,148823,2025-11-06,5,3-star,Limited,Deepspace Wish
66392,148823,2025-11-06,6,3-star,Rippling Echo,Empyrean Wish
27359,148823,2025-11-06,7,3-star,XSpace Echo,Empyrean Wish
84456,148823,2025-11-08,8,3-star,Limited,Deepspace Wish
46637,148823,2025-11-08,9,3-star,Rippling Echo,Empyrean Wish
13997,148823,2025-11-11,10,4-star,Rippling Echo,Empyrean Wish
61945,148823,2025-11-12,11,3-star,Rippling Echo,Empyrean Wish
46031,148823,2025-11-12,12,3-star,Rippling Echo,Empyrean Wish
26475,148823,2025-11-15,13,3-star,XSpace Echo,Empyrean Wish
98449,148823,2025-11-16,14,3-star,Limited,Deepspace Wish
89240,148823,2025-11-16,15,3-star,Rippling Echo,Empyrean Wish
14114,148823,2025-11-17,16,4-star,Rippling Echo,Empyrean Wish
27926,148823,2025-11-18,17,3-star,Rippling Echo,Empyrean Wish
60646,148823,2025-11-20,18,3-star,Limited,Deepspace Wish
28009,148823,2025-11-21,19,3-star,Limited,Deepspace Wish
90762,148823,2025-11-21,20,3-star,Rippling Echo,Empyrean Wish
36628,148823,2025-11-23,21,3-star,Rippling Echo,Empyrean Wish
11142,148823,2025-11-23,22,3-star,XSpace Echo,Empyrean Wish
39965,148823,2025-11-24,23,3-star,Rippling Echo,Empyrean Wish
35989,148823,2025-11-24,24,3-star,Limited,Deepspace Wish
45083,148823,2025-11-26,25,3-star,Rippling Echo,Empyrean Wish
62373,148823,2025-11-27,26,4-star,Limited,Deepspace Wish
94662,148823,2025-11-28,27,5-star,Limited,Deepspace Wish
82491,148823,2025-11-28,28,3-star,XSpace Echo,Empyrean Wish
29081,148823,2025-11-29,29,3-star,Limited,Deepspace Wish
66615,148823,2025-12-01,30,3-star,XSpace Echo,Empyrean Wish
20075,148823,2025-12-01,31,3-star,Limited,Deepspace Wish
57098,148823,2025-12-02,32,3-star,Limited,Deepspace Wish
76412,148823,2025-12-03,33,3-star,Rippling Echo,Empyrean Wish
62418,148823,2025-12-04,34,3-star,Rippling Echo,Empyrean Wish
72643,148823,2025-12-04,35,3-star,Rippling Echo,Empyrean Wish
28330,148823,2025-12-05,36,4-star,Rippling Echo,Empyrean Wish
86735,148823,2025-12-06,37,3-star,XSpace Echo,Empyrean Wish
14339,148823,2025-12-06,38,4-star,XSpace Echo,Empyrean Wish
54765,148823,2025-12-09,39,3-star,XSpace Echo,Empyrean Wish
52147,148823,2025-12-10,40,3-star,Rippling Echo,Empyrean Wish
98274,148823,2025-12-12,41,3-star,Rippling Echo,Empyrean Wish
71460,148823,2025-12-13,42,3-star,Rippling Echo,Empyrean Wish
64067,148823,2025-12-14,43,3-star,XSpace Echo,Empyrean Wish
11392,148823,2025-12-14,44,3-star,Rippling Echo,Empyrean Wish
89616,148823,2025-12-14,45,3-star,Limited,Deepspace Wish
50118,148823,2025-12-16,46,3-star,Limited,Deepspace Wish
17969,148823,2025-12-17,47,3-star,Rippling Echo,Empyrean Wish
58733,148823,2025-12-18,48,4-star,Limited,Deepspace Wish
54057,148823,2025-12-19,49,3-star,Limited,Deepspace Wish
35526,148823,2025-12-19,50,3-star,Limited,Deepspace Wish
70165,148823,2025-12-21,51,3-star,XSpace Echo,Empyrean Wish
95240,148823,2025-12-21,52,3-star,Limited,Deepspace Wish
78829,148823,2025-12-23,53,3-star,Limited,Deepspace Wish
57855,148823,2025-12-23,54,3-star,Limited,Deepspace Wish
28190,148823,2025-12-23,55,3-star,XSpace Echo,Empyrean Wish
43034,148823,2025-12-24,56,3-star,Limited,Deepspace Wish
48174,148823,2025-12-24,57,3-star,XSpace Echo,Empyrean Wish
38654,148823,2025-12-24,58,4-star,XSpace Echo,Empyrean Wish
99402,148823,2025-12-25,59,3-star,Limited,Deepspace Wish
99231,148823,2025-12-26,60,3-star,Limited,Deepspace Wish
13577,148823,2025-12-27,61,3-star,Limited,Deepspace Wish
21441,148823,2025-12-27,62,3-star,XSpace Echo,Empyrean Wish
85216,148823,2025-12-28,63,3-star,XSpace Echo,Empyrean Wish
56626,148823,2025-12-29,64,3-star,XSpace Echo,Empyrean Wish
23985,148823,2025-12-29,65,3-star,Limited,Deepspace Wish
77926,148823,2025-12-30,66,3-star,XSpace Echo,Empyrean Wish
36082,148823,2025-12-30,67,4-star,XSpace Echo,Empyrean Wish
97979,148823,2025-12-30,68,3-star,XSpace Echo,Empyrean Wish
95506,148823,2025-12-30,69,3-star,Limited,Deepspace Wish
82660,148823,2025-12-31,70,3-star,Limited,Deepspace Wish
84261,369683,2025-07-07,1,3-star,XSpace Echo,Empyrean Wish
29459,369683,2025-07-17,2,3-star,XSpace Echo,Empyrean Wish
34237,369683,2025-10-06,3,3-star,Limited,Deepspace Wish
10429,369683,2025-12-08,4,3-star,XSpace Echo,Empyrean Wish
31999,541159,2025-11-23,1,3-star,Limited,Deepspace Wish
13102,541159,2025-11-23,2,3-star,Rippling Echo,Empyrean Wish
54240,541159,2025-11-23,3,3-star,Limited,Deepspace Wish
95917,541159,2025-11-23,4,3-star,Rippling Echo,Empyrean Wish
26780,541159,2025-11-25,5,3-star,Rippling Echo,Empyrean Wish
60148,541159,2025-11-26,6,3-star,Rippling Echo,Empyrean Wish
45181,541159,2025-11-26,7,3-star,Limited,Deepspace Wish
72565,541159,2025-11-27,8,3-star,Limited,Deepspace Wish
50004,541159,2025-11-29,9,3-star,Limited,Deepspace Wish
54234,541159,2025-11-30,10,4-star,Rippling Echo,Empyrean Wish
10393,541159,2025-12-01,11,3-star,XSpace Echo,Empyrean Wish
38248,541159,2025-12-01,12,3-star,Limited,Deepspace Wish
74693,541159,2025-12-02,13,3-star,Limited,Deepspace Wish
81214,541159,2025-12-02,14,3-star,Rippling Echo,Empyrean Wish
76949,541159,2025-12-02,15,3-star,Rippling Echo,Empyrean Wish
40448,541159,2025-12-04,16,4-star,Rippling Echo,Empyrean Wish
41164,541159,2025-12-04,17,3-star,Limited,Deepspace Wish
11313,541159,2025-12-05,18,3-star,Limited,Deepspace Wish
38072,541159,2025-12-08,19,3-star,Rippling Echo,Empyrean Wish
76835,541159,2025-12-08,20,3-star,Limited,Deepspace Wish
54724,541159,2025-12-08,21,3-star,Limited,Deepspace Wish
51215,541159,2025-12-08,22,3-star,Limited,Deepspace Wish
47368,541159,2025-12-08,23,5-star,XSpace Echo,Empyrean Wish
57922,541159,2025-12-09,24,3-star,Limited,Deepspace Wish
84422,541159,2025-12-10,25,4-star,XSpace Echo,Empyrean Wish
28138,541159,2025-12-10,26,3-star,Rippling Echo,Empyrean Wish
25097,541159,2025-12-11,27,3-star,XSpace Echo,Empyrean Wish
40163,541159,2025-12-12,28,3-star,Rippling Echo,Empyrean Wish
18907,541159,2025-12-14,29,3-star,XSpace Echo,Empyrean Wish
44692,541159,2025-12-14,30,3-star,Rippling Echo,Empyrean Wish
28717,541159,2025-12-15,31,3-star,Limited,Deepspace Wish
10138,541159,2025-12-16,32,3-star,Rippling Echo,Empyrean Wish
37330,541159,2025-12-17,33,3-star,Limited,Deepspace Wish
21367,541159,2025-12-17,34,3-star,Rippling Echo,Empyrean Wish
68374,541159,2025-12-17,35,4-star,Rippling Echo,Empyrean Wish
42055,541159,2025-12-18,36,3-star,Limited,Deepspace Wish
75953,541159,2025-12-18,37,3-star,Limited,Deepspace Wish
55469,541159,2025-12-19,38,3-star,Rippling Echo,Empyrean Wish
65920,541159,2025-12-19,39,3-star,XSpace Echo,Empyrean Wish
51869,541159,2025-12-19,40,3-star,XSpace Echo,Empyrean Wish
61967,541159,2025-12-20,41,3-star,XSpace Echo,Empyrean Wish
32965,541159,2025-12-20,42,3-star,Limited,Deepspace Wish
57856,541159,2025-12-21,43,3-star,Limited,Deepspace Wish
53097,541159,2025-12-21,44,3-star,XSpace Echo,Empyrean Wish
28978,541159,2025-12-22,45,4-star,Rippling Echo,Empyrean Wish
84734,541159,2025-12-23,46,3-star,Rippling Echo,Empyrean Wish
67101,541159,2025-12-23,47,3-star,Limited,Deepspace Wish
73300,541159,2025-12-23,48,3-star,Rippling Echo,Empyrean Wish
71131,541159,2025-12-24,49,3-star,Limited,Deepspace Wish
67017,541159,2025-12-25,50,5-star,Limited,Deepspace Wish
70714,541159,2025-12-26,51,3-star,XSpace Echo,Empyrean Wish
20580,541159,2025-12-26,52,3-star,Limited,Deepspace Wish
58853,541159,2025-12-27,53,3-star,Limited,Deepspace Wish
51891,541159,2025-12-27,54,3-star,Limited,Deepspace Wish
24777,541159,2025-12-28,55,3-star,XSpace Echo,Empyrean Wish
73149,541159,2025-12-28,56,3-star,XSpace Echo,Empyrean Wish
93692,541159,2025-12-29,57,3-star,XSpace Echo,Empyrean Wish
49208,541159,2025-12-29,58,3-star,XSpace Echo,Empyrean Wish
16074,541159,2025-12-29,59,3-star,Limited,Deepspace Wish
65134,541159,2025-12-29,60,4-star,Limited,Deepspace Wish
16061,541159,2025-12-29,61,3-star,Limited,Deepspace Wish
65267,541159,2025-12-30,62,3-star,Limited,Deepspace Wish
58091,541159,2025-12-30,63,3-star,Limited,Deepspace Wish
43269,541159,2026-01-01,64,3-star,Limited,Deepspace Wish
30517,541159,2026-01-01,65,3-star,Limited,Deepspace Wish
38807,504425,2025-05-14,1,3-star,XSpace Echo,Empyrean Wish
63801,504425,2025-12-28,2,4-star,Limited,Deepspace Wish
84359,379379,2025-06-25,1,3-star,Rippling Echo,Empyrean Wish
31599,379379,2025-07-02,2,3-star,Rippling Echo,Empyrean Wish
64670,379379,2025-12-04,3,4-star,XSpace Echo,Empyrean Wish
16271,379379,2025-12-09,4,3-star,XSpace Echo,Empyrean Wish
77217,834674,2025-08-27,1,3-star,XSpace Echo,Empyrean Wish
12490,834674,2025-08-28,2,3-star,Rippling Echo,Empyrean Wish
35112,834674,2025-09-03,3,3-star,XSpace Echo,Empyrean Wish
96084,834674,2025-09-05,4,3-star,Limited,Deepspace Wish
96218,834674,2025-09-10,5,3-star,Rippling Echo,Empyrean Wish
46542,834674,2025-09-10,6,3-star,Limited,Deepspace Wish
42780,834674,2025-09-21,7,3-star,Rippling Echo,Empyrean Wish
41263,834674,2025-09-21,8,3-star,Limited,Deepspace Wish
17387,834674,2025-09-23,9,3-star,Rippling Echo,Empyrean Wish
37672,834674,2025-09-25,10,4-star,Rippling Echo,Empyrean Wish
54554,834674,2025-09-26,11,3-star,Rippling Echo,Empyrean Wish
36612,834674,2025-09-26,12,3-star,Rippling Echo,Empyrean Wish
17442,834674,2025-09-28,13,3-star,XSpace Echo,Empyrean Wish
65180,834674,2025-09-29,14,3-star,Limited,Deepspace Wish
74242,834674,2025-10-02,15,3-star,Rippling Echo,Empyrean Wish
61398,834674,2025-10-03,16,3-star,Limited,Deepspace Wish
64329,834674,2025-10-08,17,3-star,XSpace Echo,Empyrean Wish
47946,834674,2025-10-09,18,3-star,Limited,Deepspace Wish
83889,834674,2025-10-11,19,3-star,Limited,Deepspace Wish
68490,834674,2025-10-12,20,4-star,Rippling Echo,Empyrean Wish
85151,834674,2025-10-18,21,3-star,Limited,Deepspace Wish
52768,834674,2025-10-19,22,3-star,Rippling Echo,Empyrean Wish
36266,834674,2025-10-21,23,3-star,Rippling Echo,Empyrean Wish
85315,834674,2025-10-27,24,3-star,Limited,Deepspace Wish
74241,834674,2025-11-02,25,3-star,Limited,Deepspace Wish
18276,834674,2025-11-04,26,3-star,Rippling Echo,Empyrean Wish
58585,834674,2025-11-04,27,3-star,XSpace Echo,Empyrean Wish
33403,834674,2025-11-05,28,3-star,Rippling Echo,Empyrean Wish
91388,834674,2025-11-07,29,3-star,XSpace Echo,Empyrean Wish
35958,834674,2025-11-17,30,4-star,Limited,Deepspace Wish
74315,834674,2025-11-22,31,3-star,XSpace Echo,Empyrean Wish
26581,834674,2025-11-25,32,3-star,Rippling Echo,Empyrean Wish
25900,834674,2025-11-28,33,4-star,XSpace Echo,Empyrean Wish
79289,834674,2025-12-12,34,3-star,XSpace Echo,Empyrean Wish
62135,834674,2025-12-12,35,3-star,Rippling Echo,Empyrean Wish
79792,834674,2025-12-12,36,3-star,XSpace Echo,Empyrean Wish
24527,834674,2025-12-21,37,3-star,Limited,Deepspace Wish
64071,834674,2025-12-21,38,3-star,XSpace Echo,Empyrean Wish
98464,834674,2025-12-24,39,4-star,Limited,Deepspace Wish
13464,834674,2026-01-01,40,3-star,Limited,Deepspace Wish
17883,976659,2025-05-16,1,3-star,XSpace Echo,Empyrean Wish
12015,976659,2025-06-01,2,3-star,Rippling Echo,Empyrean Wish
11338,976659,2025-06-09,3,4-star,Rippling Echo,Empyrean Wish
25112,976659,2025-06-23,4,3-star,Limited,Deepspace Wish
84632,976659,2025-07-06,5,4-star,Limited,Deepspace Wish
45623,976659,2025-07-16,6,3-star,Limited,Deepspace Wish
82899,976659,2025-07-23,7,3-star,Rippling Echo,Empyrean Wish
46986,976659,2025-07-24,8,3-star,XSpace Echo,Empyrean Wish
78305,976659,2025-07-28,9,3-star,XSpace Echo,Empyrean Wish
91508,976659,2025-08-05,10,3-star,XSpace Echo,Empyrean Wish
80697,976659,2025-08-07,11,3-star,Rippling Echo,Empyrean Wish
43587,976659,2025-08-07,12,3-star,XSpace Echo,Empyrean Wish
82698,976659,2025-08-08,13,3-star,Rippling Echo,Empyrean Wish
99525,976659,2025-08-09,14,3-star,Rippling Echo,Empyrean Wish
67809,976659,2025-08-13,15,4-star,Limited,Deepspace Wish
53117,976659,2025-08-21,16,3-star,Rippling Echo,Empyrean Wish
81586,976659,2025-08-21,17,3-star,XSpace Echo,Empyrean Wish
58753,976659,2025-08-23,18,3-star,Rippling Echo,Empyrean Wish
39377,976659,2025-09-09,19,3-star,Rippling Echo,Empyrean Wish
56675,976659,2025-09-25,20,3-star,Limited,Deepspace Wish
87761,976659,2025-09-26,21,3-star,Rippling Echo,Empyrean Wish
98213,976659,2025-09-27,22,3-star,Limited,Deepspace Wish
60955,976659,2025-10-07,23,3-star,Rippling Echo,Empyrean Wish
31890,976659,2025-10-11,24,3-star,Limited,Deepspace Wish
31158,976659,2025-10-11,25,4-star,Rippling Echo,Empyrean Wish
79571,976659,2025-10-14,26,3-star,Rippling Echo,Empyrean Wish
37719,976659,2025-11-05,27,3-star,Limited,Deepspace Wish
46710,976659,2025-11-08,28,3-star,XSpace Echo,Empyrean Wish
22662,976659,2025-11-09,29,3-star,XSpace Echo,Empyrean Wish
99965,976659,2025-12-07,30,3-star,Limited,Deepspace Wish
38266,976659,2025-12-19,31,3-star,Rippling Echo,Empyrean Wish
70482,976659,2025-12-28,32,3-star,Rippling Echo,Empyrean Wish
84537,976659,2025-12-31,33,3-star,XSpace Echo,Empyrean Wish
16656,341171,2025-06-11,1,3-star,XSpace Echo,Empyrean Wish
21949,341171,2025-06-26,2,3-star,Limited,Deepspace Wish
58816,341171,2025-06-29,3,3-star,Limited,Deepspace Wish
59951,341171,2025-06-29,4,3-star,Limited,Deepspace Wish
12727,341171,2025-06-30,5,3-star,XSpace Echo,Empyrean Wish
47112,341171,2025-07-03,6,3-star,Limited,Deepspace Wish
68571,341171,2025-07-04,7,3-star,Limited,Deepspace Wish
46040,341171,2025-07-09,8,3-star,Rippling Echo,Empyrean Wish
15376,341171,2025-07-30,9,3-star,Limited,Deepspace Wish
77644,341171,2025-08-02,10,4-star,XSpace Echo,Empyrean Wish
48300,341171,2025-08-14,11,3-star,Rippling Echo,Empyrean Wish
90856,341171,2025-08-16,12,3-star,Rippling Echo,Empyrean Wish
25446,341171,2025-08-20,13,3-star,Rippling Echo,Empyrean Wish
80066,341171,2025-09-13,14,3-star,XSpace Echo,Empyrean Wish
31590,341171,2025-09-19,15,3-star,Limited,Deepspace Wish
11019,341171,2025-10-03,16,3-star,Limited,Deepspace Wish
53671,341171,2025-10-10,17,3-star,Limited,Deepspace Wish
84539,341171,2025-10-15,18,3-star,Rippling Echo,Empyrean Wish
25173,341171,2025-10-27,19,3-star,XSpace Echo,Empyrean Wish
43898,341171,2025-10-28,20,4-star,Rippling Echo,Empyrean Wish
32326,341171,2025-11-01,21,3-star,XSpace Echo,Empyrean Wish
15878,341171,2025-11-27,22,3-star,XSpace Echo,Empyrean Wish
13868,341171,2025-12-04,23,3-star,Rippling Echo,Empyrean Wish
61276,227799,2025-03-30,1,3-star,XSpace Echo,Empyrean Wish
86065,227799,2025-05-12,2,3-star,Rippling Echo,Empyrean Wish
95450,227799,2025-06-04,3,3-star,Limited,Deepspace Wish
22764,227799,2025-08-07,4,3-star,Limited,Deepspace Wish
95702,121283,2025-11-27,1,3-star,Rippling Echo,Empyrean Wish
22656,121283,2025-11-29,2,3-star,XSpace Echo,Empyrean Wish
54207,121283,2025-12-10,3,3-star,Limited,Deepspace Wish
81634,121283,2025-12-11,4,4-star,Limited,Deepspace Wish
77383,121283,2025-12-24,5,3-star,Limited,Deepspace Wish
11056,731589,2025-12-25,1,3-star,XSpace Echo,Empyrean Wish
81568,731589,2025-12-25,2,3-star,XSpace Echo,Empyrean Wish
55054,731589,2025-12-25,3,4-star,XSpace Echo,Empyrean Wish
47543,731589,2025-12-25,4,3-star,Limited,Deepspace Wish
21566,731589,2025-12-25,5,3-star,XSpace Echo,Empyrean Wish
71839,731589,2025-12-25,6,3-star,Rippling Echo,Empyrean Wish
79880,731589,2025-12-25,7,3-star,Limited,Deepspace Wish
32491,731589,2025-12-25,8,3-star,Rippling Echo,Empyrean Wish
53822,731589,2025-12-25,9,3-star,Rippling Echo,Empyrean Wish
23977,731589,2025-12-25,10,3-star,XSpace Echo,Empyrean Wish
92447,731589,2025-12-25,11,3-star,Rippling Echo,Empyrean Wish
99993,731589,2025-12-26,12,3-star,XSpace Echo,Empyrean Wish
15300,731589,2025-12-26,13,4-star,Rippling Echo,Empyrean Wish
36738,731589,2025-12-26,14,3-star,Rippling Echo,Empyrean Wish
41394,731589,2025-12-27,15,3-star,Rippling Echo,Empyrean Wish
84606,731589,2025-12-27,16,3-star,Rippling Echo,Empyrean Wish
32231,731589,2025-12-27,17,3-star,Rippling Echo,Empyrean Wish
25175,731589,2025-12-27,18,3-star,Limited,Deepspace Wish
59489,731589,2025-12-27,19,3-star,XSpace Echo,Empyrean Wish
18553,731589,2025-12-27,20,3-star,Rippling Echo,Empyrean Wish
32945,731589,2025-12-27,21,4-star,Rippling Echo,Empyrean Wish
17687,731589,2025-12-27,22,3-star,Limited,Deepspace Wish
62593,731589,2025-12-28,23,3-star,XSpace Echo,Empyrean Wish
57753,731589,2025-12-28,24,3-star,Rippling Echo,Empyrean Wish
89303,731589,2025-12-28,25,3-star,Limited,Deepspace Wish
82160,731589,2025-12-28,26,3-star,Rippling Echo,Empyrean Wish
15361,731589,2025-12-28,27,3-star,Limited,Deepspace Wish
56926,731589,2025-12-28,28,3-star,Limited,Deepspace Wish
13535,731589,2025-12-28,29,3-star,Limited,Deepspace Wish
99825,731589,2025-12-29,30,3-star,Rippling Echo,Empyrean Wish
76172,731589,2025-12-29,31,4-star,Rippling Echo,Empyrean Wish
86649,731589,2025-12-29,32,3-star,Limited,Deepspace Wish
97939,731589,2025-12-30,33,3-star,XSpace Echo,Empyrean Wish
76352,731589,2025-12-30,34,3-star,Rippling Echo,Empyrean Wish
50097,731589,2025-12-30,35,3-star,Limited,Deepspace Wish
63374,731589,2025-12-30,36,3-star,Rippling Echo,Empyrean Wish
64569,731589,2025-12-31,37,3-star,Limited,Deepspace Wish
48014,731589,2025-12-31,38,3-star,Rippling Echo,Empyrean Wish
55751,731589,2025-12-31,39,3-star,XSpace Echo,Empyrean Wish
28493,731589,2025-12-31,40,3-star,Rippling Echo,Empyrean Wish
24613,731589,2025-12-31,41,4-star,Rippling Echo,Empyrean Wish
36901,731589,2025-12-31,42,3-star,Rippling Echo,Empyrean Wish
74650,731589,2025-12-31,43,3-star,XSpace Echo,Empyrean Wish
63739,731589,2025-12-31,44,3-star,Rippling Echo,Empyrean Wish
99245,731589,2025-12-31,45,3-star,Rippling Echo,Empyrean Wish
33586,731589,2026-01-01,46,3-star,Rippling Echo,Empyrean Wish
48265,731589,2026-01-01,47,5-star,XSpace Echo,Empyrean Wish
88377,731589,2026-01-01,48,3-star,Limited,Deepspace Wish
62700,731589,2026-01-01,49,3-star,XSpace Echo,Empyrean Wish
10487,731589,2026-01-01,50,3-star,XSpace Echo,Empyrean Wish
14343,731589,2026-01-01,51,3-star,Limited,Deepspace Wish
77803,731589,2026-01-01,52,3-star,Limited,Deepspace Wish
40708,731589,2026-01-01,53,3-star,Limited,Deepspace Wish
54504,731589,2026-01-01,54,3-star,XSpace Echo,Empyrean Wish
44215,601290,2025-03-14,1,3-star,Limited,Deepspace Wish
54541,601290,2025-03-15,2,3-star,Rippling Echo,Empyrean Wish
15619,601290,2025-03-16,3,3-star,Rippling Echo,Empyrean Wish
42894,601290,2025-03-20,4,3-star,Limited,Deepspace Wish
30346,601290,2025-03-23,5,3-star,Limited,Deepspace Wish
79923,601290,2025-03-27,6,3-star,Limited,Deepspace Wish
17036,601290,2025-03-28,7,3-star,Rippling Echo,Empyrean Wish
93034,601290,2025-04-04,8,3-star,Rippling Echo,Empyrean Wish
93689,601290,2025-04-07,9,3-star,XSpace Echo,Empyrean Wish
32167,601290,2025-04-09,10,4-star,Limited,Deepspace Wish
92149,601290,2025-04-13,11,3-star,XSpace Echo,Empyrean Wish
31746,601290,2025-04-14,12,3-star,Rippling Echo,Empyrean Wish
11312,601290,2025-04-15,13,3-star,XSpace Echo,Empyrean Wish
65557,601290,2025-04-15,14,3-star,Rippling Echo,Empyrean Wish
68070,601290,2025-04-17,15,3-star,Limited,Deepspace Wish
35317,601290,2025-04-17,16,3-star,XSpace Echo,Empyrean Wish
41751,601290,2025-04-18,17,3-star,XSpace Echo,Empyrean Wish
41193,601290,2025-04-28,18,3-star,Rippling Echo,Empyrean Wish
23045,601290,2025-05-03,19,3-star,Rippling Echo,Empyrean Wish
80140,601290,2025-05-04,20,4-star,Limited,Deepspace Wish
91991,601290,2025-05-12,21,3-star,Limited,Deepspace Wish
13429,601290,2025-05-24,22,3-star,Rippling Echo,Empyrean Wish
96981,601290,2025-05-25,23,3-star,Rippling Echo,Empyrean Wish
19971,601290,2025-05-28,24,3-star,Limited,Deepspace Wish
64028,601290,2025-06-02,25,3-star,Rippling Echo,Empyrean Wish
24109,601290,2025-06-04,26,3-star,Limited,Deepspace Wish
36991,601290,2025-06-07,27,3-star,Rippling Echo,Empyrean Wish
87174,601290,2025-06-11,28,4-star,XSpace Echo,Empyrean Wish
61461,601290,2025-06-13,29,3-star,Rippling Echo,Empyrean Wish
70164,601290,2025-06-16,30,3-star,Limited,Deepspace Wish
65724,601290,2025-06-18,31,3-star,Limited,Deepspace Wish
44269,601290,2025-06-21,32,3-star,Limited,Deepspace Wish
39108,601290,2025-06-22,33,3-star,Limited,Deepspace Wish
74182,601290,2025-06-24,34,3-star,XSpace Echo,Empyrean Wish
38952,601290,2025-06-24,35,3-star,Limited,Deepspace Wish
72782,601290,2025-07-04,36,3-star,Rippling Echo,Empyrean Wish
73031,601290,2025-07-05,37,3-star,XSpace Echo,Empyrean Wish
14984,601290,2025-07-05,38,4-star,Rippling Echo,Empyrean Wish
29494,601290,2025-07-06,39,4-star,XSpace Echo,Empyrean Wish
46627,601290,2025-07-09,40,3-star,Limited,Deepspace Wish
13423,601290,2025-07-10,41,3-star,Rippling Echo,Empyrean Wish
92782,601290,2025-07-12,42,3-star,XSpace Echo,Empyrean Wish
66169,601290,2025-07-12,43,3-star,Rippling Echo,Empyrean Wish
71756,601290,2025-07-14,44,3-star,Limited,Deepspace Wish
64909,601290,2025-07-23,45,4-star,Limited,Deepspace Wish
89770,601290,2025-07-25,46,3-star,Rippling Echo,Empyrean Wish
71957,601290,2025-07-30,47,3-star,Rippling Echo,Empyrean Wish
27652,601290,2025-07-31,48,3-star,Limited,Deepspace Wish
32038,601290,2025-08-02,49,3-star,XSpace Echo,Empyrean Wish
31248,601290,2025-08-03,50,3-star,Limited,Deepspace Wish
90337,601290,2025-08-03,51,3-star,XSpace Echo,Empyrean Wish
59507,601290,2025-08-04,52,3-star,Limited,Deepspace Wish
50706,601290,2025-08-09,53,3-star,Limited,Deepspace Wish
94875,601290,2025-08-14,54,3-star,Limited,Deepspace Wish
50617,601290,2025-08-16,55,4-star,Limited,Deepspace Wish
14811,601290,2025-08-18,56,3-star,Limited,Deepspace Wish
98493,601290,2025-08-27,57,3-star,Limited,Deepspace Wish
57313,601290,2025-09-02,58,3-star,Limited,Deepspace Wish
87826,601290,2025-09-06,59,3-star,XSpace Echo,Empyrean Wish
91306,601290,2025-09-07,60,3-star,XSpace Echo,Empyrean Wish
66386,601290,2025-09-25,61,3-star,Limited,Deepspace Wish
32911,601290,2025-09-27,62,3-star,XSpace Echo,Empyrean Wish
23210,601290,2025-10-07,63,3-star,XSpace Echo,Empyrean Wish
78763,601290,2025-10-09,64,3-star,Limited,Deepspace Wish
66730,601290,2025-10-10,65,5-star,Limited,Deepspace Wish
65104,601290,2025-10-12,66,3-star,XSpace Echo,Empyrean Wish
22585,601290,2025-10-12,67,3-star,Limited,Deepspace Wish
31508,601290,2025-10-13,68,3-star,Limited,Deepspace Wish
36208,601290,2025-10-14,69,3-star,Limited,Deepspace Wish
95823,601290,2025-10-16,70,3-star,Limited,Deepspace Wish
76543,601290,2025-10-16,71,3-star,Limited,Deepspace Wish
97827,601290,2025-10-17,72,3-star,Limited,Deepspace Wish
96892,601290,2025-10-20,73,4-star,XSpace Echo,Empyrean Wish
57513,601290,2025-10-21,74,3-star,XSpace Echo,Empyrean Wish
58613,601290,2025-10-26,75,3-star,Limited,Deepspace Wish
17317,601290,2025-10-28,76,3-star,Limited,Deepspace Wish
22903,601290,2025-10-31,77,3-star,XSpace Echo,Empyrean Wish
70900,601290,2025-11-01,78,3-star,XSpace Echo,Empyrean Wish
90397,601290,2025-11-07,79,3-star,Limited,Deepspace Wish
21585,601290,2025-11-09,80,4-star,XSpace Echo,Empyrean Wish
27753,601290,2025-11-09,81,3-star,XSpace Echo,Empyrean Wish
11702,601290,2025-11-17,82,3-star,Limited,Deepspace Wish
79910,601290,2025-11-20,83,3-star,Limited,Deepspace Wish
80402,601290,2025-11-25,84,3-star,Limited,Deepspace Wish
22250,601290,2025-11-25,85,3-star,Limited,Deepspace Wish
10436,601290,2025-11-26,86,3-star,XSpace Echo,Empyrean Wish
70147,601290,2025-12-01,87,3-star,XSpace Echo,Empyrean Wish
73858,601290,2025-12-10,88,3-star,XSpace Echo,Empyrean Wish
43038,601290,2025-12-14,89,3-star,Limited,Deepspace Wish
86380,601290,2025-12-15,90,4-star,Limited,Deepspace Wish
36836,601290,2025-12-16,91,3-star,XSpace Echo,Empyrean Wish
98354,601290,2025-12-26,92,5-star,XSpace Echo,Empyrean Wish
81657,601290,2025-12-26,93,3-star,XSpace Echo,Empyrean Wish
41893,601290,2025-12-29,94,3-star,XSpace Echo,Empyrean Wish
18716,601290,2026-01-01,95,5-star,XSpace Echo,Empyrean Wish
69985,760028,2025-03-17,1,3-star,XSpace Echo,Empyrean Wish
48739,760028,2025-03-29,2,3-star,Limited,Deepspace Wish
30655,760028,2025-04-01,3,3-star,Limited,Deepspace Wish
68024,760028,2025-04-17,4,3-star,Limited,Deepspace Wish
59871,760028,2025-06-13,5,3-star,Rippling Echo,Empyrean Wish
39835,760028,2025-06-14,6,3-star,Limited,Deepspace Wish
51248,760028,2025-07-06,7,3-star,Limited,Deepspace Wish
39110,760028,2025-07-19,8,3-star,Rippling Echo,Empyrean Wish
97193,760028,2025-07-29,9,3-star,XSpace Echo,Empyrean Wish
40595,760028,2025-09-13,10,4-star,Limited,Deepspace Wish
61936,760028,2025-09-20,11,3-star,Limited,Deepspace Wish
64601,760028,2025-10-30,12,4-star,Rippling Echo,Empyrean Wish
75473,760028,2025-11-07,13,3-star,Limited,Deepspace Wish
51029,760028,2025-11-25,14,3-star,Rippling Echo,Empyrean Wish
60216,280853,2025-06-09,1,3-star,XSpace Echo,Empyrean Wish
57464,280853,2025-06-11,2,3-star,Rippling Echo,Empyrean Wish
46076,280853,2025-07-14,3,3-star,Rippling Echo,Empyrean Wish
70571,280853,2025-07-22,4,3-star,Rippling Echo,Empyrean Wish
76643,280853,2025-07-26,5,3-star,Rippling Echo,Empyrean Wish
91552,280853,2025-08-02,6,3-star,XSpace Echo,Empyrean Wish
79945,280853,2025-08-16,7,3-star,Limited,Deepspace Wish
78682,280853,2025-08-24,8,3-star,XSpace Echo,Empyrean Wish
53594,280853,2025-08-31,9,3-star,Rippling Echo,Empyrean Wish
99730,280853,2025-08-31,10,4-star,XSpace Echo,Empyrean Wish
76476,280853,2025-08-31,11,3-star,Rippling Echo,Empyrean Wish
48658,280853,2025-10-04,12,3-star,Rippling Echo,Empyrean Wish
83587,280853,2025-10-13,13,3-star,Limited,Deepspace Wish
17112,280853,2025-10-14,14,3-star,Limited,Deepspace Wish
70825,280853,2025-10-14,15,3-star,Rippling Echo,Empyrean Wish
40063,280853,2025-11-05,16,3-star,Rippling Echo,Empyrean Wish
35386,280853,2025-12-03,17,3-star,Rippling Echo,Empyrean Wish
91122,280853,2025-12-14,18,3-star,Limited,Deepspace Wish
71707,725165,2025-06-21,1,3-star,Rippling Echo,Empyrean Wish
30229,725165,2025-06-26,2,4-star,Rippling Echo,Empyrean Wish
83624,725165,2025-07-16,3,3-star,Rippling Echo,Empyrean Wish
90359,725165,2025-07-21,4,3-star,XSpace Echo,Empyrean Wish
69968,725165,2025-08-27,5,3-star,XSpace Echo,Empyrean Wish
89675,725165,2025-09-04,6,3-star,Limited,Deepspace Wish
85036,725165,2025-09-20,7,4-star,Limited,Deepspace Wish
66805,725165,2025-09-29,8,3-star,Limited,Deepspace Wish
45373,725165,2025-10-27,9,3-star,Limited,Deepspace Wish
52970,725165,2025-10-29,10,3-star,Rippling Echo,Empyrean Wish
87510,725165,2025-11-27,11,3-star,Limited,Deepspace Wish
42489,725165,2025-12-20,12,3-star,XSpace Echo,Empyrean Wish
19283,725165,2025-12-25,13,3-star,Rippling Echo,Empyrean Wish
68306,725165,2025-12-28,14,3-star,XSpace Echo,Empyrean Wish
31940,992418,2025-06-08,1,3-star,Rippling Echo,Empyrean Wish
42851,992418,2025-07-11,2,3-star,Rippling Echo,Empyrean Wish
54335,992418,2025-08-06,3,3-star,Limited,Deepspace Wish
78625,992418,2025-11-18,4,3-star,Rippling Echo,Empyrean Wish
41435,992418,2025-11-25,5,4-star,XSpace Echo,Empyrean Wish
34911,819323,2025-07-16,1,3-star,Limited,Deepspace Wish
32097,819323,2025-07-18,2,3-star,Limited,Deepspace Wish
96999,819323,2025-07-24,3,3-star,Limited,Deepspace Wish
62525,819323,2025-08-03,4,3-star,Rippling Echo,Empyrean Wish
33002,819323,2025-08-05,5,3-star,XSpace Echo,Empyrean Wish
92328,819323,2025-08-10,6,3-star,Limited,Deepspace Wish
32839,819323,2025-08-11,7,3-star,XSpace Echo,Empyrean Wish
87281,819323,2025-08-12,8,3-star,Rippling Echo,Empyrean Wish
34765,819323,2025-08-28,9,3-star,XSpace Echo,Empyrean Wish
40262,819323,2025-09-06,10,4-star,Limited,Deepspace Wish
51070,819323,2025-09-08,11,3-star,Limited,Deepspace Wish
92877,819323,2025-09-13,12,3-star,XSpace Echo,Empyrean Wish
50152,819323,2025-10-02,13,3-star,Rippling Echo,Empyrean Wish
79710,819323,2025-10-08,14,3-star,Rippling Echo,Empyrean Wish
30605,819323,2025-10-15,15,3-star,Limited,Deepspace Wish
34524,819323,2025-11-14,16,3-star,XSpace Echo,Empyrean Wish
40985,819323,2025-11-23,17,3-star,Limited,Deepspace Wish
89246,819323,2025-11-24,18,3-star,XSpace Echo,Empyrean Wish
96762,819323,2025-12-07,19,3-star,XSpace Echo,Empyrean Wish
51740,819323,2025-12-08,20,4-star,XSpace Echo,Empyrean Wish
67971,819323,2025-12-11,21,3-star,Limited,Deepspace Wish
21547,819323,2025-12-17,22,3-star,Rippling Echo,Empyrean Wish
36803,819323,2025-12-19,23,3-star,Rippling Echo,Empyrean Wish
83541,819323,2025-12-30,24,3-star,Limited,Deepspace Wish
48325,601689,2025-01-25,1,3-star,Limited,Deepspace Wish
93459,601689,2025-01-29,2,3-star,Rippling Echo,Empyrean Wish
93553,601689,2025-01-31,3,3-star,Rippling Echo,Empyrean Wish
17267,601689,2025-02-08,4,3-star,Limited,Deepspace Wish
18780,601689,2025-03-03,5,3-star,Rippling Echo,Empyrean Wish
55752,601689,2025-03-08,6,3-star,XSpace Echo,Empyrean Wish
97716,601689,2025-03-11,7,3-star,XSpace Echo,Empyrean Wish
56257,601689,2025-04-01,8,3-star,Limited,Deepspace Wish
74718,601689,2025-04-11,9,3-star,Limited,Deepspace Wish
29076,601689,2025-05-16,10,4-star,Rippling Echo,Empyrean Wish
89950,601689,2025-05-28,11,3-star,Limited,Deepspace Wish
71253,601689,2025-05-30,12,3-star,XSpace Echo,Empyrean Wish
65767,601689,2025-06-02,13,3-star,Rippling Echo,Empyrean Wish
88064,601689,2025-06-12,14,3-star,Limited,Deepspace Wish
73307,601689,2025-06-16,15,3-star,Rippling Echo,Empyrean Wish
95979,601689,2025-08-09,16,3-star,Limited,Deepspace Wish
70188,601689,2025-08-24,17,3-star,Rippling Echo,Empyrean Wish
41461,601689,2025-08-29,18,3-star,Rippling Echo,Empyrean Wish
59080,601689,2025-09-11,19,3-star,Rippling Echo,Empyrean Wish
16661,601689,2025-10-25,20,4-star,Limited,Deepspace Wish
54063,601689,2025-10-26,21,3-star,Limited,Deepspace Wish
27045,601689,2025-11-16,22,3-star,Rippling Echo,Empyrean Wish
91703,601689,2025-11-20,23,3-star,Limited,Deepspace Wish
69899,601689,2025-12-20,24,3-star,Rippling Echo,Empyrean Wish
34105,601689,2025-12-23,25,4-star,Rippling Echo,Empyrean Wish
90409,882995,2025-04-05,1,3-star,Rippling Echo,Empyrean Wish
24303,882995,2025-05-18,2,3-star,Limited,Deepspace Wish
23837,882995,2025-05-19,3,3-star,Rippling Echo,Empyrean Wish
44314,882995,2025-05-28,4,3-star,XSpace Echo,Empyrean Wish
77108,882995,2025-07-11,5,3-star,Limited,Deepspace Wish
53877,882995,2025-07-13,6,3-star,Rippling Echo,Empyrean Wish
46521,882995,2025-07-13,7,3-star,XSpace Echo,Empyrean Wish
10705,882995,2025-08-09,8,3-star,XSpace Echo,Empyrean Wish
33483,882995,2025-09-12,9,3-star,Limited,Deepspace Wish
26233,882995,2025-09-22,10,4-star,Rippling Echo,Empyrean Wish
11307,882995,2025-10-20,11,4-star,XSpace Echo,Empyrean Wish
46204,882995,2025-11-06,12,4-star,Rippling Echo,Empyrean Wish
71550,882995,2025-11-18,13,3-star,Rippling Echo,Empyrean Wish
37426,882995,2025-12-18,14,3-star,XSpace Echo,Empyrean Wish
46280,550768,2025-11-16,1,3-star,Limited,Deepspace Wish
81636,550768,2025-11-19,2,3-star,Limited,Deepspace Wish
15348,550768,2025-11-19,3,3-star,Rippling Echo,Empyrean Wish
34210,550768,2025-11-25,4,3-star,XSpace Echo,Empyrean Wish
86477,550768,2025-11-25,5,3-star,Limited,Deepspace Wish
24193,550768,2025-11-28,6,3-star,Rippling Echo,Empyrean Wish
68081,550768,2025-12-05,7,3-star,Rippling Echo,Empyrean Wish
21359,550768,2025-12-07,8,3-star,Rippling Echo,Empyrean Wish
36363,550768,2025-12-11,9,3-star,XSpace Echo,Empyrean Wish
23355,550768,2025-12-11,10,4-star,Limited,Deepspace Wish
20700,550768,2025-12-20,11,3-star,Limited,Deepspace Wish
72882,550768,2025-12-27,12,3-star,Limited,Deepspace Wish
84489,550768,2025-12-29,13,3-star,XSpace Echo,Empyrean Wish
41399,550768,2025-12-29,14,3-star,Limited,Deepspace Wish
41356,550768,2025-12-30,15,3-star,Limited,Deepspace Wish
35528,550768,2025-12-31,16,3-star,Limited,Deepspace Wish
43785,263608,2025-08-22,1,3-star,XSpace Echo,Empyrean Wish
25162,263608,2025-08-30,2,3-star,Limited,Deepspace Wish
74983,263608,2025-08-30,3,3-star,Rippling Echo,Empyrean Wish
36354,263608,2025-09-01,4,3-star,Rippling Echo,Empyrean Wish
49351,263608,2025-09-03,5,4-star,XSpace Echo,Empyrean Wish
91636,263608,2025-10-28,6,3-star,XSpace Echo,Empyrean Wish
11855,263608,2025-11-01,7,3-star,Limited,Deepspace Wish
72745,263608,2025-11-24,8,3-star,Limited,Deepspace Wish
85767,795855,2025-02-05,1,4-star,Limited,Deepspace Wish
78590,795855,2025-02-12,2,3-star,Limited,Deepspace Wish
33263,795855,2025-02-13,3,3-star,Limited,Deepspace Wish
58740,795855,2025-02-15,4,3-star,XSpace Echo,Empyrean Wish
51032,795855,2025-02-20,5,3-star,Rippling Echo,Empyrean Wish
51791,795855,2025-02-21,6,3-star,Limited,Deepspace Wish
88792,795855,2025-03-03,7,4-star,Limited,Deepspace Wish
39890,795855,2025-03-04,8,3-star,XSpace Echo,Empyrean Wish
24760,795855,2025-03-08,9,3-star,XSpace Echo,Empyrean Wish
81300,795855,2025-03-09,10,3-star,XSpace Echo,Empyrean Wish
62421,795855,2025-03-10,11,3-star,Limited,Deepspace Wish
90094,795855,2025-03-20,12,4-star,Limited,Deepspace Wish
90380,795855,2025-04-03,13,3-star,XSpace Echo,Empyrean Wish
36066,795855,2025-04-05,14,3-star,Rippling Echo,Empyrean Wish
37931,795855,2025-04-14,15,3-star,XSpace Echo,Empyrean Wish
89928,795855,2025-04-18,16,3-star,XSpace Echo,Empyrean Wish
90251,795855,2025-04-24,17,3-star,Limited,Deepspace Wish
30495,795855,2025-05-06,18,3-star,XSpace Echo,Empyrean Wish
21033,795855,2025-05-18,19,3-star,Rippling Echo,Empyrean Wish
59257,795855,2025-05-23,20,3-star,XSpace Echo,Empyrean Wish
85636,795855,2025-06-02,21,3-star,Rippling Echo,Empyrean Wish
15466,795855,2025-06-14,22,4-star,Rippling Echo,Empyrean Wish
73345,795855,2025-06-15,23,3-star,Limited,Deepspace Wish
51179,795855,2025-06-28,24,3-star,Rippling Echo,Empyrean Wish
70915,795855,2025-07-02,25,3-star,Rippling Echo,Empyrean Wish
53526,795855,2025-07-03,26,3-star,Rippling Echo,Empyrean Wish
47750,795855,2025-07-06,27,3-star,Rippling Echo,Empyrean Wish
28058,795855,2025-07-07,28,3-star,Limited,Deepspace Wish
77778,795855,2025-07-13,29,3-star,Limited,Deepspace Wish
52717,795855,2025-07-16,30,3-star,Limited,Deepspace Wish
63147,795855,2025-07-23,31,3-star,Limited,Deepspace Wish
32733,795855,2025-07-29,32,4-star,Rippling Echo,Empyrean Wish
55165,795855,2025-08-03,33,3-star,XSpace Echo,Empyrean Wish
37467,795855,2025-08-06,34,3-star,Limited,Deepspace Wish
82599,795855,2025-08-12,35,3-star,Limited,Deepspace Wish
63339,795855,2025-08-14,36,3-star,Rippling Echo,Empyrean Wish
89825,795855,2025-08-16,37,3-star,XSpace Echo,Empyrean Wish
35448,795855,2025-09-04,38,3-star,Limited,Deepspace Wish
77835,795855,2025-09-09,39,3-star,Rippling Echo,Empyrean Wish
16987,795855,2025-09-12,40,3-star,Rippling Echo,Empyrean Wish
84850,795855,2025-09-14,41,3-star,Limited,Deepspace Wish
86822,795855,2025-09-17,42,4-star,Rippling Echo,Empyrean Wish
60421,795855,2025-10-11,43,3-star,XSpace Echo,Empyrean Wish
87415,795855,2025-10-23,44,3-star,Rippling Echo,Empyrean Wish
62357,795855,2025-10-24,45,3-star,Rippling Echo,Empyrean Wish
70330,795855,2025-10-29,46,3-star,Limited,Deepspace Wish
55534,795855,2025-11-04,47,3-star,XSpace Echo,Empyrean Wish
72725,795855,2025-11-13,48,3-star,XSpace Echo,Empyrean Wish
65743,795855,2025-11-15,49,3-star,Limited,Deepspace Wish
89815,795855,2025-11-18,50,3-star,XSpace Echo,Empyrean Wish
25118,795855,2025-12-05,51,3-star,XSpace Echo,Empyrean Wish
44975,795855,2025-12-06,52,4-star,Limited,Deepspace Wish
49788,795855,2025-12-08,53,3-star,Limited,Deepspace Wish
95521,795855,2025-12-08,54,3-star,Limited,Deepspace Wish
71362,795855,2025-12-11,55,3-star,XSpace Echo,Empyrean Wish
60507,795855,2025-12-23,56,3-star,XSpace Echo,Empyrean Wish
98512,795855,2025-12-23,57,3-star,XSpace Echo,Empyrean Wish
17729,795855,2026-01-01,58,3-star,Limited,Deepspace Wish
75747,741327,2025-07-14,1,3-star,Rippling Echo,Empyrean Wish
23711,741327,2025-08-22,2,3-star,Limited,Deepspace Wish
33227,543611,2025-05-16,1,4-star,Rippling Echo,Empyrean Wish
44300,543611,2025-07-01,2,3-star,Rippling Echo,Empyrean Wish
34615,543611,2025-07-15,3,3-star,XSpace Echo,Empyrean Wish
71287,543611,2025-07-27,4,3-star,Rippling Echo,Empyrean Wish
58501,543611,2025-08-19,5,3-star,Rippling Echo,Empyrean Wish
66497,543611,2025-08-31,6,3-star,Rippling Echo,Empyrean Wish
38502,543611,2025-09-06,7,3-star,Rippling Echo,Empyrean Wish
13534,543611,2025-09-10,8,3-star,Rippling Echo,Empyrean Wish
66435,543611,2025-09-14,9,3-star,Rippling Echo,Empyrean Wish
80721,543611,2025-09-17,10,3-star,Limited,Deepspace Wish
63033,543611,2025-10-24,11,4-star,Rippling Echo,Empyrean Wish
79651,543611,2025-10-28,12,3-star,XSpace Echo,Empyrean Wish
49381,543611,2025-11-19,13,3-star,Rippling Echo,Empyrean Wish
18781,543611,2025-11-27,14,3-star,Rippling Echo,Empyrean Wish
92279,543611,2025-12-16,15,3-star,Limited,Deepspace Wish
23070,558280,2025-09-06,1,3-star,Limited,Deepspace Wish
50077,558280,2025-11-17,2,3-star,Limited,Deepspace Wish
82254,558280,2025-12-02,3,3-star,Limited,Deepspace Wish
23653,159745,2025-08-23,1,3-star,Rippling Echo,Empyrean Wish
11713,159745,2025-08-25,2,3-star,XSpace Echo,Empyrean Wish
75963,159745,2025-09-05,3,4-star,Limited,Deepspace Wish
16282,159745,2025-09-11,4,3-star,Limited,Deepspace Wish
90156,159745,2025-09-29,5,3-star,Rippling Echo,Empyrean Wish
67898,159745,2025-10-12,6,3-star,Limited,Deepspace Wish
44838,159745,2025-10-24,7,3-star,Rippling Echo,Empyrean Wish
12190,159745,2025-11-01,8,3-star,Limited,Deepspace Wish
45215,159745,2025-11-02,9,3-star,Limited,Deepspace Wish
14986,159745,2025-11-13,10,3-star,Limited,Deepspace Wish
43076,159745,2025-12-22,11,3-star,Limited,Deepspace Wish
69349,111393,2025-11-10,1,3-star,XSpace Echo,Empyrean Wish
78133,111393,2025-11-16,2,3-star,Limited,Deepspace Wish
88165,111393,2025-11-16,3,3-star,Limited,Deepspace Wish
36990,111393,2025-11-18,4,3-star,Limited,Deepspace Wish
47023,111393,2025-11-18,5,3-star,Rippling Echo,Empyrean Wish
30227,111393,2025-11-24,6,3-star,Rippling Echo,Empyrean Wish
26518,111393,2025-12-17,7,3-star,XSpace Echo,Empyrean Wish
96583,111393,2025-12-22,8,3-star,XSpace Echo,Empyrean Wish
36659,111393,2025-12-23,9,3-star,Rippling Echo,Empyrean Wish
59128,921713,2025-03-25,1,3-star,Rippling Echo,Empyrean Wish
70014,921713,2025-04-05,2,3-star,XSpace Echo,Empyrean Wish
71429,921713,2025-07-12,3,3-star,Rippling Echo,Empyrean Wish
32328,921713,2025-08-17,4,3-star,XSpace Echo,Empyrean Wish
89232,921713,2025-12-08,5,3-star,Rippling Echo,Empyrean Wish
15616,452311,2025-10-18,1,3-star,XSpace Echo,Empyrean Wish
58989,452311,2025-10-31,2,3-star,XSpace Echo,Empyrean Wish
96736,452311,2025-11-11,3,3-star,XSpace Echo,Empyrean Wish
93771,452311,2025-11-11,4,3-star,Limited,Deepspace Wish
13023,452311,2025-11-12,5,3-star,XSpace Echo,Empyrean Wish
14208,452311,2025-11-12,6,3-star,Rippling Echo,Empyrean Wish
93622,452311,2025-11-15,7,3-star,Rippling Echo,Empyrean Wish
78382,452311,2025-11-17,8,3-star,Rippling Echo,Empyrean Wish
68368,452311,2025-11-18,9,3-star,XSpace Echo,Empyrean Wish
63136,452311,2025-11-19,10,4-star,XSpace Echo,Empyrean Wish
21939,452311,2025-11-21,11,3-star,XSpace Echo,Empyrean Wish
63908,452311,2025-11-24,12,3-star,Limited,Deepspace Wish
94038,452311,2025-11-25,13,3-star,Limited,Deepspace Wish
27607,452311,2025-11-26,14,3-star,Limited,Deepspace Wish
90885,452311,2025-11-26,15,3-star,Limited,Deepspace Wish
56095,452311,2025-11-28,16,3-star,Limited,Deepspace Wish
83432,452311,2025-12-16,17,3-star,Limited,Deepspace Wish
54615,452311,2025-12-20,18,3-star,XSpace Echo,Empyrean Wish
81966,452311,2025-12-22,19,3-star,Limited,Deepspace Wish
59868,452311,2025-12-27,20,4-star,Rippling Echo,Empyrean Wish
48021,452311,2025-12-30,21,3-star,XSpace Echo,Empyrean Wish
69964,452311,2025-12-30,22,4-star,Limited,Deepspace Wish
27676,834590,2025-08-14,1,3-star,Rippling Echo,Empyrean Wish
22313,834590,2025-10-03,2,3-star,Limited,Deepspace Wish
19425,834590,2025-11-14,3,3-star,Limited,Deepspace Wish
59516,834590,2025-11-18,4,3-star,Rippling Echo,Empyrean Wish
33733,338472,2025-06-28,1,3-star,Rippling Echo,Empyrean Wish
73324,338472,2025-07-20,2,3-star,Limited,Deepspace Wish
82701,338472,2025-10-14,3,4-star,Limited,Deepspace Wish
96576,338472,2025-10-26,4,3-star,Limited,Deepspace Wish
60269,338472,2025-10-26,5,3-star,Limited,Deepspace Wish
53813,338472,2025-12-04,6,3-star,XSpace Echo,Empyrean Wish
59816,338472,2025-12-04,7,3-star,XSpace Echo,Empyrean Wish
61441,128758,2025-04-21,1,3-star,Limited,Deepspace Wish
42852,128758,2025-06-23,2,3-star,Rippling Echo,Empyrean Wish
87683,128758,2025-10-20,3,3-star,XSpace Echo,Empyrean Wish
62078,504266,2025-07-25,1,3-star,XSpace Echo,Empyrean Wish
35304,504266,2025-07-25,2,3-star,Limited,Deepspace Wish
30290,504266,2025-08-17,3,3-star,XSpace Echo,Empyrean Wish
73534,504266,2025-10-25,4,4-star,XSpace Echo,Empyrean Wish
19934,504266,2025-11-10,5,3-star,XSpace Echo,Empyrean Wish
37542,504266,2025-12-16,6,3-star,Limited,Deepspace Wish
46351,504266,2025-12-20,7,3-star,Limited,Deepspace Wish
57682,687078,2025-06-26,1,3-star,Rippling Echo,Empyrean Wish
79585,687078,2025-10-21,2,3-star,Limited,Deepspace Wish
44054,687078,2025-10-31,3,3-star,XSpace Echo,Empyrean Wish
62366,687078,2025-11-03,4,3-star,Rippling Echo,Empyrean Wish
91268,687078,2025-11-16,5,3-star,XSpace Echo,Empyrean Wish
92281,687078,2025-12-14,6,3-star,Rippling Echo,Empyrean Wish
20794,804587,2025-07-08,1,3-star,XSpace Echo,Empyrean Wish
84563,804587,2025-07-16,2,3-star,Limited,Deepspace Wish
91852,804587,2025-07-20,3,3-star,XSpace Echo,Empyrean Wish
69395,804587,2025-07-24,4,3-star,Limited,Deepspace Wish
48630,804587,2025-08-02,5,3-star,XSpace Echo,Empyrean Wish
16917,804587,2025-08-05,6,3-star,Limited,Deepspace Wish
46958,804587,2025-08-08,7,3-star,XSpace Echo,Empyrean Wish
23194,804587,2025-08-13,8,3-star,Limited,Deepspace Wish
49288,804587,2025-08-13,9,3-star,Rippling Echo,Empyrean Wish
26658,804587,2025-08-15,10,4-star,Rippling Echo,Empyrean Wish
61759,804587,2025-08-24,11,3-star,Rippling Echo,Empyrean Wish
77269,804587,2025-08-24,12,3-star,Rippling Echo,Empyrean Wish
18971,804587,2025-08-25,13,3-star,Rippling Echo,Empyrean Wish
17259,804587,2025-08-27,14,3-star,Limited,Deepspace Wish
62387,804587,2025-08-28,15,3-star,Rippling Echo,Empyrean Wish
86771,804587,2025-08-28,16,3-star,Rippling Echo,Empyrean Wish
72841,804587,2025-08-30,17,3-star,Limited,Deepspace Wish
14606,804587,2025-09-10,18,3-star,Limited,Deepspace Wish
29518,804587,2025-09-12,19,3-star,XSpace Echo,Empyrean Wish
92469,804587,2025-09-21,20,4-star,Limited,Deepspace Wish
12997,804587,2025-09-22,21,3-star,Rippling Echo,Empyrean Wish
80915,804587,2025-09-24,22,4-star,Limited,Deepspace Wish
96275,804587,2025-10-06,23,3-star,Rippling Echo,Empyrean Wish
27127,804587,2025-10-09,24,3-star,Limited,Deepspace Wish
54904,804587,2025-10-10,25,3-star,Limited,Deepspace Wish
41185,804587,2025-10-11,26,3-star,XSpace Echo,Empyrean Wish
30353,804587,2025-10-17,27,3-star,XSpace Echo,Empyrean Wish
13662,804587,2025-10-24,28,3-star,Rippling Echo,Empyrean Wish
20061,804587,2025-10-24,29,3-star,XSpace Echo,Empyrean Wish
51715,804587,2025-11-03,30,3-star,Limited,Deepspace Wish
25471,804587,2025-11-05,31,3-star,Rippling Echo,Empyrean Wish
35686,804587,2025-11-06,32,4-star,Rippling Echo,Empyrean Wish
32755,804587,2025-11-18,33,3-star,Rippling Echo,Empyrean Wish
27717,804587,2025-11-20,34,3-star,Limited,Deepspace Wish
85061,804587,2025-11-24,35,3-star,Limited,Deepspace Wish
83554,804587,2025-12-14,36,3-star,Rippling Echo,Empyrean Wish
46156,804587,2025-12-20,37,3-star,Limited,Deepspace Wish
24501,804587,2025-12-26,38,3-star,XSpace Echo,Empyrean Wish
15040,804587,2025-12-29,39,3-star,Limited,Deepspace Wish
61232,804587,2025-12-29,40,3-star,Rippling Echo,Empyrean Wish
93816,804587,2025-12-31,41,3-star,Rippling Echo,Empyrean Wish
21131,373348,2025-12-30,1,3-star,Rippling Echo,Empyrean Wish
77296,373348,2025-12-30,2,3-star,Rippling Echo,Empyrean Wish
78987,373348,2025-12-30,3,5-star,Limited,Deepspace Wish
23052,373348,2025-12-31,4,3-star,Limited,Deepspace Wish
38043,373348,2025-12-31,5,3-star,Limited,Deepspace Wish
31322,373348,2025-12-31,6,3-star,Rippling Echo,Empyrean Wish
98900,373348,2025-12-31,7,3-star,Limited,Deepspace Wish
28847,373348,2026-01-01,8,3-star,XSpace Echo,Empyrean Wish
73820,373348,2026-01-01,9,3-star,Limited,Deepspace Wish
68503,372956,2025-02-02,1,3-star,Rippling Echo,Empyrean Wish
71779,372956,2025-02-02,2,3-star,Rippling Echo,Empyrean Wish
30863,372956,2025-02-21,3,3-star,Rippling Echo,Empyrean Wish
29305,372956,2025-03-02,4,3-star,Limited,Deepspace Wish
84860,372956,2025-03-05,5,3-star,XSpace Echo,Empyrean Wish
80982,372956,2025-03-11,6,3-star,XSpace Echo,Empyrean Wish
70765,372956,2025-05-26,7,3-star,XSpace Echo,Empyrean Wish
43950,372956,2025-06-04,8,3-star,XSpace Echo,Empyrean Wish
16839,372956,2025-06-30,9,3-star,Rippling Echo,Empyrean Wish
38278,372956,2025-09-19,10,4-star,XSpace Echo,Empyrean Wish
84546,372956,2025-09-30,11,3-star,XSpace Echo,Empyrean Wish
13699,372956,2025-10-20,12,3-star,Limited,Deepspace Wish
37638,372956,2025-11-22,13,3-star,Rippling Echo,Empyrean Wish
87145,902015,2025-12-14,1,3-star,Limited,Deepspace Wish
25448,902015,2025-12-14,2,3-star,XSpace Echo,Empyrean Wish
74245,902015,2025-12-17,3,3-star,Limited,Deepspace Wish
19259,902015,2025-12-17,4,3-star,Limited,Deepspace Wish
27832,902015,2025-12-17,5,3-star,Rippling Echo,Empyrean Wish
59932,902015,2025-12-19,6,3-star,Limited,Deepspace Wish
25310,902015,2025-12-19,7,3-star,XSpace Echo,Empyrean Wish
97232,902015,2025-12-22,8,3-star,Limited,Deepspace Wish
76728,902015,2025-12-24,9,3-star,Limited,Deepspace Wish
91234,902015,2025-12-26,10,4-star,XSpace Echo,Empyrean Wish
67866,902015,2025-12-26,11,3-star,XSpace Echo,Empyrean Wish
66524,902015,2025-12-27,12,4-star,Limited,Deepspace Wish
81875,902015,2025-12-27,13,3-star,XSpace Echo,Empyrean Wish
91699,902015,2025-12-30,14,3-star,XSpace Echo,Empyrean Wish
62719,902015,2025-12-31,15,3-star,Limited,Deepspace Wish
69896,902015,2026-01-01,16,3-star,Rippling Echo,Empyrean Wish
14854,429077,2025-04-26,1,3-star,XSpace Echo,Empyrean Wish
89364,429077,2025-06-20,2,4-star,Limited,Deepspace Wish
95480,429077,2025-06-28,3,3-star,Limited,Deepspace Wish
20062,429077,2025-07-08,4,3-star,Rippling Echo,Empyrean Wish
98107,429077,2025-08-22,5,3-star,Limited,Deepspace Wish
42335,429077,2025-08-24,6,3-star,Limited,Deepspace Wish
38246,429077,2025-09-20,7,3-star,Rippling Echo,Empyrean Wish
81648,429077,2025-09-22,8,3-star,Limited,Deepspace Wish
35878,429077,2025-10-12,9,3-star,XSpace Echo,Empyrean Wish
69291,429077,2025-11-01,10,4-star,Rippling Echo,Empyrean Wish
15187,429077,2025-11-06,11,3-star,Limited,Deepspace Wish
92661,429077,2025-12-03,12,3-star,Limited,Deepspace Wish
66193,429077,2025-12-29,13,3-star,Rippling Echo,Empyrean Wish
76443,574796,2025-10-13,1,4-star,Rippling Echo,Empyrean Wish
66449,574796,2025-10-15,2,3-star,Limited,Deepspace Wish
35092,574796,2025-10-17,3,3-star,Rippling Echo,Empyrean Wish
22124,574796,2025-10-21,4,3-star,Rippling Echo,Empyrean Wish
51056,574796,2025-10-22,5,3-star,XSpace Echo,Empyrean Wish
44382,574796,2025-10-24,6,4-star,Limited,Deepspace Wish
97271,574796,2025-10-31,7,3-star,Rippling Echo,Empyrean Wish
92047,574796,2025-10-31,8,3-star,XSpace Echo,Empyrean Wish
56005,574796,2025-11-06,9,3-star,Limited,Deepspace Wish
39384,574796,2025-11-07,10,3-star,XSpace Echo,Empyrean Wish
24959,574796,2025-11-10,11,3-star,Limited,Deepspace Wish
35885,574796,2025-11-12,12,3-star,Rippling Echo,Empyrean Wish
94908,574796,2025-11-12,13,3-star,Limited,Deepspace Wish
69953,574796,2025-11-13,14,3-star,Rippling Echo,Empyrean Wish
39938,574796,2025-11-14,15,3-star,Rippling Echo,Empyrean Wish
76332,574796,2025-11-16,16,4-star,Limited,Deepspace Wish
57118,574796,2025-11-17,17,3-star,Limited,Deepspace Wish
33194,574796,2025-11-18,18,3-star,Rippling Echo,Empyrean Wish
49034,574796,2025-11-21,19,3-star,Limited,Deepspace Wish
66651,574796,2025-11-21,20,3-star,Limited,Deepspace Wish
64041,574796,2025-11-21,21,4-star,XSpace Echo,Empyrean Wish
44629,574796,2025-11-21,22,3-star,Rippling Echo,Empyrean Wish
89682,574796,2025-11-22,23,3-star,XSpace Echo,Empyrean Wish
18919,574796,2025-11-27,24,3-star,Rippling Echo,Empyrean Wish
25357,574796,2025-11-29,25,3-star,Rippling Echo,Empyrean Wish
15736,574796,2025-11-30,26,3-star,Rippling Echo,Empyrean Wish
92141,574796,2025-12-02,27,3-star,Limited,Deepspace Wish
48599,574796,2025-12-05,28,3-star,XSpace Echo,Empyrean Wish
38756,574796,2025-12-07,29,3-star,Limited,Deepspace Wish
28960,574796,2025-12-09,30,3-star,Limited,Deepspace Wish
90231,574796,2025-12-15,31,4-star,Limited,Deepspace Wish
67390,574796,2025-12-19,32,3-star,Limited,Deepspace Wish
88771,574796,2025-12-21,33,3-star,Limited,Deepspace Wish
58958,574796,2025-12-24,34,3-star,XSpace Echo,Empyrean Wish
85992,574796,2025-12-29,35,3-star,XSpace Echo,Empyrean Wish
63802,574796,2025-12-31,36,3-star,XSpace Echo,Empyrean Wish
64115,888577,2025-06-02,1,3-star,Limited,Deepspace Wish
76046,888577,2025-06-16,2,3-star,Limited,Deepspace Wish
27162,888577,2025-06-17,3,3-star,XSpace Echo,Empyrean Wish
43497,888577,2025-06-23,4,3-star,Limited,Deepspace Wish
79593,888577,2025-06-27,5,3-star,XSpace Echo,Empyrean Wish
77565,888577,2025-06-27,6,3-star,Limited,Deepspace Wish
25995,888577,2025-06-29,7,3-star,XSpace Echo,Empyrean Wish
63642,888577,2025-07-02,8,3-star,Rippling Echo,Empyrean Wish
67774,888577,2025-07-20,9,3-star,Rippling Echo,Empyrean Wish
80985,888577,2025-07-20,10,4-star,XSpace Echo,Empyrean Wish
94112,888577,2025-07-25,11,3-star,Limited,Deepspace Wish
11552,888577,2025-07-26,12,3-star,XSpace Echo,Empyrean Wish
50144,888577,2025-07-30,13,3-star,XSpace Echo,Empyrean Wish
36864,888577,2025-09-25,14,3-star,Limited,Deepspace Wish
75138,888577,2025-10-12,15,3-star,Limited,Deepspace Wish
56790,888577,2025-10-28,16,3-star,Limited,Deepspace Wish
46053,888577,2025-11-29,17,3-star,XSpace Echo,Empyrean Wish
94546,888577,2025-12-02,18,3-star,XSpace Echo,Empyrean Wish
18508,888577,2025-12-15,19,4-star,Rippling Echo,Empyrean Wish
65768,888577,2025-12-16,20,3-star,Limited,Deepspace Wish
27524,888577,2025-12-18,21,3-star,Limited,Deepspace Wish
76157,888577,2025-12-24,22,4-star,XSpace Echo,Empyrean Wish
27213,888577,2025-12-26,23,3-star,XSpace Echo,Empyrean Wish
16046,888577,2025-12-30,24,3-star,XSpace Echo,Empyrean Wish
85347,275820,2025-09-22,1,3-star,Rippling Echo,Empyrean Wish
17188,275820,2025-09-26,2,3-star,Limited,Deepspace Wish
33678,275820,2025-09-30,3,3-star,Limited,Deepspace Wish
29480,275820,2025-10-02,4,3-star,XSpace Echo,Empyrean Wish
92670,275820,2025-10-07,5,3-star,XSpace Echo,Empyrean Wish
76562,275820,2025-10-09,6,3-star,Rippling Echo,Empyrean Wish
71489,275820,2025-10-11,7,3-star,Limited,Deepspace Wish
29070,275820,2025-10-19,8,3-star,XSpace Echo,Empyrean Wish
70901,275820,2025-10-21,9,3-star,Rippling Echo,Empyrean Wish
51875,275820,2025-10-29,10,4-star,Rippling Echo,Empyrean Wish
56122,275820,2025-11-11,11,3-star,XSpace Echo,Empyrean Wish
18231,275820,2025-11-17,12,3-star,Limited,Deepspace Wish
41727,275820,2025-11-19,13,3-star,Rippling Echo,Empyrean Wish
30844,275820,2025-11-24,14,3-star,XSpace Echo,Empyrean Wish
60933,275820,2025-11-26,15,3-star,Rippling Echo,Empyrean Wish
48769,275820,2025-11-27,16,3-star,Rippling Echo,Empyrean Wish
69661,275820,2025-12-05,17,3-star,Limited,Deepspace Wish
49352,275820,2025-12-14,18,3-star,Rippling Echo,Empyrean Wish
43805,275820,2025-12-17,19,3-star,Limited,Deepspace Wish
46243,275820,2025-12-20,20,4-star,XSpace Echo,Empyrean Wish
73811,275820,2025-12-28,21,3-star,Limited,Deepspace Wish
88389,275820,2025-12-28,22,3-star,XSpace Echo,Empyrean Wish
23049,275820,2025-12-30,23,3-star,XSpace Echo,Empyrean Wish
62158,275820,2025-12-30,24,3-star,XSpace Echo,Empyrean Wish
18960,911910,2025-09-30,1,3-star,Rippling Echo,Empyrean Wish
52555,911910,2025-11-04,2,3-star,Rippling Echo,Empyrean Wish
91331,911910,2025-11-07,3,3-star,Rippling Echo,Empyrean Wish
70210,228614,2025-11-19,1,3-star,XSpace Echo,Empyrean Wish
48147,228614,2025-11-20,2,3-star,Rippling Echo,Empyrean Wish
91677,228614,2025-11-25,3,3-star,XSpace Echo,Empyrean Wish
12167,228614,2025-11-29,4,4-star,Limited,Deepspace Wish
63665,228614,2025-12-08,5,3-star,XSpace Echo,Empyrean Wish
21472,228614,2025-12-10,6,4-star,Rippling Echo,Empyrean Wish
45257,228614,2025-12-12,7,3-star,Rippling Echo,Empyrean Wish
64709,531336,2025-03-15,1,3-star,XSpace Echo,Empyrean Wish
82869,531336,2025-03-25,2,3-star,Limited,Deepspace Wish
12066,531336,2025-03-25,3,3-star,Limited,Deepspace Wish
18806,531336,2025-03-27,4,3-star,Limited,Deepspace Wish
49793,531336,2025-04-07,5,3-star,Limited,Deepspace Wish
81347,531336,2025-04-10,6,3-star,Rippling Echo,Empyrean Wish
95300,531336,2025-04-14,7,3-star,XSpace Echo,Empyrean Wish
41623,531336,2025-04-20,8,3-star,Limited,Deepspace Wish
30420,531336,2025-04-28,9,3-star,Limited,Deepspace Wish
15183,531336,2025-05-04,10,4-star,Limited,Deepspace Wish
25136,531336,2025-05-09,11,3-star,XSpace Echo,Empyrean Wish
50230,531336,2025-05-13,12,3-star,XSpace Echo,Empyrean Wish
43593,531336,2025-05-16,13,3-star,Rippling Echo,Empyrean Wish
36521,531336,2025-06-27,14,3-star,Rippling Echo,Empyrean Wish
33885,531336,2025-06-29,15,3-star,Limited,Deepspace Wish
18389,531336,2025-06-30,16,4-star,XSpace Echo,Empyrean Wish
53602,531336,2025-07-05,17,3-star,Limited,Deepspace Wish
63401,531336,2025-07-10,18,3-star,XSpace Echo,Empyrean Wish
88884,531336,2025-07-20,19,3-star,Rippling Echo,Empyrean Wish
44539,531336,2025-07-29,20,3-star,Limited,Deepspace Wish
59401,531336,2025-08-05,21,3-star,Rippling Echo,Empyrean Wish
10594,531336,2025-08-11,22,3-star,Limited,Deepspace Wish
33456,531336,2025-08-21,23,3-star,Limited,Deepspace Wish
93297,531336,2025-08-26,24,3-star,Rippling Echo,Empyrean Wish
92439,531336,2025-09-01,25,3-star,Limited,Deepspace Wish
42399,531336,2025-09-01,26,4-star,Limited,Deepspace Wish
45913,531336,2025-09-03,27,3-star,Rippling Echo,Empyrean Wish
19005,531336,2025-09-26,28,3-star,Limited,Deepspace Wish
58424,531336,2025-09-26,29,3-star,XSpace Echo,Empyrean Wish
96906,531336,2025-09-28,30,3-star,XSpace Echo,Empyrean Wish
34269,531336,2025-10-02,31,3-star,Limited,Deepspace Wish
20848,531336,2025-10-03,32,3-star,Rippling Echo,Empyrean Wish
51756,531336,2025-10-17,33,3-star,XSpace Echo,Empyrean Wish
67110,531336,2025-10-20,34,3-star,Rippling Echo,Empyrean Wish
45773,531336,2025-10-20,35,3-star,Limited,Deepspace Wish
92285,531336,2025-10-20,36,4-star,Rippling Echo,Empyrean Wish
87776,531336,2025-10-30,37,3-star,Limited,Deepspace Wish
12129,531336,2025-11-08,38,3-star,Limited,Deepspace Wish
88989,531336,2025-11-18,39,3-star,Rippling Echo,Empyrean Wish
60291,531336,2025-11-21,40,4-star,Limited,Deepspace Wish
62810,531336,2025-11-23,41,3-star,Rippling Echo,Empyrean Wish
24476,531336,2025-12-03,42,4-star,Limited,Deepspace Wish
79304,531336,2025-12-03,43,3-star,Rippling Echo,Empyrean Wish
16896,531336,2025-12-09,44,3-star,Limited,Deepspace Wish
62406,531336,2025-12-27,45,3-star,XSpace Echo,Empyrean Wish
98078,531336,2025-12-28,46,3-star,Rippling Echo,Empyrean Wish
46184,637774,2025-11-14,1,3-star,Limited,Deepspace Wish
26723,637774,2025-11-19,2,4-star,Limited,Deepspace Wish
51490,637774,2025-11-26,3,3-star,Rippling Echo,Empyrean Wish
73243,637774,2025-12-01,4,3-star,XSpace Echo,Empyrean Wish
36023,637774,2025-12-11,5,3-star,Rippling Echo,Empyrean Wish
20435,637774,2025-12-12,6,3-star,Rippling Echo,Empyrean Wish
78270,637774,2025-12-15,7,4-star,Rippling Echo,Empyrean Wish
38978,637774,2025-12-16,8,3-star,XSpace Echo,Empyrean Wish
34521,637774,2025-12-23,9,3-star,XSpace Echo,Empyrean Wish
75644,637774,2025-12-23,10,3-star,XSpace Echo,Empyrean Wish
49155,637774,2025-12-31,11,3-star,Limited,Deepspace Wish
89361,584250,2025-03-29,1,3-star,Rippling Echo,Empyrean Wish
46414,584250,2025-04-03,2,3-star,XSpace Echo,Empyrean Wish
29002,584250,2025-05-23,3,3-star,Rippling Echo,Empyrean Wish
58654,584250,2025-06-03,4,3-star,Limited,Deepspace Wish
65913,584250,2025-06-07,5,3-star,Rippling Echo,Empyrean Wish
78312,584250,2025-06-16,6,3-star,Limited,Deepspace Wish
46324,584250,2025-06-22,7,3-star,XSpace Echo,Empyrean Wish
53746,584250,2025-06-28,8,3-star,Limited,Deepspace Wish
82600,584250,2025-07-06,9,3-star,Rippling Echo,Empyrean Wish
55401,584250,2025-08-23,10,4-star,Rippling Echo,Empyrean Wish
47052,584250,2025-08-30,11,4-star,Limited,Deepspace Wish
17688,584250,2025-09-27,12,3-star,Rippling Echo,Empyrean Wish
72717,584250,2025-10-06,13,3-star,Limited,Deepspace Wish
22863,584250,2025-11-09,14,3-star,Rippling Echo,Empyrean Wish
79820,584250,2025-11-21,15,3-star,XSpace Echo,Empyrean Wish
85395,584250,2025-12-30,16,3-star,Limited,Deepspace Wish
85330,584250,2025-12-30,17,3-star,Rippling Echo,Empyrean Wish
49311,866987,2025-11-09,1,3-star,Limited,Deepspace Wish
74319,866987,2025-11-14,2,3-star,Rippling Echo,Empyrean Wish
33631,866987,2025-11-15,3,3-star,XSpace Echo,Empyrean Wish
10753,866987,2025-11-16,4,3-star,Rippling Echo,Empyrean Wish
98844,866987,2025-11-23,5,3-star,Rippling Echo,Empyrean Wish
86127,866987,2025-11-27,6,3-star,XSpace Echo,Empyrean Wish
36346,866987,2025-11-28,7,3-star,XSpace Echo,Empyrean Wish
15642,866987,2025-11-28,8,3-star,XSpace Echo,Empyrean Wish
46931,866987,2025-11-28,9,3-star,Limited,Deepspace Wish
37086,866987,2025-11-29,10,4-star,Rippling Echo,Empyrean Wish
55652,866987,2025-12-03,11,3-star,Rippling Echo,Empyrean Wish
47157,866987,2025-12-04,12,3-star,Limited,Deepspace Wish
33591,866987,2025-12-09,13,3-star,Rippling Echo,Empyrean Wish
92567,866987,2025-12-16,14,3-star,Limited,Deepspace Wish
16718,866987,2025-12-18,15,3-star,Rippling Echo,Empyrean Wish
39977,866987,2025-12-21,16,3-star,XSpace Echo,Empyrean Wish
57706,866987,2025-12-23,17,3-star,Limited,Deepspace Wish
85031,866987,2025-12-24,18,3-star,Rippling Echo,Empyrean Wish
39680,772764,2025-01-15,1,3-star,Rippling Echo,Empyrean Wish
93124,506147,2025-10-09,1,3-star,Rippling Echo,Empyrean Wish
95562,506147,2025-10-10,2,3-star,XSpace Echo,Empyrean Wish
83651,506147,2025-10-13,3,3-star,Rippling Echo,Empyrean Wish
39598,506147,2025-10-19,4,3-star,Limited,Deepspace Wish
37635,506147,2025-10-22,5,3-star,XSpace Echo,Empyrean Wish
13266,506147,2025-10-24,6,3-star,Limited,Deepspace Wish
44174,506147,2025-10-24,7,3-star,Rippling Echo,Empyrean Wish
39422,506147,2025-11-02,8,3-star,Rippling Echo,Empyrean Wish
11750,506147,2025-11-04,9,3-star,XSpace Echo,Empyrean Wish
23579,506147,2025-11-07,10,4-star,Limited,Deepspace Wish
11642,506147,2025-11-10,11,3-star,XSpace Echo,Empyrean Wish
42165,506147,2025-11-15,12,3-star,Rippling Echo,Empyrean Wish
57525,506147,2025-11-15,13,3-star,Limited,Deepspace Wish
27444,506147,2025-11-15,14,3-star,XSpace Echo,Empyrean Wish
63663,506147,2025-11-15,15,3-star,Limited,Deepspace Wish
27990,506147,2025-11-19,16,3-star,Rippling Echo,Empyrean Wish
26551,506147,2025-11-19,17,3-star,Limited,Deepspace Wish
41411,506147,2025-11-20,18,3-star,Rippling Echo,Empyrean Wish
66059,506147,2025-11-21,19,3-star,Limited,Deepspace Wish
64508,506147,2025-11-24,20,4-star,XSpace Echo,Empyrean Wish
21116,506147,2025-11-26,21,3-star,Rippling Echo,Empyrean Wish
97150,506147,2025-12-01,22,3-star,Limited,Deepspace Wish
90854,506147,2025-12-01,23,3-star,XSpace Echo,Empyrean Wish
95827,506147,2025-12-07,24,3-star,Rippling Echo,Empyrean Wish
14348,506147,2025-12-17,25,3-star,Limited,Deepspace Wish
76671,506147,2025-12-19,26,3-star,Limited,Deepspace Wish
59971,506147,2025-12-20,27,3-star,Rippling Echo,Empyrean Wish
56453,506147,2025-12-21,28,3-star,Rippling Echo,Empyrean Wish
11374,506147,2025-12-26,29,3-star,Rippling Echo,Empyrean Wish
26638,506147,2026-01-01,30,4-star,Limited,Deepspace Wish
38715,527818,2025-05-17,1,3-star,Rippling Echo,Empyrean Wish
24051,527818,2025-07-04,2,3-star,Limited,Deepspace Wish
30832,527818,2025-07-30,3,3-star,Limited,Deepspace Wish
59073,527818,2025-08-17,4,3-star,Limited,Deepspace Wish
57274,527818,2025-09-13,5,3-star,Limited,Deepspace Wish
96524,527818,2025-10-23,6,4-star,XSpace Echo,Empyrean Wish
74953,527818,2025-11-13,7,3-star,Limited,Deepspace Wish
31478,596367,2025-12-23,1,4-star,Limited,Deepspace Wish
83364,596367,2025-12-27,2,3-star,Limited,Deepspace Wish
82113,208144,2025-02-11,1,3-star,Rippling Echo,Empyrean Wish
60890,208144,2025-02-15,2,3-star,Rippling Echo,Empyrean Wish
95484,208144,2025-02-19,3,3-star,Limited,Deepspace Wish
91540,208144,2025-03-12,4,3-star,Rippling Echo,Empyrean Wish
45520,208144,2025-03-23,5,3-star,Limited,Deepspace Wish
73960,208144,2025-03-26,6,3-star,Rippling Echo,Empyrean Wish
48947,208144,2025-04-05,7,3-star,Limited,Deepspace Wish
77623,208144,2025-04-07,8,3-star,Limited,Deepspace Wish
60859,208144,2025-04-08,9,3-star,Limited,Deepspace Wish
63119,208144,2025-04-12,10,4-star,XSpace Echo,Empyrean Wish
25776,208144,2025-04-16,11,4-star,Limited,Deepspace Wish
59071,208144,2025-04-16,12,3-star,XSpace Echo,Empyrean Wish
72175,208144,2025-04-26,13,3-star,Limited,Deepspace Wish
37792,208144,2025-04-27,14,3-star,Limited,Deepspace Wish
91233,208144,2025-05-10,15,3-star,Limited,Deepspace Wish
75930,208144,2025-05-12,16,3-star,Limited,Deepspace Wish
19759,208144,2025-05-17,17,3-star,Rippling Echo,Empyrean Wish
45915,208144,2025-05-17,18,3-star,Rippling Echo,Empyrean Wish
36382,208144,2025-05-22,19,3-star,Rippling Echo,Empyrean Wish
29527,208144,2025-05-24,20,3-star,Limited,Deepspace Wish
54693,208144,2025-05-31,21,4-star,Rippling Echo,Empyrean Wish
50778,208144,2025-06-03,22,3-star,XSpace Echo,Empyrean Wish
20636,208144,2025-06-03,23,3-star,Rippling Echo,Empyrean Wish
55205,208144,2025-06-03,24,3-star,XSpace Echo,Empyrean Wish
76758,208144,2025-06-06,25,3-star,XSpace Echo,Empyrean Wish
42246,208144,2025-06-08,26,4-star,Rippling Echo,Empyrean Wish
79980,208144,2025-06-18,27,3-star,XSpace Echo,Empyrean Wish
50882,208144,2025-06-30,28,3-star,Rippling Echo,Empyrean Wish
81485,208144,2025-07-04,29,3-star,XSpace Echo,Empyrean Wish
57290,208144,2025-07-06,30,4-star,Limited,Deepspace Wish
43750,208144,2025-07-14,31,3-star,XSpace Echo,Empyrean Wish
56890,208144,2025-07-18,32,3-star,Limited,Deepspace Wish
41920,208144,2025-07-22,33,3-star,Limited,Deepspace Wish
24415,208144,2025-07-27,34,3-star,Rippling Echo,Empyrean Wish
94068,208144,2025-08-05,35,3-star,Limited,Deepspace Wish
48106,208144,2025-08-05,36,3-star,Limited,Deepspace Wish
35225,208144,2025-08-08,37,3-star,Limited,Deepspace Wish
70488,208144,2025-08-11,38,5-star,Rippling Echo,Empyrean Wish
69206,208144,2025-08-18,39,3-star,Limited,Deepspace Wish
67097,208144,2025-08-19,40,3-star,Rippling Echo,Empyrean Wish
46018,208144,2025-08-20,41,3-star,XSpace Echo,Empyrean Wish
15521,208144,2025-09-01,42,3-star,Limited,Deepspace Wish
67492,208144,2025-09-05,43,3-star,XSpace Echo,Empyrean Wish
51995,208144,2025-09-09,44,3-star,XSpace Echo,Empyrean Wish
78422,208144,2025-09-23,45,3-star,Rippling Echo,Empyrean Wish
33616,208144,2025-09-27,46,3-star,XSpace Echo,Empyrean Wish
96233,208144,2025-10-08,47,3-star,Rippling Echo,Empyrean Wish
85074,208144,2025-10-11,48,4-star,Rippling Echo,Empyrean Wish
35196,208144,2025-10-15,49,3-star,Limited,Deepspace Wish
21167,208144,2025-10-22,50,3-star,Rippling Echo,Empyrean Wish
36182,208144,2025-10-24,51,3-star,Limited,Deepspace Wish
55127,208144,2025-10-29,52,3-star,XSpace Echo,Empyrean Wish
27664,208144,2025-11-06,53,3-star,XSpace Echo,Empyrean Wish
17758,208144,2025-11-11,54,3-star,Limited,Deepspace Wish
34699,208144,2025-11-12,55,3-star,Limited,Deepspace Wish
92726,208144,2025-11-19,56,4-star,XSpace Echo,Empyrean Wish
99933,208144,2025-11-26,57,3-star,Limited,Deepspace Wish
44355,208144,2025-12-03,58,3-star,Limited,Deepspace Wish
15697,208144,2025-12-06,59,3-star,Limited,Deepspace Wish
63581,208144,2025-12-13,60,3-star,XSpace Echo,Empyrean Wish
83927,208144,2026-01-01,61,3-star,Limited,Deepspace Wish
25708,514937,2025-06-23,1,3-star,Rippling Echo,Empyrean Wish
42373,514937,2025-06-28,2,5-star,Limited,Deepspace Wish
58224,514937,2025-07-14,3,3-star,XSpace Echo,Empyrean Wish
17143,514937,2025-07-20,4,3-star,Rippling Echo,Empyrean Wish
25404,514937,2025-07-23,5,3-star,Limited,Deepspace Wish
74741,514937,2025-07-23,6,3-star,Rippling Echo,Empyrean Wish
41962,514937,2025-08-04,7,3-star,XSpace Echo,Empyrean Wish
17643,514937,2025-08-14,8,3-star,Limited,Deepspace Wish
51810,514937,2025-09-26,9,3-star,Limited,Deepspace Wish
20042,514937,2025-10-07,10,3-star,Limited,Deepspace Wish
24905,514937,2025-10-10,11,3-star,Limited,Deepspace Wish
86572,514937,2025-10-26,12,4-star,Rippling Echo,Empyrean Wish
18367,514937,2025-11-08,13,3-star,XSpace Echo,Empyrean Wish
11025,514937,2025-11-10,14,3-star,Limited,Deepspace Wish
56245,514937,2025-11-19,15,3-star,Limited,Deepspace Wish
82354,514937,2025-12-08,16,3-star,Rippling Echo,Empyrean Wish
98143,514937,2025-12-18,17,3-star,Rippling Echo,Empyrean Wish
23950,514937,2025-12-24,18,3-star,Limited,Deepspace Wish
90519,514937,2025-12-28,19,3-star,Rippling Echo,Empyrean Wish
96065,321584,2025-05-25,1,3-star,Limited,Deepspace Wish
98083,321584,2025-06-21,2,3-star,XSpace Echo,Empyrean Wish
16072,321584,2025-06-27,3,3-star,Rippling Echo,Empyrean Wish
21809,321584,2025-06-28,4,3-star,Limited,Deepspace Wish
52376,321584,2025-07-13,5,3-star,Limited,Deepspace Wish
38296,321584,2025-07-21,6,3-star,XSpace Echo,Empyrean Wish
38089,321584,2025-07-26,7,3-star,Limited,Deepspace Wish
88025,321584,2025-08-15,8,3-star,XSpace Echo,Empyrean Wish
70246,321584,2025-08-24,9,3-star,XSpace Echo,Empyrean Wish
39766,321584,2025-08-29,10,4-star,Limited,Deepspace Wish
37604,321584,2025-08-30,11,3-star,XSpace Echo,Empyrean Wish
70256,321584,2025-09-04,12,3-star,Rippling Echo,Empyrean Wish
83440,321584,2025-09-10,13,3-star,Limited,Deepspace Wish
43996,321584,2025-09-20,14,3-star,XSpace Echo,Empyrean Wish
55952,321584,2025-10-25,15,3-star,Limited,Deepspace Wish
30713,321584,2025-11-15,16,4-star,Rippling Echo,Empyrean Wish
80073,321584,2025-12-01,17,3-star,Rippling Echo,Empyrean Wish
38657,321584,2025-12-26,18,3-star,Limited,Deepspace Wish
96767,321584,2025-12-29,19,3-star,Limited,Deepspace Wish
76114,592274,2025-05-08,1,3-star,XSpace Echo,Empyrean Wish
91078,592274,2025-06-20,2,3-star,Rippling Echo,Empyrean Wish
56345,592274,2025-07-01,3,3-star,Limited,Deepspace Wish
99520,592274,2025-08-23,4,5-star,Limited,Deepspace Wish
91196,592274,2025-08-28,5,3-star,XSpace Echo,Empyrean Wish
43648,592274,2025-09-11,6,3-star,Rippling Echo,Empyrean Wish
68892,592274,2025-09-12,7,3-star,XSpace Echo,Empyrean Wish
40280,592274,2025-09-16,8,3-star,Limited,Deepspace Wish
78423,592274,2025-09-24,9,3-star,Rippling Echo,Empyrean Wish
20457,592274,2025-09-26,10,3-star,XSpace Echo,Empyrean Wish
50963,592274,2025-09-26,11,3-star,XSpace Echo,Empyrean Wish
61093,592274,2025-10-30,12,3-star,Rippling Echo,Empyrean Wish
35150,592274,2025-11-05,13,3-star,Limited,Deepspace Wish
91831,592274,2025-11-13,14,4-star,Limited,Deepspace Wish
58540,592274,2025-11-16,15,3-star,Rippling Echo,Empyrean Wish
19686,592274,2025-11-21,16,3-star,XSpace Echo,Empyrean Wish
68562,592274,2025-11-25,17,3-star,XSpace Echo,Empyrean Wish
93341,592274,2025-12-11,18,3-star,Rippling Echo,Empyrean Wish
38578,592274,2025-12-27,19,3-star,XSpace Echo,Empyrean Wish
76074,592274,2025-12-29,20,3-star,Limited,Deepspace Wish
75757,592274,2026-01-01,21,3-star,Limited,Deepspace Wish
45203,902146,2025-04-30,1,3-star,Rippling Echo,Empyrean Wish
60283,902146,2025-04-30,2,3-star,XSpace Echo,Empyrean Wish
30179,902146,2025-05-01,3,3-star,Rippling Echo,Empyrean Wish
43967,902146,2025-05-11,4,3-star,Limited,Deepspace Wish
36587,902146,2025-05-11,5,3-star,Rippling Echo,Empyrean Wish
49143,902146,2025-05-11,6,3-star,Rippling Echo,Empyrean Wish
65538,902146,2025-05-13,7,3-star,Limited,Deepspace Wish
90015,902146,2025-05-15,8,4-star,XSpace Echo,Empyrean Wish
18252,902146,2025-05-23,9,5-star,XSpace Echo,Empyrean Wish
70257,902146,2025-05-28,10,3-star,Rippling Echo,Empyrean Wish
35204,902146,2025-06-07,11,3-star,Limited,Deepspace Wish
90729,902146,2025-06-09,12,3-star,Rippling Echo,Empyrean Wish
71180,902146,2025-06-09,13,3-star,XSpace Echo,Empyrean Wish
42585,902146,2025-06-10,14,3-star,Limited,Deepspace Wish
72226,902146,2025-06-11,15,3-star,XSpace Echo,Empyrean Wish
22660,902146,2025-06-11,16,3-star,XSpace Echo,Empyrean Wish
75966,902146,2025-06-11,17,3-star,Rippling Echo,Empyrean Wish
27262,902146,2025-06-12,18,3-star,Limited,Deepspace Wish
42650,902146,2025-06-15,19,4-star,Limited,Deepspace Wish
51766,902146,2025-06-16,20,3-star,Rippling Echo,Empyrean Wish
24605,902146,2025-06-19,21,3-star,Limited,Deepspace Wish
11186,902146,2025-06-26,22,3-star,Rippling Echo,Empyrean Wish
42129,902146,2025-07-01,23,4-star,Rippling Echo,Empyrean Wish
75384,902146,2025-07-03,24,3-star,Limited,Deepspace Wish
43011,902146,2025-07-08,25,3-star,Limited,Deepspace Wish
31318,902146,2025-07-15,26,3-star,Rippling Echo,Empyrean Wish
87679,902146,2025-07-19,27,4-star,Rippling Echo,Empyrean Wish
18952,902146,2025-07-22,28,3-star,Limited,Deepspace Wish
94852,902146,2025-07-26,29,3-star,XSpace Echo,Empyrean Wish
10600,902146,2025-07-29,30,3-star,Limited,Deepspace Wish
44679,902146,2025-08-02,31,3-star,XSpace Echo,Empyrean Wish
87698,902146,2025-08-07,32,5-star,Limited,Deepspace Wish
54339,902146,2025-08-08,33,3-star,Limited,Deepspace Wish
97719,902146,2025-08-09,34,3-star,Rippling Echo,Empyrean Wish
21659,902146,2025-08-22,35,4-star,Limited,Deepspace Wish
56637,902146,2025-08-27,36,3-star,Rippling Echo,Empyrean Wish
14628,902146,2025-09-02,37,3-star,XSpace Echo,Empyrean Wish
87824,902146,2025-09-12,38,3-star,Limited,Deepspace Wish
66995,902146,2025-09-12,39,3-star,Rippling Echo,Empyrean Wish
60376,902146,2025-09-20,40,3-star,Rippling Echo,Empyrean Wish
87182,902146,2025-09-24,41,3-star,Limited,Deepspace Wish
74070,902146,2025-09-24,42,3-star,Limited,Deepspace Wish
54245,902146,2025-09-24,43,3-star,XSpace Echo,Empyrean Wish
90031,902146,2025-10-05,44,3-star,Limited,Deepspace Wish
56852,902146,2025-10-10,45,4-star,XSpace Echo,Empyrean Wish
53207,902146,2025-10-13,46,3-star,XSpace Echo,Empyrean Wish
85708,902146,2025-10-15,47,3-star,XSpace Echo,Empyrean Wish
40501,902146,2025-10-16,48,3-star,Limited,Deepspace Wish
28242,902146,2025-10-25,49,4-star,Limited,Deepspace Wish
89004,902146,2025-10-26,50,3-star,XSpace Echo,Empyrean Wish
74473,902146,2025-10-29,51,3-star,Limited,Deepspace Wish
82514,902146,2025-11-02,52,3-star,Limited,Deepspace Wish
31706,902146,2025-11-05,53,3-star,XSpace Echo,Empyrean Wish
13616,902146,2025-11-11,54,5-star,Limited,Deepspace Wish
49055,902146,2025-11-16,55,3-star,XSpace Echo,Empyrean Wish
64394,902146,2025-11-21,56,3-star,XSpace Echo,Empyrean Wish
41087,902146,2025-11-22,57,3-star,Limited,Deepspace Wish
38179,902146,2025-11-24,58,3-star,Limited,Deepspace Wish
43875,902146,2025-11-24,59,3-star,XSpace Echo,Empyrean Wish
33123,902146,2025-11-25,60,3-star,Limited,Deepspace Wish
46002,902146,2025-11-26,61,3-star,XSpace Echo,Empyrean Wish
44575,902146,2025-12-04,62,3-star,XSpace Echo,Empyrean Wish
24623,902146,2025-12-04,63,3-star,Limited,Deepspace Wish
16029,902146,2025-12-06,64,4-star,Limited,Deepspace Wish
61830,902146,2025-12-07,65,3-star,Limited,Deepspace Wish
45473,902146,2025-12-08,66,3-star,XSpace Echo,Empyrean Wish
61810,902146,2025-12-09,67,3-star,XSpace Echo,Empyrean Wish
91665,902146,2025-12-09,68,4-star,XSpace Echo,Empyrean Wish
66219,902146,2025-12-10,69,3-star,XSpace Echo,Empyrean Wish
51922,902146,2025-12-14,70,3-star,Limited,Deepspace Wish
25164,902146,2025-12-15,71,3-star,Limited,Deepspace Wish
71158,902146,2025-12-16,72,3-star,XSpace Echo,Empyrean Wish
69793,902146,2025-12-16,73,3-star,XSpace Echo,Empyrean Wish
41364,902146,2025-12-18,74,3-star,Limited,Deepspace Wish
11959,902146,2025-12-21,75,3-star,Limited,Deepspace Wish
53741,902146,2025-12-21,76,3-star,Limited,Deepspace Wish
98783,902146,2025-12-22,77,3-star,XSpace Echo,Empyrean Wish
47147,902146,2025-12-23,78,4-star,XSpace Echo,Empyrean Wish
54026,902146,2025-12-31,79,3-star,Limited,Deepspace Wish
25153,902146,2026-01-01,80,4-star,XSpace Echo,Empyrean Wish
85914,118200,2025-11-17,1,3-star,Limited,Deepspace Wish
69977,118200,2025-11-19,2,3-star,XSpace Echo,Empyrean Wish
62479,118200,2025-11-26,3,3-star,Limited,Deepspace Wish
26294,118200,2025-11-27,4,4-star,Limited,Deepspace Wish
46173,118200,2025-11-28,5,3-star,Limited,Deepspace Wish
90950,118200,2025-11-30,6,4-star,Rippling Echo,Empyrean Wish
24659,118200,2025-12-05,7,4-star,XSpace Echo,Empyrean Wish
38114,118200,2025-12-06,8,4-star,Limited,Deepspace Wish
60941,118200,2025-12-11,9,3-star,Limited,Deepspace Wish
29094,118200,2025-12-12,10,3-star,Rippling Echo,Empyrean Wish
54025,118200,2025-12-12,11,3-star,Limited,Deepspace Wish
46228,118200,2025-12-14,12,3-star,Limited,Deepspace Wish
32805,118200,2025-12-15,13,3-star,XSpace Echo,Empyrean Wish
62454,118200,2025-12-17,14,3-star,Limited,Deepspace Wish
63751,118200,2025-12-24,15,3-star,XSpace Echo,Empyrean Wish
15674,118200,2025-12-27,16,3-star,Limited,Deepspace Wish
64231,118200,2025-12-27,17,3-star,Limited,Deepspace Wish
52558,390817,2025-12-14,1,3-star,XSpace Echo,Empyrean Wish
71798,390817,2025-12-15,2,4-star,XSpace Echo,Empyrean Wish
10457,390817,2025-12-17,3,5-star,Limited,Deepspace Wish
10542,390817,2025-12-21,4,3-star,Rippling Echo,Empyrean Wish
33821,390817,2025-12-24,5,3-star,Rippling Echo,Empyrean Wish
89790,390817,2025-12-24,6,3-star,Limited,Deepspace Wish
21511,390817,2025-12-27,7,3-star,Rippling Echo,Empyrean Wish
37577,390817,2025-12-29,8,3-star,Rippling Echo,Empyrean Wish
89996,390817,2025-12-30,9,4-star,Limited,Deepspace Wish
74918,390817,2025-12-30,10,3-star,Rippling Echo,Empyrean Wish
87021,461798,2025-02-08,1,3-star,Rippling Echo,Empyrean Wish
38893,461798,2025-02-08,2,3-star,Rippling Echo,Empyrean Wish
49089,461798,2025-02-20,3,3-star,Limited,Deepspace Wish
86467,461798,2025-02-26,4,3-star,XSpace Echo,Empyrean Wish
35475,461798,2025-02-27,5,3-star,Rippling Echo,Empyrean Wish
75412,461798,2025-02-28,6,4-star,Rippling Echo,Empyrean Wish
27879,461798,2025-03-29,7,3-star,Rippling Echo,Empyrean Wish
97088,461798,2025-03-31,8,3-star,Limited,Deepspace Wish
66672,461798,2025-04-02,9,3-star,Limited,Deepspace Wish
65395,461798,2025-04-03,10,3-star,Rippling Echo,Empyrean Wish
91648,461798,2025-04-08,11,3-star,XSpace Echo,Empyrean Wish
63846,461798,2025-04-09,12,4-star,Limited,Deepspace Wish
33395,461798,2025-04-26,13,3-star,Limited,Deepspace Wish
38585,461798,2025-04-28,14,3-star,Rippling Echo,Empyrean Wish
37606,461798,2025-05-02,15,3-star,XSpace Echo,Empyrean Wish
38000,461798,2025-05-12,16,3-star,Rippling Echo,Empyrean Wish
62323,461798,2025-05-14,17,5-star,Rippling Echo,Empyrean Wish
17302,461798,2025-05-22,18,3-star,Limited,Deepspace Wish
51864,461798,2025-05-29,19,3-star,Limited,Deepspace Wish
58528,461798,2025-05-30,20,3-star,Rippling Echo,Empyrean Wish
43369,461798,2025-06-13,21,3-star,Rippling Echo,Empyrean Wish
35886,461798,2025-06-14,22,3-star,XSpace Echo,Empyrean Wish
92326,461798,2025-06-17,23,3-star,Rippling Echo,Empyrean Wish
70307,461798,2025-06-25,24,3-star,Rippling Echo,Empyrean Wish
72149,461798,2025-06-27,25,3-star,XSpace Echo,Empyrean Wish
60236,461798,2025-06-29,26,3-star,Rippling Echo,Empyrean Wish
90563,461798,2025-07-05,27,4-star,Rippling Echo,Empyrean Wish
27500,461798,2025-07-06,28,3-star,Rippling Echo,Empyrean Wish
94863,461798,2025-07-15,29,3-star,Limited,Deepspace Wish
98192,461798,2025-07-22,30,3-star,XSpace Echo,Empyrean Wish
78125,461798,2025-07-25,31,3-star,Limited,Deepspace Wish
66177,461798,2025-08-17,32,3-star,XSpace Echo,Empyrean Wish
75428,461798,2025-08-19,33,3-star,Limited,Deepspace Wish
93401,461798,2025-09-07,34,3-star,Rippling Echo,Empyrean Wish
63722,461798,2025-09-13,35,3-star,Rippling Echo,Empyrean Wish
74201,461798,2025-09-27,36,3-star,Limited,Deepspace Wish
64272,461798,2025-09-28,37,4-star,XSpace Echo,Empyrean Wish
42505,461798,2025-10-13,38,3-star,Limited,Deepspace Wish
12343,461798,2025-10-15,39,3-star,Limited,Deepspace Wish
36111,461798,2025-10-16,40,3-star,XSpace Echo,Empyrean Wish
24056,461798,2025-10-21,41,3-star,Rippling Echo,Empyrean Wish
26718,461798,2025-10-24,42,3-star,XSpace Echo,Empyrean Wish
85834,461798,2025-10-30,43,4-star,Rippling Echo,Empyrean Wish
64933,461798,2025-11-16,44,3-star,Limited,Deepspace Wish
75969,461798,2025-11-19,45,3-star,Rippling Echo,Empyrean Wish
84637,461798,2025-12-07,46,3-star,XSpace Echo,Empyrean Wish
49346,461798,2025-12-18,47,4-star,XSpace Echo,Empyrean Wish
55034,461798,2025-12-28,48,3-star,Limited,Deepspace Wish
44737,614315,2025-09-04,1,4-star,Limited,Deepspace Wish
37412,614315,2025-10-08,2,3-star,Limited,Deepspace Wish
53540,614315,2025-10-18,3,3-star,Limited,Deepspace Wish
34286,614315,2025-10-19,4,3-star,Limited,Deepspace Wish
89078,614315,2025-12-10,5,3-star,XSpace Echo,Empyrean Wish
27430,614315,2025-12-21,6,3-star,XSpace Echo,Empyrean Wish
91726,125681,2025-11-06,1,3-star,Rippling Echo,Empyrean Wish
87239,125681,2025-11-11,2,3-star,Limited,Deepspace Wish
37300,125681,2025-11-12,3,3-star,Limited,Deepspace Wish
93667,125681,2025-11-15,4,3-star,XSpace Echo,Empyrean Wish
61337,125681,2025-11-16,5,3-star,Rippling Echo,Empyrean Wish
35776,125681,2025-11-16,6,3-star,XSpace Echo,Empyrean Wish
73410,125681,2025-11-17,7,3-star,Rippling Echo,Empyrean Wish
75962,125681,2025-11-17,8,3-star,XSpace Echo,Empyrean Wish
44214,125681,2025-11-19,9,3-star,XSpace Echo,Empyrean Wish
31652,125681,2025-11-20,10,4-star,Limited,Deepspace Wish
92461,125681,2025-11-24,11,3-star,Limited,Deepspace Wish
28595,125681,2025-11-26,12,3-star,Limited,Deepspace Wish
33375,125681,2025-11-27,13,3-star,XSpace Echo,Empyrean Wish
37925,125681,2025-11-29,14,3-star,Limited,Deepspace Wish
54079,125681,2025-11-30,15,3-star,Rippling Echo,Empyrean Wish
68708,125681,2025-12-02,16,3-star,XSpace Echo,Empyrean Wish
96699,125681,2025-12-04,17,3-star,Rippling Echo,Empyrean Wish
41430,125681,2025-12-06,18,3-star,Rippling Echo,Empyrean Wish
24143,125681,2025-12-08,19,3-star,XSpace Echo,Empyrean Wish
12782,125681,2025-12-09,20,4-star,Rippling Echo,Empyrean Wish
92136,125681,2025-12-13,21,3-star,Rippling Echo,Empyrean Wish
15429,125681,2025-12-13,22,3-star,Limited,Deepspace Wish
42213,125681,2025-12-14,23,3-star,Rippling Echo,Empyrean Wish
73035,125681,2025-12-15,24,3-star,Rippling Echo,Empyrean Wish
14794,125681,2025-12-18,25,3-star,Rippling Echo,Empyrean Wish
35290,125681,2025-12-18,26,3-star,XSpace Echo,Empyrean Wish
67977,125681,2025-12-18,27,3-star,XSpace Echo,Empyrean Wish
14038,125681,2025-12-18,28,3-star,Limited,Deepspace Wish
97210,125681,2025-12-20,29,3-star,Limited,Deepspace Wish
99230,125681,2025-12-21,30,4-star,Rippling Echo,Empyrean Wish
35345,125681,2025-12-23,31,3-star,Limited,Deepspace Wish
10970,125681,2025-12-26,32,4-star,Limited,Deepspace Wish
22579,125681,2025-12-26,33,3-star,Limited,Deepspace Wish
29955,125681,2025-12-26,34,3-star,Rippling Echo,Empyrean Wish
94361,125681,2025-12-27,35,3-star,Rippling Echo,Empyrean Wish
79696,125681,2025-12-29,36,3-star,Limited,Deepspace Wish
87452,125681,2026-01-01,37,3-star,Rippling Echo,Empyrean Wish
14010,928337,2025-07-11,1,3-star,Rippling Echo,Empyrean Wish
75836,928337,2025-07-24,2,3-star,Limited,Deepspace Wish
58213,928337,2025-08-01,3,3-star,Rippling Echo,Empyrean Wish
52636,928337,2025-10-09,4,4-star,Rippling Echo,Empyrean Wish
46344,928337,2025-10-25,5,3-star,Rippling Echo,Empyrean Wish
11714,928337,2025-12-03,6,4-star,Rippling Echo,Empyrean Wish
95650,928337,2025-12-04,7,3-star,Rippling Echo,Empyrean Wish
99253,928337,2025-12-06,8,3-star,XSpace Echo,Empyrean Wish
76931,928337,2025-12-25,9,4-star,Limited,Deepspace Wish
52461,422983,2025-12-31,1,3-star,Limited,Deepspace Wish
41465,422983,2026-01-01,2,3-star,Rippling Echo,Empyrean Wish
50879,422983,2026-01-01,3,3-star,Limited,Deepspace Wish
89069,422983,2026-01-01,4,3-star,Limited,Deepspace Wish
76030,422983,2026-01-01,5,3-star,XSpace Echo,Empyrean Wish
21897,621918,2025-07-09,1,3-star,Limited,Deepspace Wish
79236,621918,2025-07-13,2,3-star,Rippling Echo,Empyrean Wish
94422,621918,2025-07-26,3,3-star,Rippling Echo,Empyrean Wish
39365,621918,2025-08-16,4,3-star,Limited,Deepspace Wish
89005,621918,2025-08-22,5,4-star,Limited,Deepspace Wish
86951,621918,2025-09-01,6,5-star,Rippling Echo,Empyrean Wish
70508,621918,2025-09-27,7,3-star,Rippling Echo,Empyrean Wish
54548,621918,2025-10-02,8,3-star,Limited,Deepspace Wish
54756,621918,2025-10-08,9,3-star,XSpace Echo,Empyrean Wish
99684,621918,2025-10-25,10,3-star,Limited,Deepspace Wish
79825,621918,2025-11-05,11,3-star,Limited,Deepspace Wish
93316,621918,2025-11-22,12,3-star,Rippling Echo,Empyrean Wish
16219,621918,2025-12-04,13,3-star,Rippling Echo,Empyrean Wish
17065,621918,2025-12-06,14,3-star,XSpace Echo,Empyrean Wish
98370,621918,2025-12-07,15,3-star,Rippling Echo,Empyrean Wish
56383,621918,2025-12-10,16,4-star,Rippling Echo,Empyrean Wish
19064,277440,2025-11-03,1,3-star,Rippling Echo,Empyrean Wish
26929,277440,2025-11-04,2,3-star,Limited,Deepspace Wish
50509,277440,2025-11-07,3,3-star,Limited,Deepspace Wish
66427,277440,2025-11-07,4,3-star,Limited,Deepspace Wish
12627,277440,2025-11-09,5,3-star,XSpace Echo,Empyrean Wish
34479,277440,2025-11-10,6,3-star,XSpace Echo,Empyrean Wish
12923,277440,2025-11-18,7,3-star,Limited,Deepspace Wish
94495,277440,2025-11-18,8,3-star,Rippling Echo,Empyrean Wish
93777,277440,2025-11-21,9,3-star,Limited,Deepspace Wish
90374,277440,2025-12-09,10,4-star,Limited,Deepspace Wish
99576,277440,2025-12-10,11,5-star,XSpace Echo,Empyrean Wish
70363,277440,2025-12-16,12,3-star,XSpace Echo,Empyrean Wish
29451,277440,2025-12-21,13,3-star,Limited,Deepspace Wish
33490,277440,2025-12-22,14,3-star,Rippling Echo,Empyrean Wish
48419,347272,2025-11-23,1,3-star,Limited,Deepspace Wish
16399,347272,2025-12-06,2,3-star,Rippling Echo,Empyrean Wish
79194,347272,2025-12-16,3,3-star,Limited,Deepspace Wish
57512,347272,2025-12-17,4,3-star,Limited,Deepspace Wish
96345,347272,2025-12-25,5,3-star,XSpace Echo,Empyrean Wish
92268,199038,2025-06-01,1,3-star,Limited,Deepspace Wish
65007,199038,2025-06-16,2,3-star,XSpace Echo,Empyrean Wish
24024,199038,2025-06-17,3,3-star,XSpace Echo,Empyrean Wish
33474,199038,2025-06-22,4,3-star,XSpace Echo,Empyrean Wish
32477,199038,2025-06-22,5,3-star,Rippling Echo,Empyrean Wish
56527,199038,2025-07-04,6,3-star,Rippling Echo,Empyrean Wish
94394,199038,2025-07-08,7,3-star,Limited,Deepspace Wish
65423,199038,2025-07-16,8,3-star,Limited,Deepspace Wish
54460,199038,2025-07-22,9,3-star,Rippling Echo,Empyrean Wish
16995,199038,2025-08-04,10,4-star,Limited,Deepspace Wish
62574,199038,2025-08-16,11,3-star,Rippling Echo,Empyrean Wish
56303,199038,2025-10-23,12,3-star,Limited,Deepspace Wish
18063,199038,2025-11-16,13,3-star,XSpace Echo,Empyrean Wish
68994,199038,2025-12-04,14,3-star,Rippling Echo,Empyrean Wish
84937,199038,2025-12-12,15,3-star,Limited,Deepspace Wish
20108,199038,2025-12-14,16,3-star,Rippling Echo,Empyrean Wish
90772,199038,2025-12-16,17,3-star,Limited,Deepspace Wish
45630,199038,2025-12-29,18,3-star,Limited,Deepspace Wish
15482,984516,2025-06-03,1,3-star,Limited,Deepspace Wish
61837,984516,2025-06-18,2,3-star,XSpace Echo,Empyrean Wish
26150,984516,2025-06-19,3,3-star,Rippling Echo,Empyrean Wish
30971,984516,2025-06-21,4,3-star,XSpace Echo,Empyrean Wish
41684,984516,2025-06-24,5,3-star,XSpace Echo,Empyrean Wish
57123,984516,2025-07-04,6,3-star,Limited,Deepspace Wish
90909,984516,2025-07-12,7,3-star,XSpace Echo,Empyrean Wish
33907,984516,2025-07-23,8,3-star,Rippling Echo,Empyrean Wish
23760,984516,2025-08-11,9,3-star,Limited,Deepspace Wish
98985,984516,2025-08-30,10,4-star,Limited,Deepspace Wish
24358,984516,2025-08-31,11,3-star,Rippling Echo,Empyrean Wish
50543,984516,2025-09-17,12,3-star,Rippling Echo,Empyrean Wish
16670,984516,2025-10-09,13,4-star,XSpace Echo,Empyrean Wish
17587,984516,2025-10-13,14,3-star,Rippling Echo,Empyrean Wish
31583,984516,2025-11-02,15,3-star,Limited,Deepspace Wish
13311,984516,2025-11-11,16,3-star,Rippling Echo,Empyrean Wish
69675,984516,2025-11-18,17,3-star,Limited,Deepspace Wish
33005,984516,2025-12-06,18,3-star,XSpace Echo,Empyrean Wish
12569,984516,2025-12-27,19,3-star,Limited,Deepspace Wish
13512,966226,2025-11-26,1,4-star,XSpace Echo,Empyrean Wish
50129,369938,2025-05-06,1,3-star,XSpace Echo,Empyrean Wish
32055,369938,2025-05-28,2,3-star,Limited,Deepspace Wish
24971,369938,2025-07-02,3,3-star,Rippling Echo,Empyrean Wish
83039,369938,2025-10-03,4,3-star,Rippling Echo,Empyrean Wish
41654,369938,2025-10-04,5,3-star,XSpace Echo,Empyrean Wish
52342,369938,2025-11-14,6,3-star,Limited,Deepspace Wish
49652,369938,2025-11-15,7,3-star,Rippling Echo,Empyrean Wish
55651,369938,2026-01-01,8,4-star,Limited,Deepspace Wish
80400,700465,2025-09-02,1,3-star,Rippling Echo,Empyrean Wish
97453,700465,2025-09-26,2,3-star,Rippling Echo,Empyrean Wish
43312,700465,2025-10-01,3,3-star,Limited,Deepspace Wish
96983,700465,2025-10-07,4,3-star,Rippling Echo,Empyrean Wish
52730,700465,2025-10-11,5,3-star,Limited,Deepspace Wish
55598,700465,2025-10-16,6,3-star,Rippling Echo,Empyrean Wish
71794,700465,2025-10-27,7,3-star,Rippling Echo,Empyrean Wish
61931,700465,2025-10-29,8,3-star,Limited,Deepspace Wish
92656,700465,2025-11-01,9,3-star,Rippling Echo,Empyrean Wish
98893,700465,2025-11-06,10,4-star,Limited,Deepspace Wish
47300,700465,2025-11-13,11,3-star,XSpace Echo,Empyrean Wish
54770,700465,2025-11-15,12,3-star,Limited,Deepspace Wish
19730,700465,2025-11-27,13,3-star,Rippling Echo,Empyrean Wish
70838,700465,2025-12-21,14,3-star,Limited,Deepspace Wish
23700,950166,2025-10-16,1,3-star,Limited,Deepspace Wish
48972,950166,2025-10-17,2,3-star,XSpace Echo,Empyrean Wish
13146,950166,2025-10-17,3,3-star,Limited,Deepspace Wish
39881,950166,2025-10-18,4,3-star,Limited,Deepspace Wish
35347,950166,2025-10-18,5,3-star,XSpace Echo,Empyrean Wish
78592,950166,2025-10-18,6,3-star,Rippling Echo,Empyrean Wish
65330,950166,2025-10-19,7,3-star,Limited,Deepspace Wish
81891,950166,2025-10-19,8,5-star,Limited,Deepspace Wish
45828,950166,2025-10-19,9,3-star,XSpace Echo,Empyrean Wish
24870,950166,2025-10-19,10,3-star,Rippling Echo,Empyrean Wish
60014,950166,2025-10-19,11,3-star,Rippling Echo,Empyrean Wish
93357,950166,2025-10-19,12,3-star,Limited,Deepspace Wish
21392,950166,2025-10-20,13,3-star,Rippling Echo,Empyrean Wish
61961,950166,2025-10-20,14,3-star,Rippling Echo,Empyrean Wish
76647,950166,2025-10-20,15,3-star,Rippling Echo,Empyrean Wish
29032,950166,2025-10-20,16,3-star,XSpace Echo,Empyrean Wish
69423,950166,2025-10-20,17,3-star,XSpace Echo,Empyrean Wish
56737,950166,2025-10-21,18,4-star,Rippling Echo,Empyrean Wish
23660,950166,2025-10-21,19,3-star,Rippling Echo,Empyrean Wish
99706,950166,2025-10-22,20,3-star,Rippling Echo,Empyrean Wish
83169,950166,2025-10-22,21,3-star,XSpace Echo,Empyrean Wish
79938,950166,2025-10-24,22,3-star,XSpace Echo,Empyrean Wish
29534,950166,2025-10-24,23,3-star,XSpace Echo,Empyrean Wish
50438,950166,2025-10-25,24,3-star,XSpace Echo,Empyrean Wish
30578,950166,2025-10-25,25,3-star,XSpace Echo,Empyrean Wish
10161,950166,2025-10-25,26,3-star,Limited,Deepspace Wish
54727,950166,2025-10-26,27,3-star,XSpace Echo,Empyrean Wish
94660,950166,2025-10-27,28,4-star,Rippling Echo,Empyrean Wish
12386,950166,2025-10-27,29,3-star,Limited,Deepspace Wish
90883,950166,2025-10-28,30,3-star,XSpace Echo,Empyrean Wish
82434,950166,2025-10-28,31,3-star,Rippling Echo,Empyrean Wish
84508,950166,2025-10-28,32,3-star,Rippling Echo,Empyrean Wish
41393,950166,2025-10-29,33,3-star,XSpace Echo,Empyrean Wish
97456,950166,2025-10-29,34,3-star,Limited,Deepspace Wish
72647,950166,2025-10-29,35,3-star,Rippling Echo,Empyrean Wish
64341,950166,2025-10-30,36,4-star,Limited,Deepspace Wish
73751,950166,2025-10-30,37,3-star,Rippling Echo,Empyrean Wish
95616,950166,2025-10-30,38,4-star,XSpace Echo,Empyrean Wish
34840,950166,2025-10-31,39,3-star,XSpace Echo,Empyrean Wish
31054,950166,2025-10-31,40,3-star,Limited,Deepspace Wish
24202,950166,2025-11-01,41,3-star,XSpace Echo,Empyrean Wish
76874,950166,2025-11-01,42,3-star,Limited,Deepspace Wish
98718,950166,2025-11-02,43,3-star,Rippling Echo,Empyrean Wish
43990,950166,2025-11-02,44,3-star,Rippling Echo,Empyrean Wish
72778,950166,2025-11-03,45,3-star,XSpace Echo,Empyrean Wish
46523,950166,2025-11-03,46,3-star,Rippling Echo,Empyrean Wish
88861,950166,2025-11-03,47,3-star,Rippling Echo,Empyrean Wish
23122,950166,2025-11-03,48,4-star,Limited,Deepspace Wish
24223,950166,2025-11-03,49,3-star,XSpace Echo,Empyrean Wish
16692,950166,2025-11-04,50,3-star,Rippling Echo,Empyrean Wish
13596,950166,2025-11-04,51,3-star,Limited,Deepspace Wish
45785,950166,2025-11-04,52,3-star,Limited,Deepspace Wish
58023,950166,2025-11-04,53,3-star,XSpace Echo,Empyrean Wish
81333,950166,2025-11-04,54,3-star,XSpace Echo,Empyrean Wish
32226,950166,2025-11-06,55,3-star,XSpace Echo,Empyrean Wish
88879,950166,2025-11-06,56,3-star,XSpace Echo,Empyrean Wish
37807,950166,2025-11-06,57,3-star,Limited,Deepspace Wish
39297,950166,2025-11-06,58,4-star,Limited,Deepspace Wish
88747,950166,2025-11-06,59,3-star,Limited,Deepspace Wish
29532,950166,2025-11-07,60,3-star,XSpace Echo,Empyrean Wish
38249,950166,2025-11-07,61,3-star,Limited,Deepspace Wish
58237,950166,2025-11-07,62,3-star,Limited,Deepspace Wish
42253,950166,2025-11-09,63,4-star,Limited,Deepspace Wish
82492,950166,2025-11-09,64,3-star,Limited,Deepspace Wish
69173,950166,2025-11-09,65,3-star,XSpace Echo,Empyrean Wish
98651,950166,2025-11-09,66,3-star,Limited,Deepspace Wish
16972,950166,2025-11-10,67,4-star,Limited,Deepspace Wish
62717,950166,2025-11-10,68,3-star,XSpace Echo,Empyrean Wish
66924,950166,2025-11-12,69,3-star,XSpace Echo,Empyrean Wish
51394,950166,2025-11-14,70,5-star,XSpace Echo,Empyrean Wish
31967,950166,2025-11-14,71,3-star,Limited,Deepspace Wish
70428,950166,2025-11-15,72,3-star,Limited,Deepspace Wish
67951,950166,2025-11-16,73,3-star,Limited,Deepspace Wish
25712,950166,2025-11-16,74,3-star,Limited,Deepspace Wish
25535,950166,2025-11-16,75,3-star,XSpace Echo,Empyrean Wish
34856,950166,2025-11-17,76,3-star,Limited,Deepspace Wish
12462,950166,2025-11-19,77,3-star,Limited,Deepspace Wish
75551,950166,2025-11-19,78,5-star,Limited,Deepspace Wish
80336,950166,2025-11-19,79,3-star,XSpace Echo,Empyrean Wish
61027,950166,2025-11-20,80,3-star,Limited,Deepspace Wish
22202,950166,2025-11-20,81,3-star,XSpace Echo,Empyrean Wish
55659,950166,2025-11-20,82,3-star,Limited,Deepspace Wish
18704,950166,2025-11-21,83,3-star,Limited,Deepspace Wish
22825,950166,2025-11-21,84,3-star,XSpace Echo,Empyrean Wish
22736,950166,2025-11-21,85,3-star,XSpace Echo,Empyrean Wish
50942,950166,2025-11-25,86,3-star,Limited,Deepspace Wish
42466,950166,2025-11-25,87,3-star,Limited,Deepspace Wish
50754,950166,2025-11-26,88,4-star,XSpace Echo,Empyrean Wish
97211,950166,2025-11-27,89,3-star,Limited,Deepspace Wish
49463,950166,2025-11-27,90,3-star,XSpace Echo,Empyrean Wish
40880,950166,2025-11-28,91,3-star,Limited,Deepspace Wish
27294,950166,2025-11-28,92,3-star,Limited,Deepspace Wish
71315,950166,2025-11-29,93,3-star,XSpace Echo,Empyrean Wish
39602,950166,2025-11-29,94,3-star,Limited,Deepspace Wish
14472,950166,2025-11-30,95,3-star,Limited,Deepspace Wish
41887,950166,2025-11-30,96,3-star,Limited,Deepspace Wish
54521,950166,2025-12-01,97,3-star,Limited,Deepspace Wish
27940,950166,2025-12-01,98,4-star,XSpace Echo,Empyrean Wish
64941,950166,2025-12-01,99,4-star,Limited,Deepspace Wish
65969,950166,2025-12-01,100,3-star,Limited,Deepspace Wish
95991,950166,2025-12-02,101,3-star,Limited,Deepspace Wish
38861,950166,2025-12-02,102,3-star,Limited,Deepspace Wish
24774,950166,2025-12-02,103,3-star,XSpace Echo,Empyrean Wish
99345,950166,2025-12-02,104,4-star,Limited,Deepspace Wish
83269,950166,2025-12-02,105,3-star,Limited,Deepspace Wish
74510,950166,2025-12-03,106,3-star,Limited,Deepspace Wish
59260,950166,2025-12-04,107,3-star,Limited,Deepspace Wish
97065,950166,2025-12-04,108,3-star,XSpace Echo,Empyrean Wish
77890,950166,2025-12-05,109,3-star,Limited,Deepspace Wish
39303,950166,2025-12-07,110,3-star,Limited,Deepspace Wish
15645,950166,2025-12-07,111,3-star,Limited,Deepspace Wish
71042,950166,2025-12-09,112,3-star,Limited,Deepspace Wish
87977,950166,2025-12-11,113,3-star,Limited,Deepspace Wish
66125,950166,2025-12-11,114,4-star,XSpace Echo,Empyrean Wish
16731,950166,2025-12-11,115,4-star,XSpace Echo,Empyrean Wish
26280,950166,2025-12-11,116,3-star,XSpace Echo,Empyrean Wish
76259,950166,2025-12-12,117,3-star,Limited,Deepspace Wish
10618,950166,2025-12-13,118,3-star,Limited,Deepspace Wish
45524,950166,2025-12-13,119,3-star,XSpace Echo,Empyrean Wish
47826,950166,2025-12-14,120,3-star,Limited,Deepspace Wish
69696,950166,2025-12-14,121,3-star,XSpace Echo,Empyrean Wish
50716,950166,2025-12-14,122,3-star,Limited,Deepspace Wish
44775,950166,2025-12-15,123,4-star,Limited,Deepspace Wish
58054,950166,2025-12-15,124,3-star,XSpace Echo,Empyrean Wish
24432,950166,2025-12-15,125,3-star,Limited,Deepspace Wish
84008,950166,2025-12-16,126,3-star,XSpace Echo,Empyrean Wish
10278,950166,2025-12-16,127,3-star,Limited,Deepspace Wish
58794,950166,2025-12-16,128,3-star,Limited,Deepspace Wish
93462,950166,2025-12-16,129,4-star,XSpace Echo,Empyrean Wish
73730,950166,2025-12-17,130,3-star,XSpace Echo,Empyrean Wish
54395,950166,2025-12-17,131,3-star,XSpace Echo,Empyrean Wish
73258,950166,2025-12-18,132,3-star,Limited,Deepspace Wish
70824,950166,2025-12-18,133,3-star,Limited,Deepspace Wish
12497,950166,2025-12-18,134,3-star,XSpace Echo,Empyrean Wish
34490,950166,2025-12-19,135,3-star,XSpace Echo,Empyrean Wish
44305,950166,2025-12-19,136,3-star,Limited,Deepspace Wish
47283,950166,2025-12-20,137,3-star,XSpace Echo,Empyrean Wish
28046,950166,2025-12-21,138,3-star,Limited,Deepspace Wish
32770,950166,2025-12-22,139,4-star,Limited,Deepspace Wish
59846,950166,2025-12-23,140,3-star,XSpace Echo,Empyrean Wish
50992,950166,2025-12-23,141,3-star,XSpace Echo,Empyrean Wish
21333,950166,2025-12-23,142,5-star,Limited,Deepspace Wish
42279,950166,2025-12-23,143,3-star,Limited,Deepspace Wish
12078,950166,2025-12-24,144,3-star,XSpace Echo,Empyrean Wish
71478,950166,2025-12-24,145,3-star,XSpace Echo,Empyrean Wish
48313,950166,2025-12-25,146,3-star,Limited,Deepspace Wish
16201,950166,2025-12-25,147,3-star,XSpace Echo,Empyrean Wish
32304,950166,2025-12-26,148,3-star,XSpace Echo,Empyrean Wish
20838,950166,2025-12-27,149,3-star,Limited,Deepspace Wish
95839,950166,2025-12-27,150,3-star,XSpace Echo,Empyrean Wish
78126,950166,2025-12-27,151,3-star,XSpace Echo,Empyrean Wish
16400,950166,2025-12-28,152,4-star,Limited,Deepspace Wish
45187,950166,2025-12-28,153,3-star,Limited,Deepspace Wish
26283,950166,2025-12-29,154,3-star,Limited,Deepspace Wish
62186,950166,2025-12-29,155,3-star,Limited,Deepspace Wish
64097,950166,2025-12-29,156,3-star,Limited,Deepspace Wish
89397,950166,2025-12-29,157,3-star,XSpace Echo,Empyrean Wish
70942,950166,2025-12-29,158,3-star,XSpace Echo,Empyrean Wish
94943,950166,2025-12-29,159,3-star,Limited,Deepspace Wish
35977,950166,2025-12-30,160,3-star,Limited,Deepspace Wish
87830,950166,2025-12-30,161,3-star,Limited,Deepspace Wish
53644,950166,2025-12-30,162,4-star,Limited,Deepspace Wish
50544,950166,2025-12-31,163,3-star,XSpace Echo,Empyrean Wish
99068,950166,2026-01-01,164,3-star,Limited,Deepspace Wish
64685,950166,2026-01-01,165,3-star,Limited,Deepspace Wish
66363,555693,2025-04-19,1,3-star,XSpace Echo,Empyrean Wish
46194,555693,2025-05-06,2,3-star,Rippling Echo,Empyrean Wish
52796,555693,2025-05-08,3,3-star,Rippling Echo,Empyrean Wish
70293,555693,2025-05-31,4,3-star,Limited,Deepspace Wish
25974,555693,2025-10-25,5,3-star,Rippling Echo,Empyrean Wish
73168,555693,2025-11-07,6,3-star,Limited,Deepspace Wish
98338,555693,2025-12-22,7,3-star,XSpace Echo,Empyrean Wish
41964,155852,2025-02-11,1,3-star,XSpace Echo,Empyrean Wish
73323,155852,2025-02-12,2,3-star,Rippling Echo,Empyrean Wish
51284,155852,2025-02-19,3,3-star,Limited,Deepspace Wish
70749,155852,2025-04-17,4,3-star,Limited,Deepspace Wish
34616,155852,2025-05-14,5,3-star,Rippling Echo,Empyrean Wish
15788,155852,2025-05-18,6,3-star,Limited,Deepspace Wish
84880,155852,2025-08-11,7,4-star,Limited,Deepspace Wish
84524,155852,2025-08-16,8,3-star,Rippling Echo,Empyrean Wish
29629,155852,2025-08-17,9,3-star,XSpace Echo,Empyrean Wish
50466,155852,2025-08-21,10,3-star,XSpace Echo,Empyrean Wish
74384,155852,2025-10-04,11,3-star,XSpace Echo,Empyrean Wish
13261,155852,2025-10-10,12,3-star,Rippling Echo,Empyrean Wish
71035,155852,2025-10-11,13,3-star,XSpace Echo,Empyrean Wish
19410,155852,2025-12-02,14,3-star,Limited,Deepspace Wish
23345,155852,2025-12-09,15,3-star,Limited,Deepspace Wish
80276,155852,2025-12-16,16,3-star,Limited,Deepspace Wish
57601,155852,2025-12-20,17,4-star,Rippling Echo,Empyrean Wish
14170,381970,2025-10-31,1,3-star,Rippling Echo,Empyrean Wish
93929,381970,2025-10-31,2,3-star,Limited,Deepspace Wish
19525,381970,2025-10-31,3,3-star,Limited,Deepspace Wish
37362,381970,2025-11-02,4,3-star,Rippling Echo,Empyrean Wish
13610,381970,2025-11-03,5,3-star,Rippling Echo,Empyrean Wish
39251,381970,2025-11-04,6,3-star,Rippling Echo,Empyrean Wish
79189,381970,2025-11-04,7,4-star,XSpace Echo,Empyrean Wish
46057,381970,2025-11-04,8,3-star,Limited,Deepspace Wish
70029,381970,2025-11-05,9,3-star,Limited,Deepspace Wish
89812,381970,2025-11-05,10,3-star,Limited,Deepspace Wish
64322,381970,2025-11-05,11,3-star,Limited,Deepspace Wish
24863,381970,2025-11-06,12,4-star,XSpace Echo,Empyrean Wish
28445,381970,2025-11-06,13,3-star,Rippling Echo,Empyrean Wish
65448,381970,2025-11-06,14,3-star,XSpace Echo,Empyrean Wish
52576,381970,2025-11-06,15,3-star,Limited,Deepspace Wish
33594,381970,2025-11-06,16,3-star,XSpace Echo,Empyrean Wish
32641,381970,2025-11-07,17,3-star,XSpace Echo,Empyrean Wish
92492,381970,2025-11-08,18,3-star,Limited,Deepspace Wish
37487,381970,2025-11-08,19,3-star,Limited,Deepspace Wish
62375,381970,2025-11-08,20,3-star,XSpace Echo,Empyrean Wish
38927,381970,2025-11-08,21,3-star,Rippling Echo,Empyrean Wish
32065,381970,2025-11-09,22,4-star,XSpace Echo,Empyrean Wish
41535,381970,2025-11-09,23,3-star,Limited,Deepspace Wish
88987,381970,2025-11-11,24,3-star,XSpace Echo,Empyrean Wish
85782,381970,2025-11-11,25,3-star,XSpace Echo,Empyrean Wish
79708,381970,2025-11-12,26,3-star,Rippling Echo,Empyrean Wish
67177,381970,2025-11-12,27,3-star,Limited,Deepspace Wish
25546,381970,2025-11-13,28,3-star,XSpace Echo,Empyrean Wish
32829,381970,2025-11-13,29,3-star,XSpace Echo,Empyrean Wish
71558,381970,2025-11-14,30,3-star,XSpace Echo,Empyrean Wish
47729,381970,2025-11-14,31,3-star,Rippling Echo,Empyrean Wish
13339,381970,2025-11-14,32,4-star,Rippling Echo,Empyrean Wish
20768,381970,2025-11-15,33,3-star,XSpace Echo,Empyrean Wish
32554,381970,2025-11-15,34,3-star,Rippling Echo,Empyrean Wish
76609,381970,2025-11-16,35,3-star,Limited,Deepspace Wish
98922,381970,2025-11-17,36,3-star,XSpace Echo,Empyrean Wish
69121,381970,2025-11-17,37,3-star,XSpace Echo,Empyrean Wish
81908,381970,2025-11-17,38,3-star,XSpace Echo,Empyrean Wish
13223,381970,2025-11-17,39,3-star,Rippling Echo,Empyrean Wish
95887,381970,2025-11-18,40,3-star,Rippling Echo,Empyrean Wish
78090,381970,2025-11-18,41,3-star,XSpace Echo,Empyrean Wish
75692,381970,2025-11-18,42,4-star,Rippling Echo,Empyrean Wish
33695,381970,2025-11-18,43,3-star,XSpace Echo,Empyrean Wish
54487,381970,2025-11-19,44,3-star,XSpace Echo,Empyrean Wish
38524,381970,2025-11-19,45,4-star,XSpace Echo,Empyrean Wish
11048,381970,2025-11-19,46,3-star,Limited,Deepspace Wish
58814,381970,2025-11-20,47,3-star,Limited,Deepspace Wish
63019,381970,2025-11-21,48,3-star,XSpace Echo,Empyrean Wish
90904,381970,2025-11-21,49,3-star,Limited,Deepspace Wish
65400,381970,2025-11-21,50,3-star,Limited,Deepspace Wish
14581,381970,2025-11-21,51,3-star,XSpace Echo,Empyrean Wish
58614,381970,2025-11-21,52,3-star,Limited,Deepspace Wish
66140,381970,2025-11-22,53,3-star,Limited,Deepspace Wish
22115,381970,2025-11-23,54,3-star,XSpace Echo,Empyrean Wish
51089,381970,2025-11-24,55,4-star,Limited,Deepspace Wish
74989,381970,2025-11-25,56,3-star,XSpace Echo,Empyrean Wish
97241,381970,2025-11-25,57,3-star,Limited,Deepspace Wish
81420,381970,2025-11-25,58,3-star,XSpace Echo,Empyrean Wish
54149,381970,2025-11-25,59,3-star,Limited,Deepspace Wish
17714,381970,2025-11-26,60,3-star,Limited,Deepspace Wish
65173,381970,2025-11-26,61,3-star,Limited,Deepspace Wish
40068,381970,2025-11-27,62,3-star,Limited,Deepspace Wish
34275,381970,2025-11-27,63,3-star,Limited,Deepspace Wish
20080,381970,2025-11-27,64,3-star,Limited,Deepspace Wish
66731,381970,2025-11-27,65,5-star,XSpace Echo,Empyrean Wish
46439,381970,2025-11-28,66,3-star,Limited,Deepspace Wish
38751,381970,2025-11-28,67,3-star,Limited,Deepspace Wish
98280,381970,2025-11-28,68,3-star,Limited,Deepspace Wish
26896,381970,2025-11-29,69,3-star,XSpace Echo,Empyrean Wish
38905,381970,2025-11-29,70,4-star,Limited,Deepspace Wish
28600,381970,2025-11-30,71,3-star,XSpace Echo,Empyrean Wish
56403,381970,2025-12-01,72,3-star,Limited,Deepspace Wish
49905,381970,2025-12-01,73,3-star,XSpace Echo,Empyrean Wish
17529,381970,2025-12-02,74,3-star,XSpace Echo,Empyrean Wish
16269,381970,2025-12-02,75,3-star,XSpace Echo,Empyrean Wish
25181,381970,2025-12-02,76,3-star,Limited,Deepspace Wish
92597,381970,2025-12-03,77,3-star,Limited,Deepspace Wish
31050,381970,2025-12-03,78,3-star,XSpace Echo,Empyrean Wish
77907,381970,2025-12-04,79,3-star,Limited,Deepspace Wish
97505,381970,2025-12-04,80,4-star,Limited,Deepspace Wish
67968,381970,2025-12-05,81,3-star,XSpace Echo,Empyrean Wish
87277,381970,2025-12-05,82,3-star,Limited,Deepspace Wish
80153,381970,2025-12-05,83,4-star,Limited,Deepspace Wish
92208,381970,2025-12-06,84,3-star,Limited,Deepspace Wish
78964,381970,2025-12-06,85,3-star,Limited,Deepspace Wish
45957,381970,2025-12-07,86,3-star,Limited,Deepspace Wish
39169,381970,2025-12-07,87,3-star,Limited,Deepspace Wish
96415,381970,2025-12-08,88,3-star,Limited,Deepspace Wish
97190,381970,2025-12-09,89,3-star,Limited,Deepspace Wish
51121,381970,2025-12-09,90,4-star,Limited,Deepspace Wish
79249,381970,2025-12-11,91,3-star,XSpace Echo,Empyrean Wish
33492,381970,2025-12-12,92,4-star,XSpace Echo,Empyrean Wish
12527,381970,2025-12-12,93,3-star,XSpace Echo,Empyrean Wish
42096,381970,2025-12-12,94,4-star,Limited,Deepspace Wish
28790,381970,2025-12-13,95,3-star,XSpace Echo,Empyrean Wish
84697,381970,2025-12-13,96,3-star,Limited,Deepspace Wish
16999,381970,2025-12-13,97,3-star,XSpace Echo,Empyrean Wish
67610,381970,2025-12-13,98,3-star,Limited,Deepspace Wish
81240,381970,2025-12-14,99,3-star,XSpace Echo,Empyrean Wish
22011,381970,2025-12-15,100,3-star,Limited,Deepspace Wish
90381,381970,2025-12-15,101,3-star,XSpace Echo,Empyrean Wish
95257,381970,2025-12-16,102,3-star,XSpace Echo,Empyrean Wish
19519,381970,2025-12-17,103,3-star,XSpace Echo,Empyrean Wish
54551,381970,2025-12-18,104,4-star,Limited,Deepspace Wish
93819,381970,2025-12-18,105,4-star,XSpace Echo,Empyrean Wish
48169,381970,2025-12-18,106,3-star,XSpace Echo,Empyrean Wish
34982,381970,2025-12-20,107,3-star,Limited,Deepspace Wish
37081,381970,2025-12-20,108,3-star,Limited,Deepspace Wish
20313,381970,2025-12-22,109,3-star,XSpace Echo,Empyrean Wish
72494,381970,2025-12-23,110,3-star,Limited,Deepspace Wish
24462,381970,2025-12-24,111,3-star,XSpace Echo,Empyrean Wish
25319,381970,2025-12-24,112,3-star,XSpace Echo,Empyrean Wish
68602,381970,2025-12-24,113,3-star,XSpace Echo,Empyrean Wish
68966,381970,2025-12-24,114,3-star,Limited,Deepspace Wish
79713,381970,2025-12-24,115,4-star,XSpace Echo,Empyrean Wish
58542,381970,2025-12-24,116,3-star,XSpace Echo,Empyrean Wish
48656,381970,2025-12-25,117,3-star,Limited,Deepspace Wish
86622,381970,2025-12-25,118,3-star,XSpace Echo,Empyrean Wish
91914,381970,2025-12-26,119,5-star,Limited,Deepspace Wish
82526,381970,2025-12-26,120,3-star,XSpace Echo,Empyrean Wish
46039,381970,2025-12-26,121,3-star,XSpace Echo,Empyrean Wish
23761,381970,2025-12-28,122,3-star,Limited,Deepspace Wish
15904,381970,2025-12-28,123,3-star,XSpace Echo,Empyrean Wish
82884,381970,2025-12-30,124,3-star,Limited,Deepspace Wish
42345,381970,2025-12-30,125,3-star,Limited,Deepspace Wish
66178,381970,2025-12-30,126,3-star,Limited,Deepspace Wish
22573,381970,2025-12-31,127,3-star,XSpace Echo,Empyrean Wish
79238,381970,2025-12-31,128,3-star,XSpace Echo,Empyrean Wish
72380,381970,2025-12-31,129,4-star,Limited,Deepspace Wish
58530,676537,2025-04-17,1,3-star,Limited,Deepspace Wish
40267,676537,2025-04-21,2,3-star,Rippling Echo,Empyrean Wish
17585,676537,2025-04-24,3,3-star,Rippling Echo,Empyrean Wish
19808,676537,2025-04-29,4,3-star,Rippling Echo,Empyrean Wish
63976,676537,2025-05-05,5,3-star,XSpace Echo,Empyrean Wish
82924,676537,2025-05-05,6,3-star,XSpace Echo,Empyrean Wish
95318,676537,2025-05-11,7,3-star,Limited,Deepspace Wish
90229,676537,2025-05-15,8,3-star,Limited,Deepspace Wish
42069,676537,2025-05-16,9,4-star,Rippling Echo,Empyrean Wish
80279,676537,2025-05-17,10,3-star,Rippling Echo,Empyrean Wish
32951,676537,2025-05-19,11,3-star,XSpace Echo,Empyrean Wish
87101,676537,2025-05-20,12,3-star,XSpace Echo,Empyrean Wish
27604,676537,2025-05-21,13,3-star,Limited,Deepspace Wish
27344,676537,2025-05-22,14,3-star,Rippling Echo,Empyrean Wish
40151,676537,2025-05-22,15,3-star,Rippling Echo,Empyrean Wish
10315,676537,2025-06-02,16,4-star,Rippling Echo,Empyrean Wish
64213,676537,2025-06-04,17,3-star,Rippling Echo,Empyrean Wish
23268,676537,2025-06-04,18,3-star,Rippling Echo,Empyrean Wish
12857,676537,2025-06-08,19,4-star,XSpace Echo,Empyrean Wish
60658,676537,2025-06-09,20,3-star,XSpace Echo,Empyrean Wish
76935,676537,2025-06-13,21,3-star,XSpace Echo,Empyrean Wish
41979,676537,2025-06-22,22,3-star,XSpace Echo,Empyrean Wish
10908,676537,2025-07-01,23,3-star,XSpace Echo,Empyrean Wish
94311,676537,2025-07-01,24,3-star,XSpace Echo,Empyrean Wish
82630,676537,2025-07-02,25,3-star,XSpace Echo,Empyrean Wish
33340,676537,2025-07-05,26,3-star,Rippling Echo,Empyrean Wish
16291,676537,2025-07-06,27,3-star,Rippling Echo,Empyrean Wish
78832,676537,2025-07-13,28,4-star,Limited,Deepspace Wish
71153,676537,2025-07-14,29,3-star,Limited,Deepspace Wish
32227,676537,2025-07-20,30,3-star,XSpace Echo,Empyrean Wish
82069,676537,2025-08-03,31,3-star,Rippling Echo,Empyrean Wish
95372,676537,2025-08-07,32,3-star,Limited,Deepspace Wish
93724,676537,2025-08-11,33,3-star,Rippling Echo,Empyrean Wish
79957,676537,2025-08-12,34,3-star,Rippling Echo,Empyrean Wish
80225,676537,2025-08-21,35,3-star,Limited,Deepspace Wish
86545,676537,2025-08-22,36,3-star,Limited,Deepspace Wish
64542,676537,2025-08-27,37,3-star,XSpace Echo,Empyrean Wish
75107,676537,2025-09-02,38,4-star,Limited,Deepspace Wish
32632,676537,2025-09-08,39,3-star,Rippling Echo,Empyrean Wish
84716,676537,2025-09-09,40,3-star,XSpace Echo,Empyrean Wish
20762,676537,2025-09-16,41,3-star,Limited,Deepspace Wish
88229,676537,2025-09-23,42,3-star,Limited,Deepspace Wish
49645,676537,2025-09-29,43,3-star,Limited,Deepspace Wish
61154,676537,2025-10-03,44,3-star,XSpace Echo,Empyrean Wish
96024,676537,2025-10-05,45,3-star,XSpace Echo,Empyrean Wish
18671,676537,2025-10-15,46,3-star,Rippling Echo,Empyrean Wish
63612,676537,2025-10-24,47,3-star,XSpace Echo,Empyrean Wish
25245,676537,2025-10-29,48,4-star,Rippling Echo,Empyrean Wish
48227,676537,2025-10-30,49,3-star,Limited,Deepspace Wish
78579,676537,2025-11-03,50,3-star,Limited,Deepspace Wish
19643,676537,2025-11-03,51,3-star,XSpace Echo,Empyrean Wish
60410,676537,2025-11-05,52,3-star,XSpace Echo,Empyrean Wish
70628,676537,2025-11-05,53,3-star,XSpace Echo,Empyrean Wish
51086,676537,2025-11-14,54,3-star,Limited,Deepspace Wish
32802,676537,2025-11-20,55,3-star,Limited,Deepspace Wish
80358,676537,2025-11-25,56,3-star,XSpace Echo,Empyrean Wish
99668,676537,2025-11-28,57,3-star,Limited,Deepspace Wish
47897,676537,2025-11-29,58,4-star,Limited,Deepspace Wish
36865,676537,2025-12-01,59,3-star,Limited,Deepspace Wish
43388,676537,2025-12-03,60,3-star,Limited,Deepspace Wish
47293,676537,2025-12-07,61,3-star,Limited,Deepspace Wish
84283,676537,2025-12-09,62,3-star,Limited,Deepspace Wish
79674,676537,2025-12-10,63,3-star,Limited,Deepspace Wish
14024,676537,2025-12-12,64,3-star,XSpace Echo,Empyrean Wish
63175,676537,2025-12-13,65,5-star,Limited,Deepspace Wish
34042,676537,2025-12-14,66,3-star,Limited,Deepspace Wish
33000,676537,2025-12-16,67,3-star,Limited,Deepspace Wish
67157,676537,2025-12-19,68,3-star,Limited,Deepspace Wish
19515,676537,2025-12-24,69,3-star,Limited,Deepspace Wish
91701,676537,2025-12-25,70,3-star,XSpace Echo,Empyrean Wish
18688,676537,2025-12-27,71,3-star,XSpace Echo,Empyrean Wish
56540,676537,2025-12-29,72,3-star,XSpace Echo,Empyrean Wish
69355,676537,2025-12-30,73,3-star,Limited,Deepspace Wish
90596,676537,2025-12-31,74,3-star,Limited,Deepspace Wish
66307,385312,2025-12-30,1,3-star,Limited,Deepspace Wish
86556,771041,2025-09-18,1,3-star,XSpace Echo,Empyrean Wish
31020,771041,2025-09-29,2,3-star,Rippling Echo,Empyrean Wish
54638,771041,2025-10-07,3,3-star,Rippling Echo,Empyrean Wish
95676,771041,2025-11-18,4,3-star,Limited,Deepspace Wish
54887,771041,2025-11-30,5,3-star,Rippling Echo,Empyrean Wish
49901,396109,2025-06-13,1,3-star,XSpace Echo,Empyrean Wish
17388,396109,2025-06-19,2,3-star,Rippling Echo,Empyrean Wish
87984,396109,2025-06-30,3,3-star,Limited,Deepspace Wish
58566,396109,2025-08-22,4,3-star,Limited,Deepspace Wish
79223,396109,2025-08-24,5,3-star,Limited,Deepspace Wish
76600,396109,2025-08-26,6,3-star,Limited,Deepspace Wish
51867,396109,2025-08-30,7,3-star,Limited,Deepspace Wish
64405,396109,2025-09-03,8,3-star,XSpace Echo,Empyrean Wish
88623,396109,2025-09-24,9,3-star,Limited,Deepspace Wish
18344,396109,2025-11-05,10,4-star,XSpace Echo,Empyrean Wish
97644,396109,2025-11-17,11,3-star,Rippling Echo,Empyrean Wish
64458,396109,2025-11-24,12,3-star,XSpace Echo,Empyrean Wish
73052,396109,2025-12-21,13,3-star,Limited,Deepspace Wish
14435,396109,2025-12-21,14,3-star,Limited,Deepspace Wish
46329,609844,2025-05-04,1,3-star,Limited,Deepspace Wish
17209,609844,2025-05-07,2,3-star,Limited,Deepspace Wish
55289,609844,2025-05-22,3,3-star,Limited,Deepspace Wish
95350,609844,2025-05-22,4,3-star,Rippling Echo,Empyrean Wish
54692,609844,2025-05-28,5,3-star,Rippling Echo,Empyrean Wish
38837,609844,2025-05-30,6,3-star,Limited,Deepspace Wish
17674,609844,2025-06-01,7,3-star,Limited,Deepspace Wish
29999,609844,2025-06-09,8,3-star,Rippling Echo,Empyrean Wish
80525,609844,2025-06-09,9,4-star,Limited,Deepspace Wish
88455,609844,2025-06-14,10,3-star,XSpace Echo,Empyrean Wish
52031,609844,2025-06-20,11,3-star,Limited,Deepspace Wish
90452,609844,2025-06-22,12,3-star,XSpace Echo,Empyrean Wish
34567,609844,2025-06-27,13,3-star,Rippling Echo,Empyrean Wish
60270,609844,2025-06-29,14,3-star,Rippling Echo,Empyrean Wish
57882,609844,2025-07-04,15,3-star,Rippling Echo,Empyrean Wish
48996,609844,2025-07-10,16,3-star,Limited,Deepspace Wish
37485,609844,2025-07-13,17,3-star,XSpace Echo,Empyrean Wish
97973,609844,2025-07-17,18,3-star,XSpace Echo,Empyrean Wish
54307,609844,2025-07-20,19,4-star,Limited,Deepspace Wish
92808,609844,2025-07-22,20,3-star,XSpace Echo,Empyrean Wish
17118,609844,2025-07-30,21,3-star,Rippling Echo,Empyrean Wish
26230,609844,2025-08-01,22,3-star,Rippling Echo,Empyrean Wish
37984,609844,2025-08-07,23,3-star,Rippling Echo,Empyrean Wish
48458,609844,2025-08-08,24,3-star,Rippling Echo,Empyrean Wish
82427,609844,2025-08-12,25,3-star,XSpace Echo,Empyrean Wish
65098,609844,2025-08-18,26,3-star,Limited,Deepspace Wish
49175,609844,2025-08-22,27,3-star,Rippling Echo,Empyrean Wish
69606,609844,2025-08-24,28,3-star,Limited,Deepspace Wish
73819,609844,2025-08-28,29,5-star,XSpace Echo,Empyrean Wish
34668,609844,2025-08-30,30,3-star,Limited,Deepspace Wish
16322,609844,2025-09-02,31,4-star,Rippling Echo,Empyrean Wish
95519,609844,2025-09-05,32,3-star,XSpace Echo,Empyrean Wish
87562,609844,2025-09-05,33,3-star,XSpace Echo,Empyrean Wish
49050,609844,2025-09-10,34,3-star,XSpace Echo,Empyrean Wish
52534,609844,2025-09-13,35,3-star,Rippling Echo,Empyrean Wish
76433,609844,2025-09-23,36,3-star,Rippling Echo,Empyrean Wish
71523,609844,2025-09-26,37,3-star,Limited,Deepspace Wish
86593,609844,2025-09-26,38,3-star,XSpace Echo,Empyrean Wish
56010,609844,2025-09-27,39,3-star,Limited,Deepspace Wish
29059,609844,2025-10-05,40,3-star,XSpace Echo,Empyrean Wish
32183,609844,2025-10-08,41,4-star,XSpace Echo,Empyrean Wish
67257,609844,2025-10-11,42,3-star,XSpace Echo,Empyrean Wish
97497,609844,2025-10-12,43,4-star,Limited,Deepspace Wish
89973,609844,2025-10-14,44,3-star,Limited,Deepspace Wish
54126,609844,2025-10-14,45,3-star,Limited,Deepspace Wish
11504,609844,2025-10-14,46,3-star,Rippling Echo,Empyrean Wish
16457,609844,2025-10-19,47,3-star,Rippling Echo,Empyrean Wish
52121,609844,2025-10-27,48,3-star,Rippling Echo,Empyrean Wish
71145,609844,2025-11-05,49,3-star,Rippling Echo,Empyrean Wish
26145,609844,2025-11-09,50,3-star,Rippling Echo,Empyrean Wish
32918,609844,2025-11-15,51,3-star,Limited,Deepspace Wish
21372,609844,2025-11-16,52,4-star,Limited,Deepspace Wish
71169,609844,2025-11-20,53,3-star,XSpace Echo,Empyrean Wish
11206,609844,2025-12-04,54,5-star,Limited,Deepspace Wish
68366,609844,2025-12-18,55,3-star,XSpace Echo,Empyrean Wish
38066,609844,2025-12-23,56,3-star,XSpace Echo,Empyrean Wish
60721,609844,2025-12-26,57,3-star,Limited,Deepspace Wish
98832,609844,2025-12-31,58,3-star,XSpace Echo,Empyrean Wish
30682,926564,2025-10-03,1,3-star,Limited,Deepspace Wish
22275,926564,2025-11-30,2,3-star,Limited,Deepspace Wish
33301,338159,2025-07-13,1,3-star,Limited,Deepspace Wish
54553,338159,2025-07-29,2,3-star,Limited,Deepspace Wish
18443,338159,2025-08-03,3,3-star,Rippling Echo,Empyrean Wish
35407,338159,2025-08-04,4,3-star,Limited,Deepspace Wish
83813,338159,2025-08-07,5,3-star,Rippling Echo,Empyrean Wish
59644,338159,2025-08-15,6,3-star,Rippling Echo,Empyrean Wish
26550,338159,2025-08-16,7,3-star,XSpace Echo,Empyrean Wish
47612,338159,2025-08-17,8,3-star,XSpace Echo,Empyrean Wish
72660,338159,2025-09-06,9,4-star,Limited,Deepspace Wish
59466,338159,2025-09-14,10,3-star,Limited,Deepspace Wish
76135,338159,2025-09-19,11,4-star,Limited,Deepspace Wish
52889,338159,2025-09-19,12,3-star,Limited,Deepspace Wish
48667,338159,2025-09-22,13,3-star,Rippling Echo,Empyrean Wish
13614,338159,2025-10-15,14,3-star,Limited,Deepspace Wish
55132,338159,2025-10-18,15,3-star,Rippling Echo,Empyrean Wish
72074,338159,2025-11-09,16,3-star,Rippling Echo,Empyrean Wish
34283,338159,2025-11-09,17,3-star,XSpace Echo,Empyrean Wish
95653,338159,2025-11-14,18,3-star,Rippling Echo,Empyrean Wish
99342,338159,2025-11-16,19,3-star,XSpace Echo,Empyrean Wish
35228,338159,2025-11-28,20,3-star,Rippling Echo,Empyrean Wish
55886,338159,2025-12-08,21,4-star,Rippling Echo,Empyrean Wish
11531,338159,2025-12-08,22,3-star,Rippling Echo,Empyrean Wish
46245,338159,2025-12-11,23,3-star,Limited,Deepspace Wish
13880,338159,2025-12-11,24,3-star,XSpace Echo,Empyrean Wish
68322,338159,2026-01-01,25,3-star,Rippling Echo,Empyrean Wish
84699,123123,2025-02-28,1,3-star,Limited,Deepspace Wish
86433,123123,2025-07-10,2,3-star,Limited,Deepspace Wish
18853,123123,2025-07-17,3,3-star,Rippling Echo,Empyrean Wish
45544,123123,2025-07-29,4,3-star,Limited,Deepspace Wish
43136,123123,2025-09-01,5,4-star,Limited,Deepspace Wish
33503,123123,2025-10-24,6,3-star,Limited,Deepspace Wish
17329,880318,2025-02-09,1,3-star,XSpace Echo,Empyrean Wish
90696,880318,2025-02-17,2,3-star,Rippling Echo,Empyrean Wish
36840,880318,2025-02-25,3,3-star,XSpace Echo,Empyrean Wish
99330,880318,2025-03-02,4,3-star,Limited,Deepspace Wish
65089,880318,2025-03-04,5,3-star,Rippling Echo,Empyrean Wish
51572,880318,2025-03-13,6,3-star,Limited,Deepspace Wish
43972,880318,2025-03-22,7,3-star,Limited,Deepspace Wish
79265,880318,2025-03-28,8,3-star,XSpace Echo,Empyrean Wish
75420,880318,2025-04-06,9,3-star,Rippling Echo,Empyrean Wish
60768,880318,2025-04-07,10,4-star,Rippling Echo,Empyrean Wish
80141,880318,2025-04-10,11,3-star,Rippling Echo,Empyrean Wish
32543,880318,2025-04-12,12,3-star,Limited,Deepspace Wish
27761,880318,2025-04-14,13,4-star,Limited,Deepspace Wish
10512,880318,2025-04-21,14,3-star,XSpace Echo,Empyrean Wish
77421,880318,2025-04-28,15,3-star,Limited,Deepspace Wish
18320,880318,2025-05-07,16,3-star,XSpace Echo,Empyrean Wish
97656,880318,2025-05-08,17,3-star,Rippling Echo,Empyrean Wish
46707,880318,2025-06-06,18,3-star,XSpace Echo,Empyrean Wish
77357,880318,2025-06-08,19,3-star,Rippling Echo,Empyrean Wish
51973,880318,2025-06-09,20,3-star,XSpace Echo,Empyrean Wish
32228,880318,2025-06-14,21,3-star,XSpace Echo,Empyrean Wish
82970,880318,2025-06-14,22,3-star,Limited,Deepspace Wish
59599,880318,2025-06-17,23,4-star,Rippling Echo,Empyrean Wish
28338,880318,2025-06-20,24,3-star,Rippling Echo,Empyrean Wish
11159,880318,2025-07-12,25,4-star,Rippling Echo,Empyrean Wish
31635,880318,2025-07-14,26,3-star,XSpace Echo,Empyrean Wish
38428,880318,2025-07-16,27,3-star,XSpace Echo,Empyrean Wish
33290,880318,2025-07-17,28,3-star,Rippling Echo,Empyrean Wish
13649,880318,2025-07-20,29,3-star,Limited,Deepspace Wish
35286,880318,2025-07-21,30,3-star,Rippling Echo,Empyrean Wish
65292,880318,2025-07-22,31,3-star,Limited,Deepspace Wish
83032,880318,2025-07-24,32,4-star,Rippling Echo,Empyrean Wish
18095,880318,2025-08-02,33,3-star,Limited,Deepspace Wish
89828,880318,2025-08-02,34,3-star,Rippling Echo,Empyrean Wish
32607,880318,2025-08-02,35,3-star,Limited,Deepspace Wish
20194,880318,2025-08-12,36,3-star,Limited,Deepspace Wish
48491,880318,2025-09-12,37,3-star,Limited,Deepspace Wish
39154,880318,2025-09-14,38,3-star,Rippling Echo,Empyrean Wish
29328,880318,2025-09-18,39,5-star,Rippling Echo,Empyrean Wish
12697,880318,2025-09-21,40,3-star,Rippling Echo,Empyrean Wish
20373,880318,2025-09-24,41,3-star,Rippling Echo,Empyrean Wish
35291,880318,2025-09-27,42,3-star,XSpace Echo,Empyrean Wish
92829,880318,2025-10-01,43,3-star,Limited,Deepspace Wish
33985,880318,2025-10-13,44,3-star,XSpace Echo,Empyrean Wish
16681,880318,2025-10-14,45,3-star,XSpace Echo,Empyrean Wish
55447,880318,2025-10-29,46,3-star,Rippling Echo,Empyrean Wish
19869,880318,2025-10-31,47,3-star,Limited,Deepspace Wish
22730,880318,2025-11-02,48,3-star,Limited,Deepspace Wish
69527,880318,2025-11-03,49,4-star,Limited,Deepspace Wish
32579,880318,2025-11-03,50,3-star,Limited,Deepspace Wish
20466,880318,2025-11-08,51,3-star,XSpace Echo,Empyrean Wish
55512,880318,2025-11-10,52,3-star,Limited,Deepspace Wish
70578,880318,2025-11-17,53,4-star,Limited,Deepspace Wish
22207,880318,2025-11-24,54,3-star,Limited,Deepspace Wish
89475,880318,2025-11-28,55,3-star,XSpace Echo,Empyrean Wish
53304,880318,2025-12-01,56,3-star,XSpace Echo,Empyrean Wish
12570,880318,2025-12-07,57,3-star,XSpace Echo,Empyrean Wish
64666,880318,2025-12-14,58,3-star,XSpace Echo,Empyrean Wish
24751,880318,2025-12-17,59,3-star,XSpace Echo,Empyrean Wish
79270,880318,2025-12-17,60,3-star,Limited,Deepspace Wish
13252,880318,2025-12-25,61,3-star,Limited,Deepspace Wish
46766,160277,2025-11-11,1,3-star,Limited,Deepspace Wish
70097,160277,2025-11-18,2,3-star,Rippling Echo,Empyrean Wish
42532,160277,2025-11-19,3,4-star,Rippling Echo,Empyrean Wish
74551,160277,2025-12-07,4,3-star,XSpace Echo,Empyrean Wish
15568,160277,2025-12-12,5,3-star,Limited,Deepspace Wish
33435,160277,2025-12-21,6,3-star,Limited,Deepspace Wish
24232,614728,2025-07-18,1,3-star,Rippling Echo,Empyrean Wish
17276,614728,2025-08-17,2,3-star,Limited,Deepspace Wish
23588,614728,2025-10-16,3,3-star,Limited,Deepspace Wish
90973,614728,2025-11-25,4,5-star,Limited,Deepspace Wish
27420,614728,2025-12-20,5,3-star,Limited,Deepspace Wish
40061,313253,2025-08-10,1,4-star,Rippling Echo,Empyrean Wish
20461,313253,2025-08-22,2,3-star,Rippling Echo,Empyrean Wish
47859,313253,2025-08-29,3,3-star,XSpace Echo,Empyrean Wish
84036,313253,2025-09-02,4,3-star,Rippling Echo,Empyrean Wish
21316,313253,2025-09-04,5,3-star,Limited,Deepspace Wish
88624,313253,2025-09-27,6,3-star,Limited,Deepspace Wish
16126,313253,2025-10-15,7,3-star,Rippling Echo,Empyrean Wish
78791,313253,2025-10-17,8,3-star,Rippling Echo,Empyrean Wish
70623,313253,2025-11-17,9,3-star,Rippling Echo,Empyrean Wish
13608,313253,2025-11-30,10,3-star,XSpace Echo,Empyrean Wish
50200,313253,2025-12-06,11,4-star,Rippling Echo,Empyrean Wish
19952,313253,2025-12-22,12,3-star,Limited,Deepspace Wish
30461,910062,2025-05-19,1,3-star,Rippling Echo,Empyrean Wish
26218,910062,2025-05-24,2,3-star,XSpace Echo,Empyrean Wish
59631,910062,2025-05-31,3,3-star,Rippling Echo,Empyrean Wish
81057,910062,2025-07-10,4,4-star,Rippling Echo,Empyrean Wish
81499,910062,2025-07-17,5,3-star,Limited,Deepspace Wish
90526,910062,2025-07-22,6,3-star,Rippling Echo,Empyrean Wish
64380,910062,2025-08-11,7,3-star,XSpace Echo,Empyrean Wish
32314,910062,2025-09-08,8,3-star,Limited,Deepspace Wish
17043,910062,2025-09-10,9,3-star,Limited,Deepspace Wish
51930,910062,2025-09-10,10,3-star,XSpace Echo,Empyrean Wish
96987,910062,2025-09-19,11,5-star,Rippling Echo,Empyrean Wish
91117,910062,2025-11-03,12,3-star,Limited,Deepspace Wish
70496,910062,2025-11-03,13,3-star,Limited,Deepspace Wish
60145,910062,2025-12-12,14,3-star,Limited,Deepspace Wish
73547,910062,2025-12-14,15,3-star,Limited,Deepspace Wish
57870,910062,2025-12-18,16,3-star,Rippling Echo,Empyrean Wish
28534,427353,2025-01-28,1,3-star,Rippling Echo,Empyrean Wish
29204,427353,2025-02-04,2,3-star,Limited,Deepspace Wish
51324,427353,2025-02-09,3,3-star,Rippling Echo,Empyrean Wish
60716,427353,2025-02-12,4,3-star,Rippling Echo,Empyrean Wish
32747,427353,2025-02-14,5,4-star,Rippling Echo,Empyrean Wish
10149,427353,2025-02-25,6,3-star,Limited,Deepspace Wish
76116,427353,2025-02-27,7,3-star,XSpace Echo,Empyrean Wish
15805,427353,2025-03-07,8,3-star,Rippling Echo,Empyrean Wish
22310,427353,2025-03-13,9,3-star,XSpace Echo,Empyrean Wish
35062,427353,2025-03-14,10,3-star,XSpace Echo,Empyrean Wish
70186,427353,2025-03-23,11,3-star,Limited,Deepspace Wish
27719,427353,2025-03-28,12,3-star,Rippling Echo,Empyrean Wish
41152,427353,2025-03-28,13,3-star,Rippling Echo,Empyrean Wish
94729,427353,2025-04-02,14,3-star,Rippling Echo,Empyrean Wish
15061,427353,2025-04-02,15,4-star,Rippling Echo,Empyrean Wish
45141,427353,2025-04-03,16,3-star,XSpace Echo,Empyrean Wish
24197,427353,2025-04-10,17,3-star,Limited,Deepspace Wish
78891,427353,2025-04-13,18,3-star,Rippling Echo,Empyrean Wish
28050,427353,2025-04-17,19,3-star,Rippling Echo,Empyrean Wish
78168,427353,2025-04-23,20,3-star,Rippling Echo,Empyrean Wish
10569,427353,2025-04-24,21,3-star,Rippling Echo,Empyrean Wish
89267,427353,2025-04-28,22,3-star,Limited,Deepspace Wish
93696,427353,2025-04-29,23,3-star,Rippling Echo,Empyrean Wish
44653,427353,2025-05-10,24,3-star,Rippling Echo,Empyrean Wish
49299,427353,2025-05-12,25,4-star,Rippling Echo,Empyrean Wish
23624,427353,2025-05-15,26,3-star,XSpace Echo,Empyrean Wish
31338,427353,2025-05-21,27,3-star,Limited,Deepspace Wish
63058,427353,2025-05-23,28,3-star,Limited,Deepspace Wish
96551,427353,2025-05-26,29,3-star,Limited,Deepspace Wish
88046,427353,2025-06-02,30,3-star,Limited,Deepspace Wish
38102,427353,2025-06-06,31,4-star,Rippling Echo,Empyrean Wish
55072,427353,2025-06-11,32,3-star,Rippling Echo,Empyrean Wish
54532,427353,2025-06-15,33,3-star,Rippling Echo,Empyrean Wish
48645,427353,2025-06-17,34,3-star,Rippling Echo,Empyrean Wish
65121,427353,2025-06-24,35,3-star,Rippling Echo,Empyrean Wish
92092,427353,2025-06-25,36,3-star,Rippling Echo,Empyrean Wish
17479,427353,2025-06-25,37,3-star,XSpace Echo,Empyrean Wish
22812,427353,2025-06-25,38,3-star,Rippling Echo,Empyrean Wish
98284,427353,2025-06-28,39,3-star,Rippling Echo,Empyrean Wish
18002,427353,2025-07-01,40,3-star,Rippling Echo,Empyrean Wish
88941,427353,2025-07-03,41,4-star,Rippling Echo,Empyrean Wish
57501,427353,2025-07-06,42,3-star,Limited,Deepspace Wish
11907,427353,2025-07-15,43,3-star,Rippling Echo,Empyrean Wish
65670,427353,2025-07-16,44,3-star,Limited,Deepspace Wish
41793,427353,2025-07-19,45,3-star,Limited,Deepspace Wish
46990,427353,2025-07-20,46,3-star,Rippling Echo,Empyrean Wish
17368,427353,2025-07-23,47,3-star,Limited,Deepspace Wish
95014,427353,2025-07-23,48,3-star,Limited,Deepspace Wish
93323,427353,2025-07-30,49,3-star,Limited,Deepspace Wish
39358,427353,2025-08-05,50,3-star,XSpace Echo,Empyrean Wish
53701,427353,2025-08-06,51,4-star,XSpace Echo,Empyrean Wish
51501,427353,2025-08-07,52,3-star,XSpace Echo,Empyrean Wish
94844,427353,2025-08-09,53,3-star,Limited,Deepspace Wish
53907,427353,2025-08-11,54,3-star,Limited,Deepspace Wish
74780,427353,2025-08-12,55,3-star,Limited,Deepspace Wish
11304,427353,2025-08-15,56,3-star,XSpace Echo,Empyrean Wish
75908,427353,2025-08-16,57,5-star,Limited,Deepspace Wish
68731,427353,2025-08-21,58,4-star,Limited,Deepspace Wish
61538,427353,2025-08-22,59,3-star,Limited,Deepspace Wish
77849,427353,2025-08-29,60,3-star,XSpace Echo,Empyrean Wish
47273,427353,2025-08-30,61,3-star,Limited,Deepspace Wish
25563,427353,2025-09-02,62,3-star,XSpace Echo,Empyrean Wish
58830,427353,2025-09-14,63,3-star,Limited,Deepspace Wish
53201,427353,2025-09-22,64,3-star,XSpace Echo,Empyrean Wish
73093,427353,2025-09-26,65,3-star,Limited,Deepspace Wish
48081,427353,2025-09-27,66,3-star,Limited,Deepspace Wish
21288,427353,2025-10-04,67,3-star,Limited,Deepspace Wish
25848,427353,2025-10-06,68,4-star,Limited,Deepspace Wish
88196,427353,2025-10-07,69,4-star,Limited,Deepspace Wish
12263,427353,2025-10-16,70,3-star,XSpace Echo,Empyrean Wish
20074,427353,2025-10-18,71,3-star,XSpace Echo,Empyrean Wish
25567,427353,2025-10-22,72,4-star,XSpace Echo,Empyrean Wish
56210,427353,2025-10-28,73,3-star,Limited,Deepspace Wish
34412,427353,2025-11-03,74,3-star,Limited,Deepspace Wish
22385,427353,2025-11-14,75,3-star,XSpace Echo,Empyrean Wish
91439,427353,2025-11-17,76,3-star,Limited,Deepspace Wish
94488,427353,2025-11-27,77,3-star,XSpace Echo,Empyrean Wish
72957,427353,2025-12-13,78,3-star,Limited,Deepspace Wish
88963,427353,2025-12-14,79,3-star,Limited,Deepspace Wish
65659,427353,2025-12-21,80,3-star,XSpace Echo,Empyrean Wish
15827,427353,2025-12-23,81,3-star,Limited,Deepspace Wish
93642,427353,2025-12-25,82,4-star,Limited,Deepspace Wish
98033,427353,2025-12-29,83,3-star,Limited,Deepspace Wish
46435,427353,2025-12-31,84,3-star,Limited,Deepspace Wish
52574,401684,2025-06-14,1,4-star,Limited,Deepspace Wish
93134,924592,2025-05-05,1,3-star,Rippling Echo,Empyrean Wish
76509,924592,2025-05-10,2,3-star,Limited,Deepspace Wish
86906,924592,2025-05-11,3,3-star,Rippling Echo,Empyrean Wish
82184,924592,2025-05-19,4,4-star,Limited,Deepspace Wish
52800,924592,2025-06-09,5,4-star,Limited,Deepspace Wish
31098,924592,2025-06-11,6,3-star,XSpace Echo,Empyrean Wish
34805,924592,2025-06-12,7,4-star,Limited,Deepspace Wish
51955,924592,2025-06-14,8,3-star,Rippling Echo,Empyrean Wish
72884,924592,2025-06-23,9,3-star,Limited,Deepspace Wish
25195,924592,2025-06-24,10,3-star,Limited,Deepspace Wish
36204,924592,2025-06-27,11,3-star,Rippling Echo,Empyrean Wish
31237,924592,2025-07-05,12,3-star,Limited,Deepspace Wish
56466,924592,2025-07-09,13,3-star,XSpace Echo,Empyrean Wish
59433,924592,2025-07-12,14,3-star,Rippling Echo,Empyrean Wish
49803,924592,2025-07-15,15,3-star,Rippling Echo,Empyrean Wish
83490,924592,2025-07-19,16,3-star,XSpace Echo,Empyrean Wish
47469,924592,2025-07-21,17,4-star,XSpace Echo,Empyrean Wish
44407,924592,2025-07-25,18,3-star,XSpace Echo,Empyrean Wish
76736,924592,2025-08-03,19,4-star,XSpace Echo,Empyrean Wish
93453,924592,2025-08-07,20,3-star,Limited,Deepspace Wish
16551,924592,2025-08-11,21,3-star,Rippling Echo,Empyrean Wish
14402,924592,2025-08-18,22,3-star,Rippling Echo,Empyrean Wish
11812,924592,2025-08-23,23,3-star,XSpace Echo,Empyrean Wish
96606,924592,2025-09-10,24,4-star,XSpace Echo,Empyrean Wish
92121,924592,2025-09-15,25,3-star,Rippling Echo,Empyrean Wish
27379,924592,2025-09-28,26,3-star,Rippling Echo,Empyrean Wish
53944,924592,2025-09-30,27,3-star,XSpace Echo,Empyrean Wish
48356,924592,2025-10-01,28,3-star,Rippling Echo,Empyrean Wish
19537,924592,2025-10-10,29,3-star,Rippling Echo,Empyrean Wish
77843,924592,2025-10-12,30,3-star,Rippling Echo,Empyrean Wish
56509,924592,2025-10-18,31,3-star,Limited,Deepspace Wish
41959,924592,2025-10-20,32,3-star,Limited,Deepspace Wish
26561,924592,2025-10-26,33,3-star,Rippling Echo,Empyrean Wish
40395,924592,2025-11-01,34,4-star,XSpace Echo,Empyrean Wish
85002,924592,2025-11-02,35,3-star,XSpace Echo,Empyrean Wish
88922,924592,2025-11-11,36,3-star,XSpace Echo,Empyrean Wish
13412,924592,2025-11-30,37,4-star,Limited,Deepspace Wish
11729,924592,2025-11-30,38,3-star,Limited,Deepspace Wish
10164,924592,2025-12-04,39,3-star,Limited,Deepspace Wish
75846,924592,2025-12-15,40,3-star,XSpace Echo,Empyrean Wish
75585,924592,2025-12-19,41,3-star,Rippling Echo,Empyrean Wish
